-8.658575825393199921e-05,1.510702568339183927e-04,1.047362529789097607e-04,1.803007908165454865e-04,4.843930713832378387e-03,4.891105927526950836e-04,4.925973247736692429e-03,1.487871748395264149e-03,7.363733649253845215e-02,1.545954123139381409e-02,7.671236991882324219e-02,1.763672009110450745e-02,-3.118427121080458164e-04,-3.553732240106910467e-04,5.102523718960583210e-04,5.874201888218522072e-04,-4.072473966516554356e-04,1.351715298369526863e-03,1.918417518027126789e-03,3.872046247124671936e-03,4.344986081123352051e-01,6.869021803140640259e-02,4.369129240512847900e-01,1.214564964175224304e-01,1.266078352928161621e-01,5.361321941018104553e-02,1.530058085918426514e-01,9.509450197219848633e-02,-6.334414705634117126e-03,2.067374298349022865e-03,6.465735845267772675e-03,7.050217129290103912e-03,1.002879696898162365e-03,-1.002501812763512135e-03,1.751192961819469929e-03,2.696643350645899773e-03,5.019943118095397949e-01,-1.011874247342348099e-02,5.091208815574645996e-01,6.894368678331375122e-02,4.027933627367019653e-02,-3.725339099764823914e-02,6.619228422641754150e-02,8.405631780624389648e-02,-2.809802070260047913e-03,1.070910715498030186e-03,5.505941808223724365e-03,4.148954525589942932e-03,-4.576737410388886929e-05,-9.136649896390736103e-05,1.572469773236662149e-04,2.092173090204596519e-04,4.021691903471946716e-02,-1.540009770542383194e-02,4.110017046332359314e-02,1.648159138858318329e-02,2.991155162453651428e-02,-1.836030930280685425e-02,3.769550099968910217e-02,1.900695264339447021e-02,1.767325331456959248e-03,-1.571494038216769695e-03,1.882920856587588787e-03,1.642917515709996223e-03
2.332168864086270332e-03,2.216807100921869278e-03,3.183292690664529800e-03,3.557229647412896156e-03,-7.845190353691577911e-03,5.299670156091451645e-03,1.719188876450061798e-02,9.364136494696140289e-03,4.570862278342247009e-02,-3.380391374230384827e-02,4.570862278342247009e-02,3.853972256183624268e-02,3.764823544770479202e-03,-1.004117727279663086e-02,6.627247203141450882e-03,1.126268599182367325e-02,-3.798492997884750366e-02,-6.580107845366001129e-03,5.051000416278839111e-02,4.620160162448883057e-02,1.132676228880882263e-01,1.037643253803253174e-01,2.713904380798339844e-01,1.863100081682205200e-01,-1.539030522108078003e-01,2.114331871271133423e-01,2.955275774002075195e-01,3.877392709255218506e-01,-4.406171385198831558e-03,-2.685414999723434448e-02,2.301101014018058777e-02,2.685414999723434448e-02,-1.158194802701473236e-02,-1.141848787665367126e-02,2.866578288376331329e-02,4.092442989349365234e-02,1.268217116594314575e-01,-1.705639809370040894e-01,2.899104058742523193e-01,2.637993395328521729e-01,-1.714860200881958008e-01,-2.989176511764526367e-01,2.526458799839019775e-01,3.979540765285491943e-01,-1.820992864668369293e-02,-1.180802471935749054e-02,2.342137135565280914e-02,2.441508881747722626e-02,-2.504704985767602921e-03,-2.929595299065113068e-03,3.120524575933814049e-03,4.367815796285867691e-03,-7.155226543545722961e-03,1.140798628330230713e-02,1.260798610746860504e-02,1.944225281476974487e-02,-1.497032470069825649e-03,-7.816806435585021973e-03,2.776745334267616272e-02,1.979315839707851410e-02,3.004286438226699829e-03,3.546801395714282990e-03,5.485303234308958054e-03,4.700649529695510864e-03
1.696452818578109145e-04,-7.724876923020929098e-05,2.505187294445931911e-04,1.074346291716210544e-04,8.864309638738632202e-02,-2.056471258401870728e-02,8.943106234073638916e-02,2.098399400711059570e-02,-9.435703395865857601e-04,1.802871993277221918e-04,1.844863989390432835e-03,6.135107250884175301e-04,-1.041699782945215702e-03,-9.069327497854828835e-04,1.049365964718163013e-03,9.316099458374083042e-04,6.090108072385191917e-04,1.467935973778367043e-03,1.356004620902240276e-03,1.905961544252932072e-03,4.231824278831481934e-01,3.567781299352645874e-02,4.303454756736755371e-01,1.294392496347427368e-01,1.962494105100631714e-01,1.641620509326457977e-02,2.080839425325393677e-01,1.175601109862327576e-01,-2.178210392594337463e-02,-4.434974864125251770e-03,2.714170329272747040e-02,8.332418277859687805e-03,8.864299161359667778e-04,-8.118638070300221443e-04,9.878597920760512352e-04,1.681280322372913361e-03,4.443897008895874023e-01,-5.554942414164543152e-02,4.466392099857330322e-01,1.281618922948837280e-01,1.680387407541275024e-01,-4.935890436172485352e-02,1.816809922456741333e-01,8.498556166887283325e-02,-1.844706013798713684e-02,3.409104887396097183e-03,2.882661856710910797e-02,6.039846222847700119e-03,1.161924592452123761e-04,-2.241540496470406651e-04,1.161924592452123761e-04,2.305341186001896858e-04,5.002683028578758240e-03,-5.313226953148841858e-03,5.313562229275703430e-03,5.916577763855457306e-03,8.012035489082336426e-02,-3.173555061221122742e-02,8.103152364492416382e-02,3.208542242646217346e-02,-1.369051518850028515e-03,8.952542557381093502e-04,1.733460114337503910e-03,9.504194604232907295e-04
-1.384746516123414040e-03,4.349079972598701715e-04,2.094765426591038704e-03,6.775684305466711521e-04,6.875920109450817108e-03,1.179204322397708893e-03,8.062871173024177551e-03,4.597301594913005829e-03,1.654696092009544373e-02,2.049031481146812439e-02,1.654696092009544373e-02,2.049031481146812439e-02,3.015616675838828087e-03,5.663780029863119125e-03,3.015616675838828087e-03,5.663780029863119125e-03,1.562889519846066833e-04,7.006435655057430267e-03,9.643269702792167664e-03,8.254341781139373779e-03,2.025354802608489990e-01,1.788579672574996948e-01,2.025354802608489990e-01,2.025567293167114258e-01,2.388562262058258057e-01,3.449910283088684082e-01,3.116042912006378174e-01,3.879629075527191162e-01,1.815257035195827484e-02,3.532403334975242615e-02,2.124836109578609467e-02,4.546906799077987671e-02,6.910345982760190964e-03,1.258537755347788334e-03,7.426294032484292984e-03,6.218939088284969330e-03,2.763220369815826416e-01,1.624261587858200073e-02,2.810992598533630371e-01,1.179174557328224182e-01,3.045684695243835449e-01,-9.480940178036689758e-03,3.380028903484344482e-01,1.591933816671371460e-01,2.719387598335742950e-02,3.641818091273307800e-02,2.967772260308265686e-02,4.767520725727081299e-02,2.711379667744040489e-03,4.078822967130690813e-04,2.711379667744040489e-03,1.053948421031236649e-03,3.253533691167831421e-02,1.843418180942535400e-02,3.253533691167831421e-02,1.853515580296516418e-02,4.682403802871704102e-02,1.734076999127864838e-02,4.682403802871704102e-02,1.980398781597614288e-02,6.759417708963155746e-03,2.253938466310501099e-03,6.759417708963155746e-03,2.253938466310501099e-03
5.142193404026329517e-04,3.113287384621798992e-04,5.142193404026329517e-04,3.853258094750344753e-04,9.028953500092029572e-03,4.850540310144424438e-03,9.215055964887142181e-03,5.206416826695203781e-03,-6.375800818204879761e-03,-6.779231131076812744e-03,9.661930613219738007e-03,1.273534633219242096e-02,2.015800448134541512e-03,-2.499665133655071259e-03,2.018786733970046043e-03,2.546402858570218086e-03,6.312212906777858734e-03,8.169865235686302185e-03,6.312212906777858734e-03,8.169865235686302185e-03,2.124160528182983398e-01,1.839941740036010742e-01,2.124160528182983398e-01,1.839941740036010742e-01,-2.340825647115707397e-01,2.238926589488983154e-01,2.979895770549774170e-01,3.670566678047180176e-01,1.055245194584131241e-02,-5.034786227042786777e-05,1.518168766051530838e-02,2.032864280045032501e-02,8.659093640744686127e-03,-4.501269664615392685e-03,8.659093640744686127e-03,5.528286565095186234e-03,1.962800920009613037e-01,-1.699679046869277954e-01,2.393914312124252319e-01,1.805476993322372437e-01,-2.627398669719696045e-01,-2.782488167285919189e-01,2.971809506416320801e-01,3.423748910427093506e-01,1.215550210326910019e-02,-7.331410422921180725e-03,1.672719605267047882e-02,1.386590301990509033e-02,5.042682169005274773e-04,6.216188194230198860e-05,5.042682169005274773e-04,6.216188194230198860e-05,-5.031642038375139236e-03,-2.078554389299824834e-04,1.169415283948183060e-02,8.812450803816318512e-03,-5.388297140598297119e-04,2.414898760616779327e-02,1.551689952611923218e-02,2.814287692308425903e-02,-5.577608244493603706e-04,2.942740102298557758e-04,2.430472755804657936e-03,1.181544503197073936e-03
0.000000000000000000e+00,0.000000000000000000e+00,0.000000000000000000e+00,0.000000000000000000e+00,1.494476757943630219e-02,-1.118153426796197891e-02,2.220592461526393890e-02,2.551119029521942139e-02,1.023100614547729492e-01,-1.117041558027267456e-01,1.288207322359085083e-01,1.351726800203323364e-01,1.216083243489265442e-01,-1.270225197076797485e-01,1.268281787633895874e-01,1.281693875789642334e-01,0.000000000000000000e+00,0.000000000000000000e+00,0.000000000000000000e+00,0.000000000000000000e+00,2.522774338722229004e-01,6.984660029411315918e-02,2.522774338722229004e-01,1.838818788528442383e-01,-5.194929987192153931e-02,1.117442548274993896e-01,4.348017573356628418e-01,4.363033771514892578e-01,4.521999508142471313e-02,-7.212825864553451538e-02,9.265019744634628296e-02,1.254521310329437256e-01,0.000000000000000000e+00,0.000000000000000000e+00,0.000000000000000000e+00,0.000000000000000000e+00,1.049974560737609863e-01,-1.049974560737609863e-01,1.049974560737609863e-01,1.049974560737609863e-01,-5.041606724262237549e-02,-2.538142204284667969e-01,2.316465973854064941e-01,3.442719876766204834e-01,-3.178117331117391586e-04,-2.858880721032619476e-02,1.168424729257822037e-02,3.022600524127483368e-02,0.000000000000000000e+00,0.000000000000000000e+00,0.000000000000000000e+00,0.000000000000000000e+00,0.000000000000000000e+00,0.000000000000000000e+00,0.000000000000000000e+00,0.000000000000000000e+00,0.000000000000000000e+00,0.000000000000000000e+00,0.000000000000000000e+00,0.000000000000000000e+00,5.144651513546705246e-04,-6.704084080411121249e-05,5.144651513546705246e-04,1.762596075423061848e-04
3.341788442412507720e-06,2.716091985348612070e-04,6.817850517109036446e-04,8.913291385397315025e-04,2.419670671224594116e-02,1.809464022517204285e-02,2.464517578482627869e-02,1.851904205977916718e-02,7.641520351171493530e-02,4.623590968549251556e-03,7.641520351171493530e-02,2.908764965832233429e-02,8.902698755264282227e-03,-3.768102265894412994e-03,8.902698755264282227e-03,6.742512341588735580e-03,1.274351961910724640e-03,-1.419168431311845779e-03,5.150867160409688950e-03,4.886292852461338043e-03,3.548559844493865967e-01,3.741461038589477539e-02,3.548559844493865967e-01,7.608649879693984985e-02,2.672591805458068848e-01,1.361919790506362915e-01,2.672591805458068848e-01,1.565050929784774780e-01,5.046518892049789429e-02,-2.301796106621623039e-03,5.046518892049789429e-02,1.312247477471828461e-02,2.320551779121160507e-03,1.106541138142347336e-03,3.335491754114627838e-03,2.946733031421899796e-03,3.393470346927642822e-01,-1.094642654061317444e-01,3.393470346927642822e-01,1.104751005768775940e-01,2.901600003242492676e-01,-1.968193054199218750e-01,3.063098490238189697e-01,2.264455258846282959e-01,1.223074644804000854e-02,-5.309694260358810425e-02,2.049149014055728912e-02,5.309694260358810425e-02,0.000000000000000000e+00,0.000000000000000000e+00,0.000000000000000000e+00,0.000000000000000000e+00,8.941639214754104614e-03,-6.049356888979673386e-03,8.941639214754104614e-03,6.049356888979673386e-03,2.212703600525856018e-02,-4.826704785227775574e-02,2.719335816800594330e-02,4.836255311965942383e-02,-3.042933531105518341e-03,-9.898410178720951080e-03,3.168778959661722183e-03,9.903006255626678467e-03
3.755211830139160156e-02,2.400309778749942780e-02,5.324289202690124512e-02,3.044734336435794830e-02,1.031401976943016052e-01,9.447048418223857880e-03,1.031401976943016052e-01,1.748769171535968781e-02,0.000000000000000000e+00,0.000000000000000000e+00,0.000000000000000000e+00,0.000000000000000000e+00,0.000000000000000000e+00,0.000000000000000000e+00,0.000000000000000000e+00,0.000000000000000000e+00,3.320831358432769775e-01,3.257383033633232117e-02,4.328069388866424561e-01,9.027631580829620361e-02,1.661321893334388733e-02,-3.219663351774215698e-02,2.353150546550750732e-01,1.220968514680862427e-01,1.062569469213485718e-01,-5.430597811937332153e-02,1.062569469213485718e-01,1.229385435581207275e-01,0.000000000000000000e+00,0.000000000000000000e+00,0.000000000000000000e+00,0.000000000000000000e+00,3.785225749015808105e-01,-2.767377533018589020e-02,5.299759507179260254e-01,5.325602740049362183e-02,5.961867794394493103e-02,3.053662739694118500e-02,2.210245281457901001e-01,1.746352016925811768e-01,1.122726127505302429e-01,6.085024774074554443e-02,1.122726127505302429e-01,7.596181333065032959e-02,0.000000000000000000e+00,0.000000000000000000e+00,0.000000000000000000e+00,0.000000000000000000e+00,5.090919509530067444e-02,1.789043284952640533e-02,5.695569142699241638e-02,2.219569310545921326e-02,1.596705056726932526e-02,6.762970238924026489e-03,1.596705056726932526e-02,7.225676439702510834e-03,0.000000000000000000e+00,0.000000000000000000e+00,0.000000000000000000e+00,0.000000000000000000e+00,0.000000000000000000e+00,0.000000000000000000e+00,0.000000000000000000e+00,0.000000000000000000e+00
0.000000000000000000e+00,0.000000000000000000e+00,0.000000000000000000e+00,0.000000000000000000e+00,6.730922032147645950e-03,-2.549027340137399733e-05,6.730922032147645950e-03,2.774355700239539146e-03,4.821347445249557495e-02,-1.247033197432756424e-02,5.962701514363288879e-02,2.426253631711006165e-02,3.029719926416873932e-02,-2.097112126648426056e-02,4.001669213175773621e-02,2.459974400699138641e-02,0.000000000000000000e+00,0.000000000000000000e+00,0.000000000000000000e+00,0.000000000000000000e+00,6.484240293502807617e-02,4.889130964875221252e-02,6.484240293502807617e-02,5.980378389358520508e-02,1.224560383707284927e-02,6.438954919576644897e-02,1.582828462123870850e-01,1.542686372995376587e-01,4.166002571582794189e-01,-2.827212028205394745e-02,5.507354736328125000e-01,1.348396241664886475e-01,0.000000000000000000e+00,0.000000000000000000e+00,0.000000000000000000e+00,0.000000000000000000e+00,8.376230299472808838e-02,-4.069834947586059570e-02,8.376230299472808838e-02,5.972035229206085205e-02,5.881471559405326843e-03,-2.580977417528629303e-02,3.375080823898315430e-01,2.552452981472015381e-01,2.532917857170104980e-01,-3.587209805846214294e-02,3.892550766468048096e-01,8.042051643133163452e-02,0.000000000000000000e+00,0.000000000000000000e+00,0.000000000000000000e+00,0.000000000000000000e+00,8.171897381544113159e-03,-2.357743680477142334e-03,8.171897381544113159e-03,2.681546611711382866e-03,4.628265742212533951e-03,-5.332686007022857666e-03,1.660395041108131409e-02,1.265189703553915024e-02,3.314046561717987061e-02,-7.732381112873554230e-03,4.426636174321174622e-02,1.204486191272735596e-02
3.753260010853409767e-03,1.431222818791866302e-02,4.076332785189151764e-03,1.431222818791866302e-02,4.249807819724082947e-02,-1.884770113974809647e-03,4.848835617303848267e-02,5.229263380169868469e-02,6.695294287055730820e-03,-5.938213691115379333e-02,1.884923689067363739e-02,7.355339080095291138e-02,-5.212694872170686722e-03,-9.190624579787254333e-03,5.584264639765024185e-03,9.210037067532539368e-03,-1.794601976871490479e-02,-4.733215644955635071e-02,2.237412333488464355e-02,4.989331215620040894e-02,2.999402880668640137e-01,2.594652352854609489e-03,3.588988482952117920e-01,1.964046955108642578e-01,8.115176856517791748e-02,3.269127011299133301e-01,1.137689501047134399e-01,3.933444619178771973e-01,-1.899142004549503326e-02,4.463175311684608459e-02,2.031683363020420074e-02,4.803184419870376587e-02,2.466025389730930328e-02,3.374089300632476807e-02,2.729211561381816864e-02,3.724881261587142944e-02,3.805483579635620117e-01,-4.662150517106056213e-02,3.805483579635620117e-01,1.659496128559112549e-01,1.510221809148788452e-01,-1.570705771446228027e-01,1.647312641143798828e-01,1.738377213478088379e-01,-3.115085139870643616e-02,-2.189986035227775574e-02,3.115085139870643616e-02,2.189986035227775574e-02,2.137477044016122818e-03,2.928255591541528702e-03,2.138712210580706596e-03,3.035414963960647583e-03,4.826252814382314682e-03,1.962176756933331490e-03,8.591421879827976227e-03,6.415880750864744186e-03,1.456373091787099838e-02,-3.394093364477157593e-02,1.646954379975795746e-02,3.394093364477157593e-02,-2.682450227439403534e-03,-5.839889869093894958e-03,2.725062426179647446e-03,5.903577432036399841e-03
1.131206052377820015e-03,1.760789600666612387e-04,1.875292975455522537e-03,1.903015421703457832e-03,-1.149800606071949005e-03,2.073228359222412109e-03,1.932196691632270813e-02,3.925041481852531433e-02,-1.064491644501686096e-02,4.039651155471801758e-02,1.943724229931831360e-02,6.259647756814956665e-02,-1.939854701049625874e-03,5.944653879851102829e-03,3.631652798503637314e-03,6.728419102728366852e-03,-2.639048965647816658e-03,-1.012163516134023666e-02,1.064727175980806351e-02,1.122838165611028671e-02,2.620657980442047119e-01,1.689673960208892822e-01,3.278147280216217041e-01,2.047424763441085815e-01,-1.463143974542617798e-01,2.189754992723464966e-01,2.496389150619506836e-01,2.884480357170104980e-01,-2.947380393743515015e-02,8.065916597843170166e-03,3.218397125601768494e-02,1.876359991729259491e-02,3.346111725477385335e-06,-9.261186234652996063e-03,2.011826075613498688e-02,1.095771230757236481e-02,2.856626510620117188e-01,-2.563624382019042969e-01,2.856626510620117188e-01,2.617326378822326660e-01,-1.351822614669799805e-01,-3.043889999389648438e-01,1.562619358301162720e-01,3.043889999389648438e-01,-2.069589495658874512e-02,-9.115493856370449066e-03,2.146741189062595367e-02,1.487271580845117569e-02,1.471604919061064720e-03,4.508010460995137691e-04,3.991217352449893951e-03,8.263271301984786987e-04,1.258821878582239151e-02,2.148796571418642998e-03,1.258821878582239151e-02,2.148796571418642998e-03,-5.700503475964069366e-03,-1.635598018765449524e-03,1.211923081427812576e-02,2.178618917241692543e-03,-1.608509570360183716e-03,-8.772328146733343601e-05,2.063082065433263779e-03,1.603310229256749153e-04
0.000000000000000000e+00,0.000000000000000000e+00,0.000000000000000000e+00,0.000000000000000000e+00,6.024400144815444946e-02,-9.675977751612663269e-03,6.024400144815444946e-02,1.223462168127298355e-02,-3.195040300488471985e-02,-2.767222560942173004e-02,6.554149836301803589e-02,3.743045404553413391e-02,2.583101857453584671e-03,-8.106551103992387652e-05,2.822753274813294411e-03,6.972192786633968353e-04,0.000000000000000000e+00,0.000000000000000000e+00,0.000000000000000000e+00,0.000000000000000000e+00,2.422692626714706421e-02,-9.592642076313495636e-03,2.422692626714706421e-02,1.931766606867313385e-02,2.789571583271026611e-01,4.235496371984481812e-02,5.277516841888427734e-01,1.419660896062850952e-01,-4.421220719814300537e-02,1.537399832159280777e-02,4.880600422620773315e-02,2.055696770548820496e-02,0.000000000000000000e+00,0.000000000000000000e+00,0.000000000000000000e+00,0.000000000000000000e+00,6.445837672799825668e-03,-5.205417983233928680e-03,6.445837672799825668e-03,5.685696844011545181e-03,3.886163234710693359e-01,-1.199184358119964600e-02,6.540990471839904785e-01,7.889290899038314819e-02,-6.032107025384902954e-02,9.297947399318218231e-03,6.218085438013076782e-02,1.576006412506103516e-02,0.000000000000000000e+00,0.000000000000000000e+00,0.000000000000000000e+00,0.000000000000000000e+00,1.395471190335229039e-04,4.529280704446136951e-05,1.395471190335229039e-04,7.584835111629217863e-05,4.290595650672912598e-02,-1.005209330469369888e-02,6.819979101419448853e-02,1.342555787414312363e-02,6.857090047560632229e-04,-4.831317346543073654e-05,8.290311321616172791e-03,4.047211259603500366e-03
6.575766601599752903e-04,-1.467643887735903263e-04,7.016599411144852638e-04,5.214392440393567085e-04,6.685909815132617950e-03,5.235943826846778393e-04,6.685909815132617950e-03,5.235943826846778393e-04,4.910023882985115051e-03,-3.437969600781798363e-03,1.465144380927085876e-02,8.428025990724563599e-03,-4.538280772976577282e-04,1.062215655110776424e-03,1.323225325904786587e-03,1.805932028219103813e-03,6.547407712787389755e-03,2.385316183790564537e-03,6.547407712787389755e-03,5.222199950367212296e-03,2.164062857627868652e-01,6.815282255411148071e-02,2.164062857627868652e-01,6.815282255411148071e-02,6.651349365711212158e-02,4.237593114376068115e-01,1.880466639995574951e-01,4.261674284934997559e-01,-2.872532606124877930e-02,2.620874159038066864e-02,3.124128095805644989e-02,3.325995802879333496e-02,4.712128546088933945e-03,4.836292355321347713e-04,4.712128546088933945e-03,3.416332649067044258e-03,2.781442999839782715e-01,-4.145944863557815552e-02,2.813161909580230713e-01,9.223554283380508423e-02,9.728531539440155029e-02,-3.265275955200195312e-01,2.472133338451385498e-01,3.752664029598236084e-01,-4.928371310234069824e-02,-2.667787857353687286e-02,5.260904878377914429e-02,3.022143617272377014e-02,6.318704690784215927e-04,1.542898826301097870e-04,6.318704690784215927e-04,3.380325215402990580e-04,9.360625408589839935e-03,2.753010950982570648e-03,9.360625408589839935e-03,4.621112719178199768e-03,2.799689827952533960e-04,-4.150087013840675354e-03,4.854060243815183640e-03,7.568817585706710815e-03,3.800543490797281265e-04,9.780456312000751495e-04,7.536616176366806030e-04,1.563370227813720703e-03
0.000000000000000000e+00,0.000000000000000000e+00,0.000000000000000000e+00,0.000000000000000000e+00,-3.891914384439587593e-04,1.344983757007867098e-04,1.637103268876671791e-03,2.123248297721147537e-03,6.480276584625244141e-02,2.708002226427197456e-03,7.279536873102188110e-02,9.193555451929569244e-03,-7.878437638282775879e-03,-5.822626408189535141e-04,9.773593395948410034e-03,1.198698068037629128e-03,0.000000000000000000e+00,3.802982973866164684e-04,0.000000000000000000e+00,3.802982973866164684e-04,-1.500935479998588562e-02,-4.528746474534273148e-03,2.614639140665531158e-02,1.735590770840644836e-02,4.483512043952941895e-01,-1.945323683321475983e-02,4.919190704822540283e-01,1.022864878177642822e-01,-4.207555204629898071e-02,-4.754166118800640106e-03,5.076988041400909424e-02,2.136502973735332489e-02,0.000000000000000000e+00,-2.633928088471293449e-04,0.000000000000000000e+00,2.633928088471293449e-04,-2.130680531263351440e-02,4.614616278558969498e-03,3.389609977602958679e-02,1.716906949877738953e-02,3.985038399696350098e-01,2.101659029722213745e-02,5.812564492225646973e-01,1.263217478990554810e-01,-1.653074286878108978e-02,6.714478600770235062e-03,3.458083420991897583e-02,5.790812149643898010e-02,0.000000000000000000e+00,0.000000000000000000e+00,0.000000000000000000e+00,0.000000000000000000e+00,-1.185732311569154263e-03,1.521937083452939987e-03,4.379767924547195435e-03,3.663974115625023842e-03,6.560547649860382080e-02,4.751503467559814453e-03,7.697784900665283203e-02,1.179289352148771286e-02,-5.329950712621212006e-03,-1.020575058646500111e-03,5.606086459010839462e-03,1.568449661135673523e-03
-4.447458486538380384e-04,3.370705817360430956e-04,1.205888809636235237e-03,1.293951994739472866e-03,2.754439134150743484e-03,-5.960329435765743256e-03,8.332289755344390869e-03,1.228962931782007217e-02,7.219873368740081787e-03,5.157589912414550781e-04,9.150948375463485718e-03,5.174061283469200134e-03,1.407844852656126022e-02,5.796632263809442520e-03,1.407844852656126022e-02,5.796632263809442520e-03,-1.860218122601509094e-03,-1.739270519465208054e-03,6.934632081538438797e-03,1.274182461202144623e-02,1.813699007034301758e-01,1.481471955776214600e-01,2.016879469156265259e-01,1.905399262905120850e-01,-3.797976672649383545e-02,3.146868646144866943e-01,1.987498998641967773e-01,3.488937914371490479e-01,1.550710052251815796e-01,1.109487470239400864e-02,1.550710052251815796e-01,2.264938876032829285e-02,-6.626019719988107681e-03,3.506955690681934357e-03,8.919270709156990051e-03,1.070784870535135269e-02,3.068467676639556885e-01,-1.184175387024879456e-01,3.179059624671936035e-01,1.788600385189056396e-01,-1.714042425155639648e-01,-2.902758121490478516e-01,2.753541171550750732e-01,2.902758121490478516e-01,1.407109647989273071e-01,-2.385107055306434631e-02,1.407109647989273071e-01,2.409371547400951385e-02,0.000000000000000000e+00,0.000000000000000000e+00,0.000000000000000000e+00,0.000000000000000000e+00,-2.062845043838024139e-03,4.414944909512996674e-03,2.595457015559077263e-03,4.414944909512996674e-03,2.201360184699296951e-03,-1.280640950426459312e-03,8.017962798476219177e-03,4.931838251650333405e-03,1.575403474271297455e-02,-4.535067826509475708e-03,1.575403474271297455e-02,4.640212282538414001e-03
3.250640118494629860e-03,-6.768129765987396240e-03,4.114299081265926361e-03,6.768129765987396240e-03,3.429205343127250671e-02,-9.289031848311424255e-03,3.739356249570846558e-02,1.165201701223850250e-02,-5.874971975572407246e-04,-2.470859617460519075e-04,7.081995718181133270e-03,1.011917483992874622e-03,0.000000000000000000e+00,0.000000000000000000e+00,0.000000000000000000e+00,0.000000000000000000e+00,1.273122499696910381e-03,-1.264321338385343552e-02,1.303229946643114090e-02,1.353455707430839539e-02,4.052067399024963379e-01,-5.193804949522018433e-02,5.239216089248657227e-01,1.073844879865646362e-01,4.601295664906501770e-02,1.320826471783220768e-03,1.159024015069007874e-01,1.561817992478609085e-02,0.000000000000000000e+00,0.000000000000000000e+00,0.000000000000000000e+00,0.000000000000000000e+00,-4.217230714857578278e-03,-8.629893884062767029e-03,1.945368014276027679e-02,1.172395888715982437e-02,4.485004842281341553e-01,3.074006363749504089e-02,5.535674691200256348e-01,5.545110255479812622e-02,3.824105858802795410e-02,2.915833145380020142e-03,7.150960713624954224e-02,1.756175234913825989e-02,0.000000000000000000e+00,0.000000000000000000e+00,0.000000000000000000e+00,0.000000000000000000e+00,2.205733908340334892e-03,-7.710356730967760086e-04,4.246149212121963501e-03,7.784914341755211353e-04,6.169518455862998962e-02,4.834818653762340546e-03,6.925948709249496460e-02,6.004893220961093903e-03,3.035695408470928669e-04,-6.411275826394557953e-04,2.695769537240266800e-03,1.408775919117033482e-03,0.000000000000000000e+00,0.000000000000000000e+00,0.000000000000000000e+00,0.000000000000000000e+00
5.495457444339990616e-04,-1.313554705120623112e-03,9.734287741594016552e-04,1.313554705120623112e-03,2.641290239989757538e-02,5.690229590982198715e-03,2.641290239989757538e-02,1.401689648628234863e-02,6.079595908522605896e-02,3.767903521656990051e-02,6.384724378585815430e-02,4.224956780672073364e-02,-6.516008172184228897e-03,-4.099185112863779068e-03,6.976577453315258026e-03,6.462493911385536194e-03,6.651628646068274975e-04,-1.840848126448690891e-03,3.872718894854187965e-03,3.751688869670033455e-03,3.906227946281433105e-01,1.563352048397064209e-01,3.906227946281433105e-01,1.598215550184249878e-01,-1.113399281166493893e-03,-1.647685319185256958e-01,3.013173341751098633e-01,2.363588213920593262e-01,-3.599552437663078308e-02,-2.822572737932205200e-02,3.608782216906547546e-02,2.933610416948795319e-02,2.669880632311105728e-03,4.407010506838560104e-03,6.039802450686693192e-03,6.031697615981101990e-03,1.545554995536804199e-01,-2.640707790851593018e-01,1.779833436012268066e-01,2.688382565975189209e-01,-3.220723941922187805e-02,-3.438868820667266846e-01,1.345031559467315674e-01,3.438868820667266846e-01,-1.544428174383938313e-03,6.650562863796949387e-04,5.165487527847290039e-03,5.165487993508577347e-03,3.603513177949935198e-04,-5.764993838965892792e-04,6.772340275347232819e-04,6.071627140045166016e-04,-6.453525740653276443e-03,2.177144633606076241e-03,9.466724470257759094e-03,6.532109808176755905e-03,6.294300779700279236e-03,-5.770108196884393692e-03,1.341533660888671875e-02,1.191745791584253311e-02,3.837604774162173271e-03,-2.685288432985544205e-03,3.868267638608813286e-03,2.715951530262827873e-03
2.062894962728023529e-02,6.324450671672821045e-02,2.522115595638751984e-02,7.057181745767593384e-02,6.311962008476257324e-02,6.259302794933319092e-02,7.476761192083358765e-02,8.099539577960968018e-02,2.037043869495391846e-02,9.829355403780937195e-03,2.037043869495391846e-02,1.612398400902748108e-02,0.000000000000000000e+00,0.000000000000000000e+00,0.000000000000000000e+00,0.000000000000000000e+00,6.252271123230457306e-03,1.045077759772539139e-02,3.189485892653465271e-02,6.447374820709228516e-02,2.939629554748535156e-02,-2.772392332553863525e-02,2.507446706295013428e-01,3.501355946063995361e-01,1.193252354860305786e-01,-1.007242426276206970e-01,1.193252354860305786e-01,1.112977638840675354e-01,0.000000000000000000e+00,0.000000000000000000e+00,0.000000000000000000e+00,0.000000000000000000e+00,2.300612777471542358e-01,-1.989013701677322388e-01,2.382754236459732056e-01,2.339336723089218140e-01,-7.548320293426513672e-02,-2.479535900056362152e-02,3.629121780395507812e-01,4.776468873023986816e-01,2.234136909246444702e-01,7.490903884172439575e-02,2.234136909246444702e-01,1.691429764032363892e-01,0.000000000000000000e+00,0.000000000000000000e+00,0.000000000000000000e+00,0.000000000000000000e+00,7.739939540624618530e-02,4.964353516697883606e-02,8.014256507158279419e-02,5.235801637172698975e-02,2.434905618429183960e-02,1.017433009110391140e-03,4.250765219330787659e-02,2.962543815374374390e-02,8.516906760632991791e-03,4.269869998097419739e-03,8.516906760632991791e-03,4.780581220984458923e-03,0.000000000000000000e+00,0.000000000000000000e+00,0.000000000000000000e+00,0.000000000000000000e+00
0.000000000000000000e+00,0.000000000000000000e+00,0.000000000000000000e+00,0.000000000000000000e+00,0.000000000000000000e+00,0.000000000000000000e+00,0.000000000000000000e+00,0.000000000000000000e+00,0.000000000000000000e+00,0.000000000000000000e+00,0.000000000000000000e+00,0.000000000000000000e+00,0.000000000000000000e+00,0.000000000000000000e+00,0.000000000000000000e+00,0.000000000000000000e+00,0.000000000000000000e+00,0.000000000000000000e+00,0.000000000000000000e+00,0.000000000000000000e+00,1.444557607173919678e-01,1.729118078947067261e-01,1.444557607173919678e-01,1.729118078947067261e-01,-1.068752184510231018e-01,2.681985497474670410e-01,2.657529711723327637e-01,2.681985497474670410e-01,-2.068531932309269905e-03,9.246028028428554535e-03,2.068531932309269905e-03,9.246028028428554535e-03,0.000000000000000000e+00,0.000000000000000000e+00,0.000000000000000000e+00,0.000000000000000000e+00,2.912057340145111084e-01,-7.261413335800170898e-02,3.333585262298583984e-01,2.064327448606491089e-01,-1.708644181489944458e-01,-1.125580891966819763e-01,3.759812414646148682e-01,4.373234212398529053e-01,-1.393205113708972931e-02,8.399993181228637695e-03,3.133016824722290039e-02,3.146823868155479431e-02,9.459480497753247619e-05,3.700605520862154663e-05,9.459480497753247619e-05,9.459480497753247619e-05,2.428383566439151764e-02,-3.815842326730489731e-03,3.125706315040588379e-02,2.833725698292255402e-02,6.885826587677001953e-02,7.961878180503845215e-02,1.244996637105941772e-01,9.461938589811325073e-02,2.299322187900543213e-02,7.869300991296768188e-02,2.999657765030860901e-02,7.944578677415847778e-02
7.766524504404515028e-05,2.145602593373041600e-05,8.742265345063060522e-05,4.467085818760097027e-05,9.958607144653797150e-03,2.940296195447444916e-03,9.958607144653797150e-03,4.681881517171859741e-03,3.746583824977278709e-03,4.604589194059371948e-03,6.921290419995784760e-03,6.470360327512025833e-03,1.103478949517011642e-03,1.578884897753596306e-03,1.103478949517011642e-03,1.578884897753596306e-03,5.249641370028257370e-03,-1.079559675417840481e-03,5.935259163379669189e-03,2.508335048332810402e-03,3.099799156188964844e-01,1.637673527002334595e-01,3.099799156188964844e-01,1.879972666501998901e-01,-1.341775506734848022e-01,2.877246141433715820e-01,1.665068268775939941e-01,2.877246141433715820e-01,5.118549801409244537e-03,-2.352738985791802406e-03,1.239903364330530167e-02,1.585522666573524475e-02,7.826793007552623749e-03,-2.728835213929414749e-03,8.289181627333164215e-03,4.990734159946441650e-03,2.801456451416015625e-01,-1.957893073558807373e-01,2.801456451416015625e-01,2.015826702117919922e-01,-1.434558480978012085e-01,-3.372930288314819336e-01,1.756963133811950684e-01,3.613159954547882080e-01,3.953886218369007111e-03,-2.919646212831139565e-03,1.893354021012783051e-02,1.300367340445518494e-02,2.711742126848548651e-04,1.061020302586257458e-03,1.144571928307414055e-03,1.933066872879862785e-03,1.951489970088005066e-02,-1.389441196806728840e-03,1.951489970088005066e-02,2.190344501286745071e-03,3.130667610093951225e-03,9.203063324093818665e-03,1.029122527688741684e-02,1.028965041041374207e-02,3.895471454598009586e-04,-7.372131804004311562e-04,8.345908718183636665e-04,1.243247068487107754e-03
1.341086346656084061e-03,-2.111411653459072113e-03,1.347774523310363293e-03,2.111411653459072113e-03,1.165508851408958435e-02,-1.889396458864212036e-02,1.165508851408958435e-02,1.889396458864212036e-02,-1.567950239405035973e-03,-1.695110835134983063e-02,6.890046875923871994e-03,1.695110835134983063e-02,6.190224085003137589e-04,4.416014999151229858e-04,1.567530329339206219e-03,2.136733848601579666e-03,2.578628016635775566e-03,-7.640721276402473450e-03,3.749497467651963234e-03,7.892946712672710419e-03,3.088150359690189362e-02,-1.215377524495124817e-01,3.750798478722572327e-02,1.215377524495124817e-01,3.175781071186065674e-01,8.431128412485122681e-02,3.175781071186065674e-01,1.773062497377395630e-01,4.310295358300209045e-02,7.452234625816345215e-02,4.310295358300209045e-02,7.452234625816345215e-02,-2.035607350990176201e-03,-2.513052662834525108e-03,2.114304574206471443e-03,3.929622471332550049e-03,1.410126220434904099e-02,-2.332888357341289520e-02,3.878203779458999634e-02,2.860726416110992432e-02,5.783619284629821777e-01,-7.086148858070373535e-02,5.783619284629821777e-01,1.577275544404983521e-01,3.985654562711715698e-02,-1.233208458870649338e-02,3.985654562711715698e-02,2.681903727352619171e-02,-1.974350016098469496e-04,7.887675310485064983e-04,2.741583739407360554e-04,7.887675310485064983e-04,-4.804293625056743622e-03,3.681939793750643730e-03,7.696657441556453705e-03,3.681939793750643730e-03,4.116229712963104248e-02,-2.416835166513919830e-02,4.225308820605278015e-02,2.458885498344898224e-02,1.245888881385326385e-02,-7.274182513356208801e-03,1.245888881385326385e-02,7.284388411790132523e-03
6.898862309753894806e-03,1.565312850289046764e-03,6.898862309753894806e-03,1.578236697241663933e-03,3.311431407928466797e-02,3.041408210992813110e-02,3.311431407928466797e-02,3.041408210992813110e-02,-1.192360464483499527e-02,3.331958502531051636e-02,2.005144208669662476e-02,3.331958502531051636e-02,-5.545471329241991043e-03,2.006641589105129242e-03,5.545471329241991043e-03,2.093845978379249573e-03,6.020543724298477173e-02,1.369611080735921860e-02,6.020543724298477173e-02,1.518226787447929382e-02,3.259162008762359619e-01,1.733876913785934448e-01,3.259162008762359619e-01,1.926080137491226196e-01,-1.866777837276458740e-01,1.964989155530929565e-01,1.974866986274719238e-01,1.964989155530929565e-01,-5.446048453450202942e-02,1.444508973509073257e-02,5.446048453450202942e-02,1.444508973509073257e-02,5.809190124273300171e-02,-5.455709993839263916e-03,5.809190124273300171e-02,8.877098560333251953e-03,4.494629204273223877e-01,-1.119200512766838074e-01,4.494629204273223877e-01,1.174596622586250305e-01,-1.400532871484756470e-01,6.041325628757476807e-02,2.295500487089157104e-01,1.329280436038970947e-01,-6.335097551345825195e-02,1.684302277863025665e-02,6.335097551345825195e-02,1.684302277863025665e-02,6.931159645318984985e-03,-1.476137316785752773e-03,6.931159645318984985e-03,1.476137316785752773e-03,5.132905393838882446e-02,-1.862058974802494049e-02,5.132905393838882446e-02,1.862058974802494049e-02,1.128506753593683243e-02,-2.125431038439273834e-02,4.118072241544723511e-02,2.150446176528930664e-02,-6.702986545860767365e-03,9.958407463273033500e-05,6.702986545860767365e-03,1.191994640976190567e-03
-1.475082593970000744e-03,1.510801375843584538e-03,2.603525063022971153e-03,2.544462215155363083e-03,6.585293263196945190e-02,-4.135313257575035095e-02,7.231136411428451538e-02,4.993427544832229614e-02,-3.907781094312667847e-02,8.707476779818534851e-03,6.007207557559013367e-02,1.420181989669799805e-02,-2.541961614042520523e-03,2.007051603868603706e-03,2.548444317653775215e-03,2.055687364190816879e-03,-1.083694212138652802e-02,1.429469231516122818e-02,1.214179210364818573e-02,1.559954229742288589e-02,4.905307888984680176e-01,1.049831956624984741e-01,5.416491627693176270e-01,1.422237157821655273e-01,-2.372359186410903931e-01,5.919604003429412842e-02,2.498446702957153320e-01,1.022115051746368408e-01,-2.116305008530616760e-02,4.705923609435558319e-03,2.116305008530616760e-02,9.709605947136878967e-03,-1.048775576055049896e-02,8.806698955595493317e-03,1.048775576055049896e-02,1.177381910383701324e-02,1.162589192390441895e-01,-4.987243935465812683e-02,1.689458340406417847e-01,1.454911231994628906e-01,-4.391779005527496338e-02,-3.056685328483581543e-01,1.223610267043113708e-01,3.216544985771179199e-01,-1.580296643078327179e-02,-9.521200554445385933e-04,1.580296643078327179e-02,1.206122990697622299e-02,-1.722205925034359097e-04,1.694627339020371437e-03,8.061502012424170971e-04,1.755623146891593933e-03,-6.848665419965982437e-03,1.041518151760101318e-02,7.641229778528213501e-03,1.041518151760101318e-02,-3.937390167266130447e-03,9.227983653545379639e-03,5.387820769101381302e-03,9.613320231437683105e-03,-8.860481320880353451e-04,5.099455011077225208e-04,1.039435504935681820e-03,1.178911887109279633e-03
3.516121068969368935e-03,-1.965268282219767570e-03,3.516121068969368935e-03,1.965268282219767570e-03,2.584319002926349640e-02,-7.907928898930549622e-03,2.584319002926349640e-02,7.907928898930549622e-03,1.022117771208286285e-02,1.381719391793012619e-02,1.085175666958093643e-02,1.381719391793012619e-02,-2.289851428940892220e-03,2.861806424334645271e-03,2.289851428940892220e-03,2.861806424334645271e-03,2.335664443671703339e-02,-1.409890595823526382e-02,2.345452271401882172e-02,1.432751305401325226e-02,3.397926688194274902e-01,-2.026611752808094025e-02,3.397926688194274902e-01,1.432612687349319458e-01,1.369359344244003296e-01,2.092059552669525146e-01,1.532290130853652954e-01,2.620352804660797119e-01,-1.474476233124732971e-02,1.582424156367778778e-02,1.535690482705831528e-02,1.582424156367778778e-02,6.127277389168739319e-03,-1.265139202587306499e-03,1.012475695461034775e-02,9.021706879138946533e-03,3.834611475467681885e-01,-1.701373010873794556e-01,3.834611475467681885e-01,1.725722849369049072e-01,1.646677106618881226e-01,-2.888460755348205566e-01,1.844764798879623413e-01,2.888460755348205566e-01,9.729301556944847107e-03,-6.583738140761852264e-04,2.157903835177421570e-02,6.393644027411937714e-03,-1.861358527094125748e-03,2.647324290592223406e-04,1.861358527094125748e-03,2.647324290592223406e-04,4.556721076369285583e-02,-3.539375960826873779e-03,4.575199261307716370e-02,3.724159207195043564e-03,3.795550763607025146e-02,-7.798721548169851303e-03,3.795550763607025146e-02,9.564965963363647461e-03,2.779193222522735596e-03,-6.374010117724537849e-04,3.901920747011899948e-03,7.952244486659765244e-04
4.457523755263537169e-04,-2.221604663645848632e-04,6.493540131486952305e-04,5.215111887082457542e-04,-4.870618868153542280e-04,2.078915713354945183e-03,5.720803514122962952e-03,3.597199684008955956e-03,-1.110070152208209038e-03,6.306717987172305584e-04,2.980779157951474190e-03,2.235664287582039833e-03,0.000000000000000000e+00,0.000000000000000000e+00,0.000000000000000000e+00,0.000000000000000000e+00,-7.986944401636719704e-04,1.837172079831361771e-03,6.191184744238853455e-03,1.029634475708007812e-02,2.182214260101318359e-01,1.145982220768928528e-01,2.667380571365356445e-01,1.273419260978698730e-01,2.264328114688396454e-02,3.433649539947509766e-01,1.840862333774566650e-01,3.708319962024688721e-01,-3.049588762223720551e-03,3.566348180174827576e-02,3.227330977097153664e-03,5.580898374319076538e-02,-1.968471566215157509e-03,-2.655985532328486443e-03,9.166528470814228058e-03,1.298453193157911301e-02,2.776581943035125732e-01,-1.168879419565200806e-01,3.425996899604797363e-01,1.746506392955780029e-01,-3.004281222820281982e-02,-3.301357924938201904e-01,2.549336254596710205e-01,3.653621673583984375e-01,1.953512430191040039e-03,-3.071724623441696167e-02,2.386941807344555855e-03,5.136694759130477905e-02,3.249488538131117821e-03,-1.460992614738643169e-03,3.274959279224276543e-03,1.500203739851713181e-03,6.460694596171379089e-03,3.501608222723007202e-02,2.465782687067985535e-02,4.291188344359397888e-02,-1.942437514662742615e-02,1.915158145129680634e-02,2.330471575260162354e-02,3.893254697322845459e-02,1.306052581639960408e-04,-1.740386243909597397e-03,8.679813472554087639e-04,5.638810340315103531e-03
1.061546499840915203e-03,-6.250952137634158134e-04,1.061546499840915203e-03,6.250952137634158134e-04,-5.469288676977157593e-03,7.052525324979797006e-05,1.249457709491252899e-02,7.936103269457817078e-03,4.357914905995130539e-03,-2.767943544313311577e-03,1.046960987150669098e-02,7.422521244734525681e-03,2.530363202095031738e-02,1.780535094439983368e-03,2.595182508230209351e-02,1.243595685809850693e-02,0.000000000000000000e+00,0.000000000000000000e+00,0.000000000000000000e+00,0.000000000000000000e+00,1.617868840694427490e-01,5.117163434624671936e-02,2.063878625631332397e-01,1.306855082511901855e-01,-9.950138628482818604e-02,1.274305880069732666e-01,1.945369690656661987e-01,1.794130206108093262e-01,3.552393317222595215e-01,1.071126237511634827e-01,4.218578040599822998e-01,1.875290572643280029e-01,0.000000000000000000e+00,0.000000000000000000e+00,0.000000000000000000e+00,0.000000000000000000e+00,8.372556418180465698e-02,-8.372556418180465698e-02,8.372556418180465698e-02,8.372556418180465698e-02,2.573060803115367889e-03,-1.192620322108268738e-01,2.102736681699752808e-01,1.604965478181838989e-01,2.993188202381134033e-01,-1.324215978384017944e-01,3.946746289730072021e-01,2.938722968101501465e-01,0.000000000000000000e+00,0.000000000000000000e+00,0.000000000000000000e+00,0.000000000000000000e+00,0.000000000000000000e+00,0.000000000000000000e+00,0.000000000000000000e+00,0.000000000000000000e+00,9.717706590890884399e-03,-6.547996774315834045e-03,9.717706590890884399e-03,8.001910522580146790e-03,1.913986727595329285e-02,1.674440107308328152e-03,2.006591111421585083e-02,8.778575807809829712e-03
-3.036182606592774391e-03,3.296617651358246803e-03,4.288813099265098572e-03,3.337229602038860321e-03,7.547672837972640991e-02,-2.751710824668407440e-02,1.032130941748619080e-01,5.014000833034515381e-02,6.533548235893249512e-03,6.778854294680058956e-04,6.533548235893249512e-03,3.188289701938629150e-03,0.000000000000000000e+00,0.000000000000000000e+00,0.000000000000000000e+00,0.000000000000000000e+00,-2.262592874467372894e-02,2.016791701316833496e-02,2.487802878022193909e-02,2.129776217043399811e-02,1.208448186516761780e-01,1.146146748214960098e-02,3.740725517272949219e-01,1.939473152160644531e-01,3.695383071899414062e-01,-6.919864565134048462e-02,3.695383071899414062e-01,7.128274440765380859e-02,0.000000000000000000e+00,0.000000000000000000e+00,0.000000000000000000e+00,0.000000000000000000e+00,7.699877023696899414e-03,1.482217386364936829e-02,9.267957881093025208e-03,1.786617748439311981e-02,-1.469414532184600830e-01,2.209105491638183594e-01,1.845472157001495361e-01,2.209105491638183594e-01,4.126095175743103027e-01,3.243379667401313782e-02,4.126095175743103027e-01,7.286680489778518677e-02,0.000000000000000000e+00,0.000000000000000000e+00,0.000000000000000000e+00,0.000000000000000000e+00,-5.306150414980947971e-04,3.708629868924617767e-03,6.638095364905893803e-04,3.783211577683687210e-03,-8.111633942462503910e-04,2.995388954877853394e-02,9.329031221568584442e-03,2.995388954877853394e-02,1.010074559599161148e-02,4.175028298050165176e-03,1.102034561336040497e-02,5.625471472740173340e-03,0.000000000000000000e+00,0.000000000000000000e+00,0.000000000000000000e+00,0.000000000000000000e+00
0.000000000000000000e+00,0.000000000000000000e+00,0.000000000000000000e+00,0.000000000000000000e+00,0.000000000000000000e+00,0.000000000000000000e+00,0.000000000000000000e+00,0.000000000000000000e+00,7.069630082696676254e-03,2.674050629138946533e-03,7.890399545431137085e-03,5.046254489570856094e-03,1.154431607574224472e-03,4.795778368134051561e-04,2.761429408565163612e-03,1.682461588643491268e-03,0.000000000000000000e+00,0.000000000000000000e+00,0.000000000000000000e+00,0.000000000000000000e+00,5.264178290963172913e-02,5.264178290963172913e-02,5.264178290963172913e-02,5.264178290963172913e-02,2.680240385234355927e-02,9.772064536809921265e-02,1.373990774154663086e-01,1.932239234447479248e-01,3.512425422668457031e-01,1.728798449039459229e-01,5.194613337516784668e-01,2.332509160041809082e-01,0.000000000000000000e+00,0.000000000000000000e+00,0.000000000000000000e+00,0.000000000000000000e+00,7.270411401987075806e-02,-4.720085114240646362e-02,7.270411401987075806e-02,6.219957396388053894e-02,6.854085624217987061e-02,-5.862995982170104980e-02,1.976279467344284058e-01,1.870046854019165039e-01,3.300042748451232910e-01,-5.518537759780883789e-02,3.676055967807769775e-01,2.994917929172515869e-01,0.000000000000000000e+00,0.000000000000000000e+00,0.000000000000000000e+00,0.000000000000000000e+00,0.000000000000000000e+00,0.000000000000000000e+00,0.000000000000000000e+00,0.000000000000000000e+00,3.011608123779296875e-02,-1.260202378034591675e-02,3.011608123779296875e-02,1.624217815697193146e-02,5.179536342620849609e-02,-8.983865380287170410e-03,6.275173276662826538e-02,1.500990800559520721e-02
-2.130507025867700577e-03,1.506315470578556415e-06,2.805177122354507446e-03,6.355060613714158535e-04,4.506088793277740479e-03,-2.444539917632937431e-03,1.157672330737113953e-02,1.047078985720872879e-02,6.421177834272384644e-02,1.567922765389084816e-03,6.422054767608642578e-02,5.049517843872308731e-03,-5.137578700669109821e-04,1.559745578560978174e-04,6.088969530537724495e-04,4.488756821956485510e-04,-5.836821626871824265e-03,1.008547144010663033e-03,9.584088809788227081e-03,7.052508648484945297e-03,-2.241574600338935852e-02,-2.677397057414054871e-02,4.109311103820800781e-02,6.611838936805725098e-02,4.749796390533447266e-01,-3.172311000525951385e-03,4.755259752273559570e-01,4.249324649572372437e-02,1.996846986003220081e-04,-6.586899398826062679e-04,1.828292966820299625e-03,4.159674048423767090e-03,-7.002417114563286304e-04,-1.178714167326688766e-02,6.808990612626075745e-03,1.576688885688781738e-02,-1.537395175546407700e-02,1.540126861073076725e-03,6.400246173143386841e-02,4.483018070459365845e-02,5.035054683685302734e-01,2.892302908003330231e-02,5.069229602813720703e-01,8.516172319650650024e-02,1.004530349746346474e-03,-1.624099095351994038e-03,3.154283156618475914e-03,5.704310256987810135e-03,-2.032898832112550735e-03,-2.292379213031381369e-04,2.651273971423506737e-03,2.446004422381520271e-03,3.112680278718471527e-02,1.133679132908582687e-02,3.131021186709403992e-02,1.570386812090873718e-02,3.090626373887062073e-02,-1.725232228636741638e-02,3.090626373887062073e-02,2.075708843767642975e-02,1.717349397949874401e-03,-3.740556770935654640e-03,1.717349397949874401e-03,3.740556770935654640e-03
1.030429048114456236e-04,-5.540702259168028831e-04,8.405158878304064274e-04,5.946706514805555344e-04,4.504451900720596313e-02,2.287847455590963364e-03,4.513018205761909485e-02,1.682046987116336823e-02,-3.313620761036872864e-02,-1.773543097078800201e-02,3.603190928697586060e-02,2.269689925014972687e-02,-5.731318378821015358e-04,-1.385380048304796219e-03,9.248867863789200783e-04,1.566193299368023872e-03,-6.883654277771711349e-03,4.052663221955299377e-03,9.297695010900497437e-03,4.604291636496782303e-03,4.019968509674072266e-01,7.673302199691534042e-03,4.050711989402770996e-01,5.657749250531196594e-02,-3.123140335083007812e-01,1.701947450637817383e-01,3.196841180324554443e-01,1.915185004472732544e-01,-2.951930509880185127e-03,1.894054817967116833e-03,4.925670102238655090e-03,6.358000915497541428e-03,-2.379662182647734880e-04,2.282596193253993988e-03,4.820839501917362213e-03,3.294628812000155449e-03,3.867012560367584229e-01,1.032019965350627899e-03,4.111321568489074707e-01,1.172150745987892151e-01,-1.546113044023513794e-01,6.080489978194236755e-02,1.603832542896270752e-01,7.587797194719314575e-02,-1.224937103688716888e-02,2.072969637811183929e-02,1.224937103688716888e-02,2.076121978461742401e-02,-4.836601729039102793e-04,-2.427834115223959088e-04,1.127647235989570618e-03,5.494194338098168373e-04,4.482987523078918457e-02,2.127959020435810089e-02,4.526214674115180969e-02,2.144420146942138672e-02,-9.891847148537635803e-03,-1.375621301122009754e-03,1.209113281220197678e-02,3.385428804904222488e-03,-2.508740872144699097e-03,1.196564175188541412e-03,2.508740872144699097e-03,1.569538260810077190e-03
2.210608799941837788e-04,8.079099643509835005e-05,4.220368573442101479e-04,4.890744457952678204e-04,1.689266995526850224e-03,-1.298021757975220680e-03,2.231313847005367279e-03,4.908606875687837601e-03,8.400772698223590851e-03,1.685116253793239594e-02,1.109963841736316681e-02,1.933404617011547089e-02,-8.745721424929797649e-04,-3.948924859287217259e-05,1.464273082092404366e-03,1.300618750974535942e-03,-4.703470505774021149e-03,-1.820648554712533951e-03,1.199322566390037537e-02,1.226822100579738617e-02,3.512866795063018799e-01,-4.270847886800765991e-02,4.202147126197814941e-01,2.250085771083831787e-01,-2.428914904594421387e-01,1.203741505742073059e-02,2.847567498683929443e-01,1.342508494853973389e-01,1.008746097795665264e-03,-1.612560939975082874e-03,2.610825467854738235e-03,2.757513429969549179e-03,-4.626391083002090454e-02,-1.443285122513771057e-02,4.930274933576583862e-02,5.922583490610122681e-02,3.664281368255615234e-01,-3.577634319663047791e-02,4.063322842121124268e-01,3.009952902793884277e-01,-1.311107724905014038e-01,-1.368160992860794067e-01,1.529755741357803345e-01,1.679090708494186401e-01,2.240479225292801857e-03,-4.273156635463237762e-03,2.240479225292801857e-03,4.273156635463237762e-03,-2.702859230339527130e-03,5.688968114554882050e-03,2.970766741782426834e-03,6.695837248116731644e-03,-8.650097995996475220e-03,1.866732141934335232e-03,1.595388725399971008e-02,1.276323106139898300e-02,5.028840620070695877e-03,3.072807099670171738e-03,1.059905998408794403e-02,1.549604814499616623e-02,-7.166977738961577415e-04,2.174627967178821564e-03,1.650956925004720688e-03,3.199073020368814468e-03
4.010766278952360153e-04,5.853015682077966630e-05,9.840545244514942169e-04,4.035795864183455706e-04,7.986813783645629883e-03,-1.120889282901771367e-04,8.666422218084335327e-03,1.068869046866893768e-02,-3.129782155156135559e-03,1.343570370227098465e-02,1.185809727758169174e-02,1.482531335204839706e-02,-1.059065340086817741e-03,1.791669288650155067e-03,1.519972807727754116e-03,1.925399643369019032e-03,3.132899291813373566e-03,2.980311168357729912e-03,4.849906545132398605e-03,5.364495795220136642e-03,1.636035591363906860e-01,6.894773989915847778e-02,2.091918140649795532e-01,1.005503311753273010e-01,-1.045348644256591797e-01,1.086565852165222168e-01,2.091717272996902466e-01,2.400866895914077759e-01,-8.192053996026515961e-03,7.717881817370653152e-03,2.174660004675388336e-02,1.302253082394599915e-02,1.152793294750154018e-03,-4.433481022715568542e-03,1.152793294750154018e-03,4.433481022715568542e-03,1.195293515920639038e-01,-1.063359305262565613e-01,2.425568252801895142e-01,1.279482543468475342e-01,1.422829478979110718e-01,1.547126322984695435e-01,6.694222092628479004e-01,4.099492132663726807e-01,4.791378160007297993e-04,-4.520200192928314209e-03,3.375228866934776306e-02,1.155694201588630676e-02,2.853520854841917753e-04,-8.352081931661814451e-05,2.972157381009310484e-04,8.984743180917575955e-05,-8.061831817030906677e-03,5.529594141989946365e-03,2.238954603672027588e-02,7.502198219299316406e-03,6.684403121471405029e-02,-2.656666561961174011e-02,1.353174895048141479e-01,4.381300881505012512e-02,-9.336925111711025238e-03,3.734117839485406876e-03,1.208590157330036163e-02,4.511940758675336838e-03
-2.830254845321178436e-03,-5.080627277493476868e-03,2.830254845321178436e-03,5.080627277493476868e-03,-1.357406290480867028e-04,-3.593493252992630005e-02,1.464763376861810684e-02,3.593493252992630005e-02,4.841065779328346252e-02,-1.673399843275547028e-02,4.841065779328346252e-02,1.673399843275547028e-02,4.615621175616979599e-03,-2.678346354514360428e-03,4.615621175616979599e-03,2.678346354514360428e-03,-2.010227926075458527e-02,-4.630197212100028992e-02,2.115868963301181793e-02,4.630197212100028992e-02,8.377698063850402832e-02,-2.129122167825698853e-01,1.088161617517471313e-01,2.129122167825698853e-01,4.091606736183166504e-01,-1.694143861532211304e-01,4.091606736183166504e-01,1.694143861532211304e-01,4.937229305505752563e-02,-4.291455727070569992e-03,4.937229305505752563e-02,6.680653430521488190e-03,1.078086532652378082e-02,-8.723832666873931885e-03,2.186815999448299408e-02,2.446698956191539764e-02,1.842810958623886108e-01,1.801652610301971436e-01,1.842810958623886108e-01,1.974394172430038452e-01,3.799015581607818604e-01,1.424339711666107178e-01,3.799015581607818604e-01,1.457779407501220703e-01,4.970686137676239014e-02,-7.530566654168069363e-04,4.970686137676239014e-02,8.904577232897281647e-03,5.389519035816192627e-03,6.624707486480474472e-03,5.406471434980630875e-03,6.624707486480474472e-03,2.678330615162849426e-02,2.219394035637378693e-02,2.697613462805747986e-02,2.461792156100273132e-02,2.544898912310600281e-02,-2.186666242778301239e-03,2.544898912310600281e-02,9.823784232139587402e-03,5.519938655197620392e-03,-2.758292714133858681e-03,5.519938655197620392e-03,2.761835930868983269e-03
-3.777805017307400703e-03,3.345456440001726151e-03,3.797892946749925613e-03,3.540337085723876953e-03,6.799849867820739746e-02,-2.463294938206672668e-02,7.852833718061447144e-02,3.838132694363594055e-02,4.076770506799221039e-03,-2.786526456475257874e-03,4.076770506799221039e-03,3.015558002516627312e-03,9.502276225248351693e-05,0.000000000000000000e+00,9.502276225248351693e-05,0.000000000000000000e+00,1.218237821012735367e-02,-2.055416582152247429e-03,1.913228631019592285e-02,1.497441343963146210e-02,8.646365255117416382e-02,4.911384359002113342e-02,4.204142391681671143e-01,2.261496186256408691e-01,2.876557409763336182e-01,-2.755125798285007477e-02,2.876557409763336182e-01,3.309750556945800781e-02,6.578749744221568108e-04,0.000000000000000000e+00,6.578749744221568108e-04,0.000000000000000000e+00,-1.790323480963706970e-02,-7.947148405946791172e-04,2.063422463834285736e-02,2.886089123785495758e-02,1.867065429687500000e-01,-5.395924299955368042e-02,5.778862237930297852e-01,2.344693690538406372e-01,2.590049803256988525e-01,3.655857965350151062e-02,2.649339437484741211e-01,3.929693996906280518e-02,9.563754429109394550e-04,-5.407633143477141857e-04,9.563754429109394550e-04,5.407633143477141857e-04,-1.671208534389734268e-03,-7.325801998376846313e-04,4.137369338423013687e-03,6.255169399082660675e-03,5.299260094761848450e-02,5.643066763877868652e-02,5.744465813040733337e-02,5.767999961972236633e-02,3.914991393685340881e-03,1.476266916142776608e-04,4.892305471003055573e-03,1.686481409706175327e-03,1.427795359632000327e-04,1.514693849458126351e-05,1.427795359632000327e-04,1.514693849458126351e-05
-8.802655793260782957e-05,-1.419826585333794355e-04,2.213333937106654048e-04,1.538274082122370601e-04,1.494351401925086975e-02,-1.869836996775120497e-04,1.540187187492847443e-02,1.309587387368083000e-03,6.661411374807357788e-02,2.087535976897925138e-04,6.661411374807357788e-02,1.887146965600550175e-03,1.003478188067674637e-03,-2.481550291122402996e-05,1.005832455120980740e-03,1.098345819627866149e-04,-3.176718018949031830e-05,6.419304991140961647e-04,1.283877500100061297e-04,8.109515765681862831e-04,8.302899450063705444e-02,-1.191686000674962997e-02,8.331982046365737915e-02,1.830363832414150238e-02,4.827094674110412598e-01,-1.089698728173971176e-02,4.827094674110412598e-01,2.314471267163753510e-02,6.384151987731456757e-03,-8.304850052809342742e-05,6.384151987731456757e-03,2.411295892670750618e-03,-2.719000622164458036e-04,6.473478861153125763e-04,4.397941520437598228e-04,8.962805150076746941e-04,7.681974768638610840e-02,1.779219880700111389e-02,7.776904106140136719e-02,1.874150149524211884e-02,4.931874275207519531e-01,2.262570150196552277e-02,4.931874275207519531e-01,3.199089691042900085e-02,5.191820207983255386e-03,9.787142043933272362e-04,5.873713642358779907e-03,3.501119324937462807e-03,-1.435105423297500238e-05,-1.034741799230687320e-04,2.198496513301506639e-04,2.542732108850032091e-04,2.091174200177192688e-02,4.702848673332482576e-04,2.255139313638210297e-02,2.987781772390007973e-03,6.275710463523864746e-02,5.209855269640684128e-03,6.275710463523864746e-02,5.225253291428089142e-03,7.549375877715647221e-04,3.246123087592422962e-04,7.659253315068781376e-04,3.996528685092926025e-04
0.000000000000000000e+00,0.000000000000000000e+00,0.000000000000000000e+00,0.000000000000000000e+00,0.000000000000000000e+00,0.000000000000000000e+00,0.000000000000000000e+00,0.000000000000000000e+00,3.019128553569316864e-02,4.917698446661233902e-03,4.672801122069358826e-02,1.354319602251052856e-02,-7.955103646963834763e-04,-9.149266988970339298e-04,3.315261797979474068e-03,2.984868362545967102e-03,0.000000000000000000e+00,0.000000000000000000e+00,0.000000000000000000e+00,0.000000000000000000e+00,2.274641394615173340e-01,1.284760683774948120e-01,2.274641394615173340e-01,1.284760683774948120e-01,6.207041814923286438e-02,2.058807611465454102e-01,4.839274585247039795e-01,2.058807611465454102e-01,-1.999484933912754059e-02,2.871595555916428566e-03,2.120772935450077057e-02,1.360000763088464737e-02,0.000000000000000000e+00,0.000000000000000000e+00,0.000000000000000000e+00,0.000000000000000000e+00,1.503022462129592896e-01,-1.306254714727401733e-01,1.503022462129592896e-01,1.323832124471664429e-01,1.919634640216827393e-01,-1.232438981533050537e-01,5.551761984825134277e-01,2.956260144710540771e-01,-2.267850190401077271e-02,6.241017486900091171e-03,2.877342514693737030e-02,1.436730287969112396e-02,0.000000000000000000e+00,0.000000000000000000e+00,0.000000000000000000e+00,0.000000000000000000e+00,8.333253790624439716e-04,6.579990149475634098e-04,1.349203172139823437e-03,1.540393684990704060e-03,5.113327503204345703e-02,-1.556602492928504944e-02,5.129623040556907654e-02,4.031606763601303101e-02,-7.598999422043561935e-03,1.586850034072995186e-03,8.474138565361499786e-03,8.131303824484348297e-03
4.536445252597332001e-03,-7.004671497270464897e-04,4.704357590526342392e-03,7.004671497270464897e-04,2.275972254574298859e-02,-4.877113271504640579e-03,2.275972254574298859e-02,4.877113271504640579e-03,1.474836375564336777e-02,-7.665417157113552094e-03,1.480163820087909698e-02,7.787160575389862061e-03,-6.796510424464941025e-04,-3.873629611916840076e-04,1.413119607605040073e-03,1.013334607705473900e-03,1.731121540069580078e-02,-3.053049743175506592e-02,2.246270701289176941e-02,3.053049743175506592e-02,4.420645907521247864e-02,-4.293721914291381836e-01,7.921347022056579590e-02,4.293721914291381836e-01,1.972222179174423218e-01,-3.213084638118743896e-01,2.015950977802276611e-01,3.213084638118743896e-01,1.191639062017202377e-02,-2.433289587497711182e-02,1.988066919147968292e-02,2.433289587497711182e-02,-7.716174703091382980e-03,-3.394390642642974854e-02,8.764512836933135986e-03,3.394390642642974854e-02,1.606946587562561035e-01,-4.450991377234458923e-02,1.851483732461929321e-01,1.702573895454406738e-01,3.223266005516052246e-01,4.254492372274398804e-02,3.223266005516052246e-01,1.482263505458831787e-01,9.926019236445426941e-03,-1.332707423716783524e-02,1.233766879886388779e-02,1.344881765544414520e-02,-4.952159724780358374e-05,1.671114703640341759e-03,1.170328119769692421e-03,1.724238740280270576e-03,4.438577964901924133e-02,1.755776628851890564e-02,4.438577964901924133e-02,1.882926747202873230e-02,1.291196513921022415e-02,-1.724641770124435425e-03,1.291196513921022415e-02,1.750171557068824768e-02,1.706007518805563450e-03,-1.926176832057535648e-03,1.783342799171805382e-03,1.959837507456541061e-03
1.303989533334970474e-02,3.311052918434143066e-03,1.303989533334970474e-02,3.311052918434143066e-03,7.215048372745513916e-02,1.541827525943517685e-02,7.215048372745513916e-02,1.541827525943517685e-02,9.089997969567775726e-03,9.172755526378750801e-04,1.847459189593791962e-02,1.708838040940463543e-03,-6.563362199813127518e-03,-4.941505721944849938e-06,6.563362199813127518e-03,4.941505721944849938e-06,9.594781696796417236e-02,2.749614417552947998e-02,9.594781696796417236e-02,3.054515272378921509e-02,4.416525661945343018e-01,1.609761416912078857e-01,4.416525661945343018e-01,1.747275441884994507e-01,-3.099952451884746552e-02,1.924096792936325073e-01,1.355808526277542114e-01,2.027005404233932495e-01,-4.944301769137382507e-02,1.877395249903202057e-02,4.944301769137382507e-02,3.059937246143817902e-02,6.544727087020874023e-02,2.779305726289749146e-02,6.544727087020874023e-02,2.779305726289749146e-02,4.225044846534729004e-01,-6.154919043183326721e-02,4.225044846534729004e-01,7.970060408115386963e-02,2.270754426717758179e-02,-4.008397087454795837e-02,1.554544419050216675e-01,5.386660248041152954e-02,-4.718419164419174194e-02,8.450442925095558167e-03,4.718419164419174194e-02,9.202264249324798584e-03,4.973651841282844543e-03,4.320853913668543100e-04,4.975053947418928146e-03,9.890947258099913597e-04,4.718144237995147705e-02,-1.558804139494895935e-02,4.718144237995147705e-02,1.558804139494895935e-02,6.979739759117364883e-03,-2.852679416537284851e-02,1.105919294059276581e-02,2.852679416537284851e-02,-5.927376914769411087e-03,-3.151837270706892014e-03,5.927376914769411087e-03,3.261778037995100021e-03
-2.057569567114114761e-03,-5.916620139032602310e-04,2.990425564348697662e-03,9.126515360549092293e-04,4.027379676699638367e-02,-2.835932653397321701e-03,9.649117290973663330e-02,1.303151994943618774e-02,1.220832765102386475e-02,-2.066433196887373924e-03,1.249122619628906250e-02,5.637277383357286453e-03,8.255401044152677059e-04,-5.951252533122897148e-04,8.255401044152677059e-04,6.030584336258471012e-04,-6.417527794837951660e-03,-1.876344322226941586e-03,1.607461087405681610e-02,4.677981603890657425e-03,3.120164275169372559e-01,1.629362814128398895e-02,6.780544519424438477e-01,6.190034374594688416e-02,3.712740167975425720e-02,-1.936848275363445282e-02,4.804819077253341675e-02,3.739782422780990601e-02,5.257455166429281235e-03,-4.255367442965507507e-03,5.257455166429281235e-03,4.255367442965507507e-03,-2.157215401530265808e-02,-1.222328934818506241e-02,3.175633773207664490e-02,2.504104003310203552e-02,2.757048010826110840e-01,5.593604221940040588e-02,5.468454360961914062e-01,1.687806844711303711e-01,3.919622302055358887e-02,-5.376132577657699585e-02,4.903189092874526978e-02,5.376132577657699585e-02,6.136300973594188690e-03,-5.221967119723558426e-03,6.136300973594188690e-03,5.221967119723558426e-03,-2.896553836762905121e-03,-3.475076984614133835e-03,8.116192184388637543e-03,7.212840020656585693e-03,2.981740795075893402e-02,1.904360577464103699e-02,2.981740795075893402e-02,1.904360577464103699e-02,3.612725762650370598e-03,-7.725098403170704842e-04,3.612725762650370598e-03,1.759771024808287621e-03,9.789183968678116798e-04,-1.010879059322178364e-03,9.789183968678116798e-04,1.010879059322178364e-03
-2.057569567114114761e-03,-5.916620139032602310e-04,2.990425564348697662e-03,9.126515360549092293e-04,4.027379676699638367e-02,-2.835932653397321701e-03,9.649117290973663330e-02,1.303151994943618774e-02,1.220832765102386475e-02,-2.066433196887373924e-03,1.249122619628906250e-02,5.637277383357286453e-03,8.255401044152677059e-04,-5.951252533122897148e-04,8.255401044152677059e-04,6.030584336258471012e-04,-6.417527794837951660e-03,-1.876344322226941586e-03,1.607461087405681610e-02,4.677981603890657425e-03,3.120164275169372559e-01,1.629362814128398895e-02,6.780544519424438477e-01,6.190034374594688416e-02,3.712740167975425720e-02,-1.936848275363445282e-02,4.804819077253341675e-02,3.739782422780990601e-02,5.257455166429281235e-03,-4.255367442965507507e-03,5.257455166429281235e-03,4.255367442965507507e-03,-2.157215401530265808e-02,-1.222328934818506241e-02,3.175633773207664490e-02,2.504104003310203552e-02,2.757048010826110840e-01,5.593604221940040588e-02,5.468454360961914062e-01,1.687806844711303711e-01,3.919622302055358887e-02,-5.376132577657699585e-02,4.903189092874526978e-02,5.376132577657699585e-02,6.136300973594188690e-03,-5.221967119723558426e-03,6.136300973594188690e-03,5.221967119723558426e-03,-2.896553836762905121e-03,-3.475076984614133835e-03,8.116192184388637543e-03,7.212840020656585693e-03,2.981740795075893402e-02,1.904360577464103699e-02,2.981740795075893402e-02,1.904360577464103699e-02,3.612725762650370598e-03,-7.725098403170704842e-04,3.612725762650370598e-03,1.759771024808287621e-03,9.789183968678116798e-04,-1.010879059322178364e-03,9.789183968678116798e-04,1.010879059322178364e-03
-1.386151881888508797e-03,2.423948841169476509e-03,1.386151881888508797e-03,2.423948841169476509e-03,-6.033561658114194870e-03,1.256984844803810120e-02,6.033561658114194870e-03,1.308190077543258667e-02,1.561766257509589195e-03,3.040000563487410545e-03,5.966091062873601913e-03,5.516413599252700806e-03,1.396684069186449051e-02,5.308717954903841019e-03,1.396684069186449051e-02,5.582045298069715500e-03,2.285107970237731934e-03,3.104597330093383789e-03,5.314409732818603516e-03,7.562752813100814819e-03,8.577930927276611328e-02,1.790781617164611816e-01,1.184013262391090393e-01,1.790781617164611816e-01,1.115022897720336914e-01,4.792778193950653076e-01,1.720424443483352661e-01,4.792778193950653076e-01,7.327931374311447144e-02,5.172563344240188599e-02,7.327931374311447144e-02,5.177208408713340759e-02,1.210523024201393127e-02,-1.010536029934883118e-02,1.210523024201393127e-02,1.010536029934883118e-02,2.025913894176483154e-01,-6.052583456039428711e-02,2.025913894176483154e-01,6.244898587465286255e-02,3.761708140373229980e-01,3.482237458229064941e-02,3.761708140373229980e-01,9.290444105863571167e-02,2.409076504409313202e-02,1.933279819786548615e-02,2.410930581390857697e-02,1.937924325466156006e-02,2.399986376985907555e-03,-1.725252834148705006e-03,2.399986376985907555e-03,1.725252834148705006e-03,2.723895385861396790e-02,-1.109082065522670746e-02,2.723895385861396790e-02,1.109082065522670746e-02,6.681501865386962891e-02,-1.062051672488451004e-02,6.681501865386962891e-02,1.062051672488451004e-02,6.378264166414737701e-03,-1.520537771284580231e-04,6.464922800660133362e-03,1.924591604620218277e-03
6.215221219463273883e-05,1.410058757755905390e-04,6.215221219463273883e-05,1.410058757755905390e-04,1.416960731148719788e-02,1.043444965034723282e-02,1.460990309715270996e-02,1.052920054644346237e-02,4.999734088778495789e-02,4.564224928617477417e-02,5.108527466654777527e-02,4.673018679022789001e-02,2.384668681770563126e-03,2.256414387375116348e-03,2.777359215542674065e-03,2.668648026883602142e-03,4.313614335842430592e-04,-4.378837184049189091e-04,1.969267148524522781e-03,1.700086169876158237e-03,4.010568857192993164e-01,6.140673533082008362e-02,4.044876098632812500e-01,6.464476883411407471e-02,1.918224245309829712e-01,1.254618316888809204e-01,2.608654499053955078e-01,1.267652958631515503e-01,1.358383987098932266e-02,1.361009664833545685e-02,1.596731320023536682e-02,1.584384776651859283e-02,3.462858730927109718e-04,-5.264809587970376015e-04,3.462858730927109718e-04,5.264809587970376015e-04,3.690127134323120117e-01,-7.673683762550354004e-02,3.690127134323120117e-01,7.798293232917785645e-02,3.127651512622833252e-01,-3.115706844255328178e-03,3.391842842102050781e-01,9.326030313968658447e-02,-1.009181980043649673e-02,-1.432582642883062363e-02,1.228019688278436661e-02,1.432582642883062363e-02,8.424626867054030299e-05,6.469974323408678174e-05,8.424626867054030299e-05,6.469974323408678174e-05,1.850235462188720703e-02,-3.402447793632745743e-03,1.876281760632991791e-02,4.251840058714151382e-03,7.053270936012268066e-02,-1.995159871876239777e-02,8.346052467823028564e-02,1.995953917503356934e-02,-1.289906096644699574e-03,-1.347531215287744999e-03,1.289906096644699574e-03,1.347531215287744999e-03
-1.096579595468938351e-03,1.549211912788450718e-03,1.096579595468938351e-03,1.549211912788450718e-03,0.000000000000000000e+00,0.000000000000000000e+00,0.000000000000000000e+00,0.000000000000000000e+00,1.948179793544113636e-03,-1.948179793544113636e-03,1.948179793544113636e-03,1.948179793544113636e-03,4.686719039455056190e-04,-2.343594562262296677e-03,1.658046501688659191e-03,2.343594562262296677e-03,-3.241401631385087967e-03,1.358969602733850479e-03,3.241401631385087967e-03,1.358969602733850479e-03,1.015667915344238281e-01,1.952917426824569702e-01,1.552405506372451782e-01,1.952917426824569702e-01,-1.040855199098587036e-01,2.809701263904571533e-01,2.349784225225448608e-01,3.609440028667449951e-01,6.431144662201404572e-03,5.597507581114768982e-03,1.785286888480186462e-02,3.136108443140983582e-02,2.757886890321969986e-03,1.669568009674549103e-03,3.724916139617562294e-03,1.669568009674549103e-03,3.090146780014038086e-01,-1.165696233510971069e-01,3.746818602085113525e-01,1.593628525733947754e-01,-2.148284614086151123e-01,5.616005044430494308e-03,4.838705360889434814e-01,2.248875647783279419e-01,1.159050129354000092e-02,4.655316006392240524e-03,1.950535364449024200e-02,1.315603498369455338e-02,8.493265486322343349e-04,3.051878593396395445e-04,2.214970532804727554e-03,9.907359490171074867e-04,-8.283511735498905182e-03,-1.569593674503266811e-03,2.078778110444545746e-02,9.447705931961536407e-03,1.374689768999814987e-02,-4.128444567322731018e-02,3.289367631077766418e-02,5.030164867639541626e-02,-1.064423704519867897e-03,-1.039361231960356236e-03,1.064423704519867897e-03,1.772905234247446060e-03
-8.894906204659491777e-05,-1.513616152806207538e-04,2.737261238507926464e-04,2.002958208322525024e-04,6.483903527259826660e-02,7.095384877175092697e-03,6.483903527259826660e-02,8.583435788750648499e-03,2.461103536188602448e-02,6.450670189224183559e-04,3.553681448101997375e-02,3.544233972206711769e-03,-6.977250450290739536e-04,-1.221841201186180115e-03,1.056276611052453518e-03,1.373988809064030647e-03,4.861090565100312233e-04,7.470436976291239262e-04,1.702675945125520229e-03,3.797738347202539444e-03,5.230085849761962891e-01,7.470621168613433838e-02,5.230085849761962891e-01,1.187430396676063538e-01,3.924217447638511658e-02,-2.045473642647266388e-02,2.022514343261718750e-01,7.008261233568191528e-02,6.077012512832880020e-03,8.082270622253417969e-03,1.240893080830574036e-02,9.636644273996353149e-03,2.753072977066040039e-02,2.703960426151752472e-02,2.978178858757019043e-02,3.139453008770942688e-02,3.762329220771789551e-01,8.761683851480484009e-02,4.024046063423156738e-01,1.755410730838775635e-01,6.032784935086965561e-03,-2.735797688364982605e-02,1.572352945804595947e-01,4.018260166049003601e-02,2.874936675652861595e-03,-9.237535297870635986e-03,1.397632900625467300e-02,9.237535297870635986e-03,3.512159688398241997e-03,5.488613620400428772e-03,3.583194455131888390e-03,5.944051779806613922e-03,1.553935185074806213e-02,1.994390599429607391e-02,1.788117177784442902e-02,2.243063785135746002e-02,8.758187294006347656e-03,-1.267908141016960144e-03,1.429338380694389343e-02,2.934187185019254684e-03,-1.200619037263095379e-03,-1.150138326920568943e-03,1.694953651167452335e-03,1.209930749610066414e-03
0.000000000000000000e+00,0.000000000000000000e+00,0.000000000000000000e+00,0.000000000000000000e+00,0.000000000000000000e+00,0.000000000000000000e+00,0.000000000000000000e+00,0.000000000000000000e+00,2.778518944978713989e-02,1.168201398104429245e-02,8.127149939537048340e-02,2.524963952600955963e-02,9.352127090096473694e-03,2.604964654892683029e-03,9.930647909641265869e-03,2.650701906532049179e-03,0.000000000000000000e+00,0.000000000000000000e+00,0.000000000000000000e+00,0.000000000000000000e+00,1.826071292161941528e-01,5.973505973815917969e-02,1.826071292161941528e-01,5.973505973815917969e-02,5.487387627363204956e-02,-5.785476788878440857e-02,6.471599340438842773e-01,2.269842922687530518e-01,3.415930271148681641e-02,1.234057173132896423e-02,3.865449875593185425e-02,1.445185579359531403e-02,0.000000000000000000e+00,0.000000000000000000e+00,0.000000000000000000e+00,0.000000000000000000e+00,7.639542967081069946e-02,-6.678643077611923218e-02,7.639542967081069946e-02,7.047215104103088379e-02,2.201541811227798462e-01,-6.435529794543981552e-03,4.612334668636322021e-01,3.915209174156188965e-01,1.891916035674512386e-03,-4.442940466105937958e-03,1.310127135366201401e-02,1.172485668212175369e-02,0.000000000000000000e+00,0.000000000000000000e+00,0.000000000000000000e+00,0.000000000000000000e+00,1.062769442796707153e-03,4.055587342008948326e-04,1.624558353796601295e-03,1.569758285768330097e-03,2.200736850500106812e-02,-4.967780318111181259e-03,3.061714395880699158e-02,2.419760450720787048e-02,6.032285746186971664e-03,-3.142571076750755310e-03,6.228982005268335342e-03,3.748196177184581757e-03
2.799754403531551361e-02,-4.834363702684640884e-03,3.567603230476379395e-02,8.207865059375762939e-03,2.886934817070141435e-05,2.886934817070141435e-05,2.886934817070141435e-05,2.886934817070141435e-05,0.000000000000000000e+00,0.000000000000000000e+00,0.000000000000000000e+00,0.000000000000000000e+00,0.000000000000000000e+00,0.000000000000000000e+00,0.000000000000000000e+00,0.000000000000000000e+00,2.986080944538116455e-01,-6.932191550731658936e-02,4.343765974044799805e-01,1.330067217350006104e-01,3.266023099422454834e-02,-1.155735701322555542e-01,1.822665482759475708e-01,1.835027933120727539e-01,7.052312046289443970e-02,-7.052312046289443970e-02,7.052312046289443970e-02,7.052312046289443970e-02,0.000000000000000000e+00,0.000000000000000000e+00,0.000000000000000000e+00,0.000000000000000000e+00,3.552550077438354492e-01,2.082532085478305817e-02,5.413375496864318848e-01,1.835280209779739380e-01,4.244399070739746094e-02,4.679796099662780762e-02,2.238783389329910278e-01,2.412319481372833252e-01,9.160715341567993164e-02,6.831975281238555908e-02,9.160715341567993164e-02,6.831975281238555908e-02,0.000000000000000000e+00,0.000000000000000000e+00,0.000000000000000000e+00,0.000000000000000000e+00,3.385584428906440735e-02,1.561309956014156342e-02,4.638459905982017517e-02,2.349663339555263519e-02,5.687204189598560333e-03,4.831470549106597900e-03,1.720553636550903320e-02,7.434741593897342682e-03,0.000000000000000000e+00,0.000000000000000000e+00,0.000000000000000000e+00,0.000000000000000000e+00,0.000000000000000000e+00,0.000000000000000000e+00,0.000000000000000000e+00,0.000000000000000000e+00
4.338240541983395815e-04,-3.521543694660067558e-04,9.224422974511981010e-04,1.098755514249205589e-03,-2.081565558910369873e-03,1.678838510997593403e-03,4.055378492921590805e-03,4.839113913476467133e-03,6.920234858989715576e-02,4.262420535087585449e-02,6.920234858989715576e-02,4.277093335986137390e-02,-2.568472176790237427e-03,-1.943124691024422646e-03,3.589207539334893227e-03,2.752030733972787857e-03,1.720563013805076480e-04,4.584445850923657417e-04,4.638218320906162262e-03,8.750464767217636108e-03,2.962140142917633057e-01,9.689997136592864990e-02,3.122176826000213623e-01,1.223039552569389343e-01,3.152502179145812988e-01,1.543745845556259155e-01,3.288398087024688721e-01,1.709331274032592773e-01,-8.360367268323898315e-02,-7.822827436029911041e-03,8.377028256654739380e-02,3.168120235204696655e-02,-4.049751441925764084e-03,7.280928548425436020e-05,4.338396713137626648e-03,3.977978602051734924e-03,3.171259760856628418e-01,-9.313610196113586426e-02,3.207317888736724854e-01,1.098404079675674438e-01,2.875287532806396484e-01,-2.146219611167907715e-01,2.912203669548034668e-01,2.269931286573410034e-01,-2.843777462840080261e-02,3.030310571193695068e-02,2.914178930222988129e-02,3.071741946041584015e-02,4.623767017619684339e-05,1.018661423586308956e-04,4.354362026788294315e-04,3.384194569662213326e-04,-1.476476783864200115e-03,-6.635998724959790707e-04,2.605152316391468048e-03,1.384667702950537205e-03,4.030762612819671631e-02,-5.062849074602127075e-02,4.073170572519302368e-02,5.083687230944633484e-02,4.770213272422552109e-03,-6.321792025119066238e-03,4.773113876581192017e-03,6.321792025119066238e-03
-9.281869977712631226e-03,-5.235104821622371674e-03,9.283672086894512177e-03,5.363558884710073471e-03,4.895080998539924622e-02,4.045268287882208824e-04,6.054724007844924927e-02,4.223144147545099258e-03,-1.692501083016395569e-02,3.068690001964569092e-02,7.805956900119781494e-02,3.486205637454986572e-02,-2.934835385531187057e-03,3.254162147641181946e-03,2.959808567538857460e-03,3.321610158309340477e-03,3.703027032315731049e-04,3.133554244413971901e-03,1.292204856872558594e-02,2.795458585023880005e-02,3.027378022670745850e-01,4.689151421189308167e-02,3.869966864585876465e-01,8.897281438112258911e-02,2.433601915836334229e-01,1.929727382957935333e-02,2.812325060367584229e-01,4.145986214280128479e-02,-4.285377264022827148e-02,4.503833130002021790e-02,4.306656494736671448e-02,4.503833130002021790e-02,2.478896826505661011e-02,6.103035435080528259e-02,2.478896826505661011e-02,6.232362613081932068e-02,-5.648527666926383972e-02,4.094662964344024658e-01,3.350293636322021484e-01,4.176556766033172607e-01,2.366531789302825928e-01,3.532495722174644470e-02,2.392241358757019043e-01,5.960295349359512329e-02,-2.313943579792976379e-03,3.057058900594711304e-03,3.300198819488286972e-03,3.555185860022902489e-03,-4.943408566759899259e-05,2.585233414720278233e-05,1.802124315872788429e-04,7.898099720478057861e-04,1.317758695222437382e-03,3.271144116297364235e-03,1.317758695222437382e-03,3.339636605232954025e-03,3.356155357323586941e-04,5.071866326034069061e-04,3.356155357323586941e-04,5.071866326034069061e-04,-4.401295518619008362e-05,1.149420404544798657e-05,5.697279993910342455e-05,1.603100281499791890e-05
