3.420826280489563942e-03,-1.969552598893642426e-03,4.477870184928178787e-03,2.888922346755862236e-03,-5.865488201379776001e-03,8.914226782508194447e-04,3.831847012042999268e-02,4.419805482029914856e-03,1.971202529966831207e-02,7.395371794700622559e-03,2.352045476436614990e-02,8.020472712814807892e-03,8.634377445559948683e-05,7.819371239747852087e-05,1.045855751726776361e-04,7.819371239747852087e-05,2.562065608799457550e-02,1.280167978256940842e-02,2.746557816863059998e-02,1.291931979358196259e-02,-1.918403208255767822e-01,-4.085639864206314087e-02,3.952617645263671875e-01,7.229341566562652588e-02,2.958325743675231934e-01,-1.294349320232868195e-02,3.014947175979614258e-01,3.191445395350456238e-02,-2.841927635017782450e-04,2.841927635017782450e-04,2.841927635017782450e-04,2.841927635017782450e-04,2.041491307318210602e-02,7.008541841059923172e-03,2.077829092741012573e-02,7.296671159565448761e-03,-2.990405857563018799e-01,-8.446132391691207886e-02,4.140346944332122803e-01,9.184882789850234985e-02,4.003385603427886963e-01,7.614046800881624222e-03,4.037279188632965088e-01,2.358153834939002991e-02,-2.072941744700074196e-03,0.000000000000000000e+00,2.072941744700074196e-03,0.000000000000000000e+00,2.686531981453299522e-03,-1.213285606354475021e-03,2.807357348501682281e-03,2.493574284017086029e-03,-9.422080591320991516e-03,-2.688289433717727661e-02,1.024471521377563477e-01,2.856879681348800659e-02,3.626730293035507202e-02,3.630271879956126213e-03,3.659606724977493286e-02,4.888677969574928284e-03,-7.168218144215643406e-05,-7.168218144215643406e-05,7.168218144215643406e-05,7.168218144215643406e-05
2.116317395120859146e-03,-3.160922089591622353e-03,2.224166179075837135e-03,3.715654835104942322e-03,1.888735033571720123e-02,-1.064342167228460312e-02,1.888735033571720123e-02,1.575793139636516571e-02,-1.560014905408024788e-03,-2.254270715638995171e-03,1.002170424908399582e-02,4.261067137122154236e-03,1.518578734248876572e-03,3.448755014687776566e-04,1.518578734248876572e-03,3.448755014687776566e-04,1.958124572411179543e-03,-3.935335204005241394e-02,9.547595866024494171e-03,4.381375387310981750e-02,2.522413246333599091e-02,-2.959151566028594971e-01,8.323396742343902588e-02,2.959151566028594971e-01,3.228385746479034424e-01,-7.293204218149185181e-02,3.277252018451690674e-01,1.166610494256019592e-01,4.062170628458261490e-03,-8.734849689062684774e-05,4.202889744192361832e-03,1.640759524889290333e-03,4.285684321075677872e-03,-3.274205327033996582e-02,9.203705936670303345e-03,3.274205327033996582e-02,2.447487711906433105e-01,-1.482390016317367554e-01,2.672157883644104004e-01,1.872400492429733276e-01,4.160917103290557861e-01,6.358339637517929077e-02,4.279682934284210205e-01,7.202713191509246826e-02,3.445516340434551239e-03,-8.747412357479333878e-04,5.363492760807275772e-03,1.432639546692371368e-03,7.646974991075694561e-04,-3.452033502981066704e-03,1.940028858371078968e-03,3.452033502981066704e-03,1.039815172553062439e-01,8.534311316907405853e-03,1.074010729789733887e-01,4.487844184041023254e-02,2.106855809688568115e-02,-1.211166847497224808e-03,2.491723932325839996e-02,1.504644285887479782e-02,-5.568693813984282315e-05,-8.025589049793779850e-04,6.812870851717889309e-04,1.025492092594504356e-03
5.907467100769281387e-03,-1.090214471332728863e-03,6.993332877755165100e-03,2.693223999813199043e-03,7.470316439867019653e-02,-2.658881992101669312e-02,7.470316439867019653e-02,2.849500253796577454e-02,1.732986792922019958e-02,-3.727680770680308342e-03,1.843103207647800446e-02,1.073543820530176163e-02,4.477890906855463982e-04,-9.052963287103921175e-05,4.477890906855463982e-04,2.816052583511918783e-04,-1.124177221208810806e-02,6.982676684856414795e-02,3.055925294756889343e-02,7.807232439517974854e-02,1.478903889656066895e-01,5.031578987836837769e-02,2.679702341556549072e-01,1.874566078186035156e-01,4.000086486339569092e-01,-3.739641234278678894e-02,4.105623960494995117e-01,5.598565936088562012e-02,1.424685353413224220e-03,6.303012487478554249e-04,2.791727194562554359e-03,1.886089332401752472e-03,-6.526868324726819992e-03,7.652121130377054214e-03,1.140820328146219254e-02,3.210236132144927979e-02,5.516040325164794922e-02,3.196724355220794678e-01,1.966188102960586548e-01,4.076049029827117920e-01,2.794364690780639648e-01,6.808844953775405884e-02,3.256856203079223633e-01,9.357199072837829590e-02,1.533330883830785751e-03,-1.867559039965271950e-03,3.423590213060379028e-03,2.382250502705574036e-03,9.833581279963254929e-04,-5.352231091819703579e-04,1.490522059611976147e-03,7.600035169161856174e-04,8.895512670278549194e-03,-3.242392791435122490e-03,2.012418024241924286e-02,8.957911282777786255e-03,2.071973634883761406e-03,-4.235827072989195585e-04,2.220117114484310150e-02,3.959971480071544647e-03,5.184790352359414101e-04,-7.751886732876300812e-05,1.273993402719497681e-03,7.751886732876300812e-05
1.693974249064922333e-02,-7.406196091324090958e-03,1.725604571402072906e-02,9.268281050026416779e-03,6.713584065437316895e-03,-1.433865167200565338e-02,6.713584065437316895e-03,1.433865167200565338e-02,0.000000000000000000e+00,0.000000000000000000e+00,0.000000000000000000e+00,0.000000000000000000e+00,0.000000000000000000e+00,0.000000000000000000e+00,0.000000000000000000e+00,0.000000000000000000e+00,2.233701795339584351e-01,-1.846249699592590332e-01,2.264337539672851562e-01,1.948422640562057495e-01,2.179267257452011108e-01,-7.015428692102432251e-02,3.410574495792388916e-01,2.467133104801177979e-01,8.044166117906570435e-02,-4.556797817349433899e-02,8.044166117906570435e-02,6.696514040231704712e-02,0.000000000000000000e+00,0.000000000000000000e+00,0.000000000000000000e+00,0.000000000000000000e+00,2.915044724941253662e-01,1.594486087560653687e-01,3.831828236579895020e-01,1.904198527336120605e-01,2.621284723281860352e-01,9.214624017477035522e-02,4.031715393066406250e-01,1.807343661785125732e-01,4.990771040320396423e-02,4.990771040320396423e-02,4.990771040320396423e-02,4.990771040320396423e-02,0.000000000000000000e+00,0.000000000000000000e+00,0.000000000000000000e+00,0.000000000000000000e+00,1.171666104346513748e-02,7.391227874904870987e-03,1.607006601989269257e-02,7.786841131746768951e-03,3.546948777511715889e-03,5.095001310110092163e-03,3.546948777511715889e-03,5.095001310110092163e-03,0.000000000000000000e+00,0.000000000000000000e+00,0.000000000000000000e+00,0.000000000000000000e+00,0.000000000000000000e+00,0.000000000000000000e+00,0.000000000000000000e+00,0.000000000000000000e+00
6.702647078782320023e-03,-5.950950551778078079e-03,8.910885080695152283e-03,6.896522361785173416e-03,4.922768846154212952e-02,-5.845540761947631836e-02,4.922768846154212952e-02,5.845540761947631836e-02,3.775168675929307938e-03,-4.018772859126329422e-03,5.559148266911506653e-03,4.354984965175390244e-03,3.253294271416962147e-04,1.064553944161161780e-04,3.253294271416962147e-04,3.434868995100259781e-04,1.671791076660156250e-02,-1.013210043311119080e-02,2.268682979047298431e-02,1.801700517535209656e-02,3.182080388069152832e-01,-1.088751927018165588e-01,3.182080388069152832e-01,1.572614461183547974e-01,3.440591394901275635e-01,-8.813204616308212280e-02,3.458149135112762451e-01,9.258820116519927979e-02,9.656761540099978447e-04,1.051023369655013084e-03,1.835517934523522854e-03,1.921609975397586823e-03,-4.199584014713764191e-03,1.034970860928297043e-02,3.472194820642471313e-02,2.207457274198532104e-02,3.492871224880218506e-01,1.524383276700973511e-01,3.492871224880218506e-01,1.950101554393768311e-01,2.846502363681793213e-01,2.345355413854122162e-02,2.892618775367736816e-01,7.442334294319152832e-02,1.841185985540505499e-05,-1.943916198797523975e-03,2.760024042800068855e-03,4.201385192573070526e-03,-1.426416635513305664e-02,5.081315059214830399e-03,1.485543511807918549e-02,5.081315059214830399e-03,8.179908245801925659e-02,-1.382707804441452026e-02,8.532587438821792603e-02,1.571042090654373169e-02,1.626527868211269379e-02,-1.186161069199442863e-03,1.837078295648097992e-02,2.504392527043819427e-03,6.710108573315665126e-05,1.372009282931685448e-04,4.124320403207093477e-04,1.811348192859441042e-04
6.029611919075250626e-03,-6.981764454394578934e-03,6.170826498419046402e-03,8.872975595295429230e-03,1.904931478202342987e-02,-4.626651480793952942e-02,1.989164203405380249e-02,4.711373150348663330e-02,1.583949476480484009e-02,-1.330023072659969330e-02,1.688725873827934265e-02,1.425819098949432373e-02,1.874057261375128292e-06,-7.170667231548577547e-05,1.874999434221535921e-04,1.071852093446068466e-04,4.784602299332618713e-02,4.577655345201492310e-03,5.525236949324607849e-02,1.797853037714958191e-02,-8.908515423536300659e-02,5.116989463567733765e-02,3.912481069564819336e-01,1.349583268165588379e-01,3.351018428802490234e-01,-3.750943392515182495e-02,3.351018428802490234e-01,7.403982430696487427e-02,3.835870011243969202e-04,-2.351248258491978049e-04,1.099935267120599747e-03,1.398027408868074417e-03,1.361509971320629120e-02,1.577369868755340576e-02,1.968890242278575897e-02,4.128051176667213440e-02,1.071760058403015137e-01,-1.559861842542886734e-02,2.289924621582031250e-01,5.904523134231567383e-01,2.489884644746780396e-01,8.145228773355484009e-02,2.831929028034210205e-01,9.426309913396835327e-02,2.682901453226804733e-03,-1.540705561637878418e-03,2.816385356709361076e-03,1.700460328720510006e-03,2.332088304683566093e-03,9.402772411704063416e-04,2.925799228250980377e-03,1.186270965263247490e-03,2.499527856707572937e-02,1.008947938680648804e-02,2.499527856707572937e-02,1.015440654009580612e-02,-1.967687159776687622e-03,-8.160682627931237221e-04,1.426617521792650223e-02,3.545349696651101112e-03,9.099442395381629467e-04,4.434747970663011074e-04,9.099442395381629467e-04,4.434747970663011074e-04
1.352307968772947788e-03,-6.895751226693391800e-03,1.691238023340702057e-03,6.895751226693391800e-03,3.999501839280128479e-02,-5.553457140922546387e-02,3.999501839280128479e-02,5.553457140922546387e-02,2.538112178444862366e-02,-1.617103815078735352e-02,2.558523975312709808e-02,1.651449501514434814e-02,-6.140103505458682775e-05,1.174714343505911529e-04,1.390117249684408307e-04,2.158193674404174089e-04,-3.702404908835887909e-03,-6.108058732934296131e-04,4.515514243394136429e-03,8.549386635422706604e-03,2.923765182495117188e-01,-1.001523509621620178e-01,2.979319393634796143e-01,1.065788045525550842e-01,3.714376986026763916e-01,-3.479907661676406860e-02,3.722569644451141357e-01,5.139904096722602844e-02,-7.940790965221822262e-04,-2.486453158780932426e-04,1.808855682611465454e-03,1.410329248756170273e-03,-6.751131266355514526e-03,1.077655237168073654e-02,8.909929543733596802e-03,1.108752097934484482e-02,2.654077410697937012e-01,5.318918824195861816e-02,3.028472959995269775e-01,5.506143718957901001e-02,4.017852842807769775e-01,6.775821745395660400e-02,4.033879339694976807e-01,6.941209733486175537e-02,-2.043750864686444402e-04,-8.082189742708578706e-05,7.946097175590693951e-04,7.542416569776833057e-04,-4.294718964956700802e-04,-3.901063173543661833e-04,9.968761587515473366e-04,8.143932209350168705e-04,6.043483689427375793e-02,1.518338825553655624e-02,6.760104745626449585e-02,1.603667065501213074e-02,3.044595569372177124e-02,4.415706265717744827e-03,3.044595569372177124e-02,4.841489717364311218e-03,9.007197513710707426e-05,1.321869349339976907e-04,1.133815312641672790e-04,1.321869349339976907e-04
-2.510090416762977839e-04,-1.570310629904270172e-02,9.242744185030460358e-03,1.707550883293151855e-02,5.769644305109977722e-02,-6.204984709620475769e-02,5.769644305109977722e-02,6.218884885311126709e-02,-9.018864366225898266e-04,-1.909071812406182289e-03,5.735638551414012909e-03,2.192432526499032974e-03,2.384873951086774468e-04,3.504991036606952548e-05,2.384873951086774468e-04,1.082474555005319417e-04,7.062583416700363159e-02,1.023862361907958984e-01,7.394471764564514160e-02,1.351402550935745239e-01,4.372408688068389893e-01,2.015276402235031128e-01,4.806451797485351562e-01,3.928788602352142334e-01,8.697827160358428955e-02,-2.817204408347606659e-02,9.620045870542526245e-02,3.472426161170005798e-02,-3.387001634109765291e-04,4.496028413996100426e-04,1.895795809105038643e-03,2.063704654574394226e-03,-6.146327778697013855e-02,2.843869384378194809e-03,7.826377451419830322e-02,5.409348756074905396e-02,2.869000136852264404e-01,-5.088049918413162231e-02,4.018232822418212891e-01,1.777109205722808838e-01,8.006396889686584473e-02,8.293589577078819275e-03,9.420451521873474121e-02,3.416743502020835876e-02,1.790936803445219994e-04,-1.534046314191073179e-04,2.376562217250466347e-03,1.415323931723833084e-03,-3.044809680432081223e-03,2.302082488313317299e-03,4.215609282255172729e-03,2.302082488313317299e-03,1.522360369563102722e-02,1.114957313984632492e-02,3.716772422194480896e-02,1.273783855140209198e-02,1.411871705204248428e-02,2.581410808488726616e-03,1.741269975900650024e-02,2.612689044326543808e-03,-2.668275847099721432e-04,-4.090052243554964662e-05,4.469781997613608837e-04,1.933722523972392082e-04
-2.703495789319276810e-03,2.489336067810654640e-03,2.703495789319276810e-03,2.489336067810654640e-03,5.399144440889358521e-02,-9.070610627532005310e-03,7.898630201816558838e-02,2.597479335963726044e-02,2.221199497580528259e-02,-1.215042546391487122e-02,2.221199497580528259e-02,1.215042546391487122e-02,0.000000000000000000e+00,0.000000000000000000e+00,0.000000000000000000e+00,0.000000000000000000e+00,-7.961640134453773499e-03,9.927859529852867126e-03,7.961640134453773499e-03,1.152848545461893082e-02,-1.368741244077682495e-01,7.831600308418273926e-02,2.441612631082534790e-01,1.184534579515457153e-01,5.153448581695556641e-01,-1.143892332911491394e-01,5.153448581695556641e-01,1.143892332911491394e-01,0.000000000000000000e+00,0.000000000000000000e+00,0.000000000000000000e+00,0.000000000000000000e+00,-3.305194200947880745e-03,1.115610450506210327e-02,4.143361467868089676e-03,2.612913586199283600e-02,-8.612590283155441284e-02,2.071108967065811157e-01,1.273443251848220825e-01,2.345734834671020508e-01,2.802527248859405518e-01,1.459320038557052612e-01,2.830832004547119141e-01,1.657909750938415527e-01,0.000000000000000000e+00,0.000000000000000000e+00,0.000000000000000000e+00,0.000000000000000000e+00,7.755589904263615608e-04,3.041283227503299713e-03,9.018933051265776157e-04,3.369781421497464180e-03,1.800297014415264130e-02,3.119728341698646545e-02,1.802284456789493561e-02,3.159592673182487488e-02,3.809842746704816818e-03,5.306357052177190781e-03,3.809842746704816818e-03,5.306357052177190781e-03,0.000000000000000000e+00,0.000000000000000000e+00,0.000000000000000000e+00,0.000000000000000000e+00
-3.284575883299112320e-03,1.399161828885553405e-05,4.488118924200534821e-03,2.596404556243214756e-05,9.284403175115585327e-03,-2.165112411603331566e-03,8.702862262725830078e-02,2.165112411603331566e-03,3.132164850831031799e-02,-3.732698096428066492e-04,3.132164850831031799e-02,8.122247527353465557e-04,2.063543652184307575e-04,2.610864612506702542e-05,2.063543652184307575e-04,2.610864612506702542e-05,-2.448404021561145782e-02,-6.972107803449034691e-04,3.306887671351432800e-02,7.340577431023120880e-04,7.499217242002487183e-02,-1.645697094500064850e-02,5.914593935012817383e-01,2.146181464195251465e-02,2.200808823108673096e-01,8.386139757931232452e-03,2.200808823108673096e-01,1.814860105514526367e-02,5.780216088169254363e-05,-5.469889729283750057e-04,5.780216088169254363e-05,6.625932874158024788e-04,-2.770392224192619324e-02,-9.681166848167777061e-04,3.647773712873458862e-02,9.681166848167777061e-04,1.111922934651374817e-01,-1.936281472444534302e-02,6.438062191009521484e-01,3.477296978235244751e-02,2.138384878635406494e-01,9.980851784348487854e-03,2.138384878635406494e-01,1.400198135524988174e-02,0.000000000000000000e+00,0.000000000000000000e+00,0.000000000000000000e+00,0.000000000000000000e+00,-4.286051727831363678e-03,-1.177512240246869624e-04,5.492808762937784195e-03,1.177512240246869624e-04,2.603057213127613068e-02,-4.278991837054491043e-03,1.034310609102249146e-01,4.363193642348051071e-03,2.666836977005004883e-02,1.672462676651775837e-03,2.698731794953346252e-02,1.952329417690634727e-03,0.000000000000000000e+00,0.000000000000000000e+00,0.000000000000000000e+00,0.000000000000000000e+00
7.300924626179039478e-04,-7.158223539590835571e-03,2.309633418917655945e-03,7.158223539590835571e-03,2.648778632283210754e-02,-4.787541553378105164e-02,3.007707931101322174e-02,4.787541553378105164e-02,2.211462706327438354e-02,-1.145759411156177521e-02,2.216680347919464111e-02,1.232851296663284302e-02,-5.608422361547127366e-05,6.848212797194719315e-05,1.941634836839511991e-04,1.403062778990715742e-04,-4.312543664127588272e-03,-1.375863794237375259e-03,1.126414258033037186e-02,1.618490740656852722e-02,8.108115941286087036e-02,-7.015050202608108521e-02,1.375090181827545166e-01,1.445964723825454712e-01,4.619185626506805420e-01,-1.048829630017280579e-01,4.619185626506805420e-01,1.080673933029174805e-01,-8.200651500374078751e-04,-5.835934425704181194e-04,1.106640091165900230e-03,1.813226728700101376e-03,1.503526978194713593e-02,1.855623722076416016e-02,2.480209805071353912e-02,1.936672069132328033e-02,-2.192645892500877380e-02,1.155674532055854797e-01,2.022894620895385742e-01,1.195129752159118652e-01,4.523601233959197998e-01,3.987240791320800781e-02,4.526933133602142334e-01,4.838026687502861023e-02,-4.714038223028182983e-04,7.135474588721990585e-04,9.084009216167032719e-04,1.765196211636066437e-03,-7.584467530250549316e-04,7.901710923761129379e-04,3.185366746038198471e-03,8.263420895673334599e-04,-3.145548282191157341e-03,5.770234856754541397e-03,1.305443514138460159e-02,7.334934547543525696e-03,5.740435793995857239e-02,6.972413510084152222e-03,5.740435793995857239e-02,1.665733009576797485e-02,2.120171993738040328e-04,-3.289679880253970623e-04,2.525358577258884907e-04,4.647566238418221474e-04
-1.572845387272536755e-03,-5.363007658161222935e-04,9.758278727531433105e-03,7.182566914707422256e-04,5.731098726391792297e-02,-3.538864199072122574e-03,6.086794659495353699e-02,3.538864199072122574e-03,2.056106131931301206e-05,2.056106131931301206e-05,2.056106131931301206e-05,2.056106131931301206e-05,0.000000000000000000e+00,0.000000000000000000e+00,0.000000000000000000e+00,0.000000000000000000e+00,-2.580554038286209106e-02,-1.183725520968437195e-02,9.191595762968063354e-02,1.183725520968437195e-02,4.284486174583435059e-01,-2.119681984186172485e-02,5.248302817344665527e-01,8.084229379892349243e-02,2.796377055346965790e-02,-2.796377055346965790e-02,2.796377055346965790e-02,2.796377055346965790e-02,0.000000000000000000e+00,0.000000000000000000e+00,0.000000000000000000e+00,0.000000000000000000e+00,-2.305169589817523956e-02,-3.476097062230110168e-02,8.421812951564788818e-02,3.496748581528663635e-02,4.690572917461395264e-01,4.312286898493766785e-02,5.146675109863281250e-01,7.555522024631500244e-02,3.021528571844100952e-02,1.627813465893268585e-02,6.532224267721176147e-02,4.259118810296058655e-02,0.000000000000000000e+00,0.000000000000000000e+00,0.000000000000000000e+00,0.000000000000000000e+00,1.087638456374406815e-02,1.194686442613601685e-02,1.168176624923944473e-02,1.377768069505691528e-02,3.923477604985237122e-02,1.809925585985183716e-02,4.068678990006446838e-02,2.091970108449459076e-02,3.652198472991585732e-03,1.772716641426086426e-04,3.652198472991585732e-03,3.304403740912675858e-03,0.000000000000000000e+00,0.000000000000000000e+00,0.000000000000000000e+00,0.000000000000000000e+00
1.120900036767125130e-03,-5.385020049288868904e-04,1.165304798632860184e-03,5.418900982476770878e-04,5.488220229744911194e-02,-8.713614195585250854e-03,5.605337396264076233e-02,1.475970633327960968e-02,3.400864452123641968e-02,-1.060726679861545563e-02,3.410175815224647522e-02,1.093090511858463287e-02,6.863410817459225655e-05,2.556371691753156483e-05,1.198037716676481068e-04,5.095292726764455438e-05,5.495114251971244812e-03,4.116850439459085464e-03,8.507597260177135468e-03,4.116850439459085464e-03,4.251428321003913879e-02,5.172090604901313782e-02,2.636198699474334717e-01,8.608188480138778687e-02,5.002322793006896973e-01,-8.239158987998962402e-02,5.022362470626831055e-01,8.381647616624832153e-02,4.621035186573863029e-04,-3.138408355880528688e-04,8.704889914952218533e-04,8.832470630295574665e-04,2.608708105981349945e-03,4.378334060311317444e-02,7.989762350916862488e-03,4.385304823517799377e-02,7.016942370682954788e-03,2.376989126205444336e-01,1.748015582561492920e-01,2.376989126205444336e-01,3.345669507980346680e-01,3.137884661555290222e-02,3.506907522678375244e-01,9.082023799419403076e-02,-2.620235318318009377e-04,2.498990215826779604e-04,9.890008950605988503e-04,5.077550304122269154e-04,1.244942075572907925e-03,4.827236989513039589e-04,1.545367296785116196e-03,9.268219000659883022e-04,1.299865660257637501e-03,4.010587465018033981e-03,2.766268095001578331e-03,5.427674390375614166e-03,1.676096022129058838e-02,-5.157412029802799225e-03,3.279667720198631287e-02,8.380725979804992676e-03,2.924354048445820808e-04,-1.167829395853914320e-04,3.325685975141823292e-04,1.257606782019138336e-04
0.000000000000000000e+00,0.000000000000000000e+00,0.000000000000000000e+00,0.000000000000000000e+00,0.000000000000000000e+00,0.000000000000000000e+00,0.000000000000000000e+00,0.000000000000000000e+00,7.171375211328268051e-03,-2.623233885969966650e-04,8.359373547136783600e-03,5.412957165390253067e-03,4.924754146486520767e-03,2.368600573390722275e-03,6.242309696972370148e-03,6.808388978242874146e-03,0.000000000000000000e+00,0.000000000000000000e+00,0.000000000000000000e+00,0.000000000000000000e+00,3.125722333788871765e-02,3.549928963184356689e-02,3.125722333788871765e-02,3.549928963184356689e-02,6.831497699022293091e-02,8.267318457365036011e-02,1.401937156915664673e-01,1.113391146063804626e-01,1.539353281259536743e-01,1.400042772293090820e-01,1.943653225898742676e-01,1.508796364068984985e-01,0.000000000000000000e+00,0.000000000000000000e+00,0.000000000000000000e+00,0.000000000000000000e+00,5.481554195284843445e-02,5.830434150993824005e-03,1.128032058477401733e-01,7.940384745597839355e-02,4.607672095298767090e-01,7.237605750560760498e-02,5.568153858184814453e-01,3.363212347030639648e-01,1.251927614212036133e-01,2.673468552529811859e-02,2.676134705543518066e-01,2.563402652740478516e-01,6.546468648593872786e-05,4.339807856013067067e-05,6.546468648593872786e-05,8.263468771474435925e-05,4.449014551937580109e-03,-2.699234988540410995e-03,1.877748221158981323e-02,1.835116744041442871e-02,1.016881093382835388e-01,3.750627487897872925e-02,1.157143190503120422e-01,6.926545500755310059e-02,1.113616116344928741e-02,1.169890398159623146e-03,2.042322047054767609e-02,1.379065029323101044e-02
2.154819201678037643e-03,-2.488006721250712872e-04,2.154819201678037643e-03,3.709665033966302872e-04,6.442049890756607056e-02,1.969013363122940063e-02,6.442049890756607056e-02,2.015697583556175232e-02,2.540381252765655518e-02,1.111170835793018341e-02,2.540381252765655518e-02,1.111170835793018341e-02,6.872562516946345568e-05,4.179916504654102027e-05,6.872562516946345568e-05,4.440268094185739756e-05,9.854067116975784302e-03,3.137746825814247131e-03,1.018409896641969681e-02,5.455994978547096252e-03,3.470468223094940186e-01,-3.908653929829597473e-02,4.059271514415740967e-01,1.899587959051132202e-01,2.039177715778350830e-01,-3.539878502488136292e-02,2.039177715778350830e-01,5.263303965330123901e-02,7.594500202685594559e-04,3.220892976969480515e-04,8.690964896231889725e-04,5.599441938102245331e-04,1.321328617632389069e-02,6.604934111237525940e-03,1.888033747673034668e-02,7.764095440506935120e-03,3.963587284088134766e-01,8.846893906593322754e-03,5.496901273727416992e-01,1.783584654331207275e-01,1.785797029733657837e-01,6.069073081016540527e-02,1.785797029733657837e-01,6.069073081016540527e-02,-5.791535950265824795e-04,-1.565577549627050757e-04,8.272104314528405666e-04,7.318846764974296093e-04,3.787999274209141731e-03,1.315239351242780685e-03,5.299832671880722046e-03,2.076578093692660332e-03,7.411692291498184204e-02,1.410909369587898254e-02,9.904438257217407227e-02,2.452737465500831604e-02,1.791366608813405037e-03,1.442195614799857140e-03,1.983150839805603027e-03,1.525439787656068802e-03,-6.909644434927031398e-05,-6.909644434927031398e-05,1.273461093660444021e-04,1.273461093660444021e-04
6.367303896695375443e-03,-1.169831608422100544e-03,8.123178966343402863e-03,1.673327176831662655e-03,1.408472377806901932e-02,-8.710384368896484375e-03,6.058185547590255737e-02,1.295779738575220108e-02,3.059878945350646973e-02,-7.223486900329589844e-03,3.278759494423866272e-02,7.223486900329589844e-03,7.094594184309244156e-05,-2.763481643341947347e-05,7.094594184309244156e-05,2.763481643341947347e-05,2.308254502713680267e-02,-4.201424308121204376e-03,3.851277008652687073e-02,7.726727519184350967e-03,-7.259065657854080200e-02,-1.912508346140384674e-02,2.460016608238220215e-01,3.808538988232612610e-02,4.396042525768280029e-01,-3.180599957704544067e-02,4.517117142677307129e-01,3.663110360503196716e-02,2.819059591274708509e-04,1.313839922659099102e-03,6.076002609916031361e-04,1.408151001669466496e-03,2.251902222633361816e-02,-1.906595076434314251e-03,3.415963053703308105e-02,4.284472204744815826e-03,-8.620933443307876587e-02,2.961699850857257843e-02,2.969060540199279785e-01,8.493679016828536987e-02,4.526303410530090332e-01,1.737488619983196259e-02,4.535841941833496094e-01,2.643114328384399414e-02,-4.051590512972325087e-04,-1.610946375876665115e-03,4.884633817709982395e-04,1.610946375876665115e-03,4.581094719469547272e-03,-2.702658239286392927e-04,5.839958786964416504e-03,5.651460960507392883e-04,-2.032637828961014748e-03,9.806005255086347461e-05,2.648983150720596313e-02,6.946038454771041870e-03,5.498398840427398682e-02,3.379144473001360893e-03,5.885624885559082031e-02,3.530959365889430046e-03,1.160761312348768115e-04,-8.805320248939096928e-05,1.233171642525121570e-04,9.748885349836200476e-05
1.026983009069226682e-04,-1.342183793894946575e-03,1.963443501153960824e-04,1.599211478605866432e-03,1.685606664977967739e-03,-9.098977781832218170e-03,3.176179481670260429e-03,9.542757645249366760e-03,-7.960166840348392725e-05,5.769456038251519203e-04,2.561386674642562866e-03,3.108081175014376640e-03,-1.063694944605231285e-04,-2.233517734566703439e-04,3.214696771465241909e-04,2.233517734566703439e-04,-1.928907702676951885e-03,-1.621757517568767071e-03,2.398202894255518913e-03,8.292882703244686127e-03,-1.338669806718826294e-01,-1.541135907173156738e-01,2.073211222887039185e-01,1.757479608058929443e-01,2.487981021404266357e-01,-7.611853629350662231e-02,2.575266659259796143e-01,1.087394654750823975e-01,2.050496404990553856e-03,1.037240377627313137e-03,2.050496404990553856e-03,1.037240377627313137e-03,-2.019083127379417419e-03,3.139844164252281189e-03,2.019083127379417419e-03,3.139844164252281189e-03,-1.802248209714889526e-01,-1.098210886120796204e-01,6.222510337829589844e-01,1.545744240283966064e-01,3.556516170501708984e-01,4.904460906982421875e-02,3.603380322456359863e-01,6.439346075057983398e-02,0.000000000000000000e+00,0.000000000000000000e+00,0.000000000000000000e+00,0.000000000000000000e+00,-1.441933447495102882e-03,-1.038315749610774219e-04,1.527737709693610668e-03,6.698243669234216213e-04,2.655621059238910675e-02,1.720895525068044662e-03,1.313769370317459106e-01,3.418076038360595703e-02,1.633062213659286499e-02,3.825948340818285942e-03,1.798316091299057007e-02,5.702692084014415741e-03,0.000000000000000000e+00,0.000000000000000000e+00,0.000000000000000000e+00,0.000000000000000000e+00
0.000000000000000000e+00,0.000000000000000000e+00,0.000000000000000000e+00,0.000000000000000000e+00,1.314587425440549850e-03,9.697487257653847337e-05,1.314587425440549850e-03,4.744358593598008156e-04,4.320924356579780579e-02,7.003571372479200363e-03,4.609426483511924744e-02,9.561066515743732452e-03,1.282202731817960739e-02,8.506691083312034607e-04,1.282202731817960739e-02,8.710920810699462891e-04,0.000000000000000000e+00,0.000000000000000000e+00,0.000000000000000000e+00,0.000000000000000000e+00,1.084582135081291199e-02,5.673645995557308197e-03,1.084582135081291199e-02,6.885868031531572342e-03,3.393941819667816162e-01,1.868728175759315491e-02,6.129984259605407715e-01,4.078503698110580444e-02,9.329323470592498779e-02,5.190545227378606796e-03,9.329323470592498779e-02,6.201491691172122955e-03,0.000000000000000000e+00,0.000000000000000000e+00,0.000000000000000000e+00,0.000000000000000000e+00,1.070384122431278229e-02,-5.968272686004638672e-03,1.070384122431278229e-02,7.660116534680128098e-03,3.391879200935363770e-01,1.652072742581367493e-02,5.665897130966186523e-01,1.584548503160476685e-01,8.425717055797576904e-02,9.215083555318415165e-04,8.867209404706954956e-02,5.225248634815216064e-03,0.000000000000000000e+00,0.000000000000000000e+00,0.000000000000000000e+00,0.000000000000000000e+00,2.785647229757159948e-04,1.765262568369507790e-04,2.785647229757159948e-04,2.284612564835697412e-04,5.609854683279991150e-02,-1.700761169195175171e-02,6.370025873184204102e-02,1.899550668895244598e-02,8.315322920680046082e-03,-2.885957015678286552e-03,8.363563567399978638e-03,2.965280087664723396e-03
0.000000000000000000e+00,0.000000000000000000e+00,0.000000000000000000e+00,0.000000000000000000e+00,0.000000000000000000e+00,0.000000000000000000e+00,0.000000000000000000e+00,0.000000000000000000e+00,4.902104847133159637e-03,8.529917337000370026e-03,8.748257532715797424e-03,9.007881395518779755e-03,2.116724289953708649e-02,7.953174412250518799e-03,2.131421677768230438e-02,8.534619584679603577e-03,0.000000000000000000e+00,0.000000000000000000e+00,0.000000000000000000e+00,0.000000000000000000e+00,1.173097416758537292e-01,1.039497181773185730e-01,1.173097416758537292e-01,1.039497181773185730e-01,-4.947887361049652100e-02,5.965986475348472595e-02,2.032379657030105591e-01,1.690669506788253784e-01,3.730145394802093506e-01,6.993213295936584473e-02,3.730145394802093506e-01,8.054888248443603516e-02,0.000000000000000000e+00,0.000000000000000000e+00,0.000000000000000000e+00,0.000000000000000000e+00,1.463209092617034912e-01,-9.844218939542770386e-02,1.463209092617034912e-01,9.844218939542770386e-02,-9.950717538595199585e-02,-7.147669792175292969e-02,1.810076981782913208e-01,1.643891334533691406e-01,4.644650816917419434e-01,3.493464319035410881e-03,4.715363681316375732e-01,5.290281027555465698e-02,0.000000000000000000e+00,0.000000000000000000e+00,0.000000000000000000e+00,0.000000000000000000e+00,0.000000000000000000e+00,0.000000000000000000e+00,0.000000000000000000e+00,0.000000000000000000e+00,5.469691008329391479e-03,-4.071201663464307785e-03,5.469691008329391479e-03,4.688079934567213058e-03,5.413015186786651611e-02,-8.686251938343048096e-03,5.413015186786651611e-02,9.950661100447177887e-03
9.953566041076555848e-05,-1.992488745599985123e-03,7.956876652315258980e-04,1.992488745599985123e-03,1.242812373675405979e-03,-2.964344341307878494e-03,1.242812373675405979e-03,2.964344341307878494e-03,0.000000000000000000e+00,0.000000000000000000e+00,0.000000000000000000e+00,0.000000000000000000e+00,0.000000000000000000e+00,0.000000000000000000e+00,0.000000000000000000e+00,0.000000000000000000e+00,1.074720993638038635e-01,-8.002945780754089355e-02,1.138617023825645447e-01,8.525351434946060181e-02,-1.709900200366973877e-01,-8.608781546354293823e-02,2.959009110927581787e-01,1.897195726633071899e-01,2.455649822950363159e-01,-9.607189893722534180e-02,2.455649822950363159e-01,9.607189893722534180e-02,0.000000000000000000e+00,0.000000000000000000e+00,0.000000000000000000e+00,0.000000000000000000e+00,4.039799273014068604e-01,3.301033284515142441e-03,4.064048230648040771e-01,9.396520256996154785e-02,-4.656631126999855042e-02,5.718060955405235291e-02,3.928031921386718750e-01,2.856239676475524902e-01,1.729591935873031616e-01,1.060715168714523315e-01,1.729591935873031616e-01,1.060715168714523315e-01,0.000000000000000000e+00,0.000000000000000000e+00,0.000000000000000000e+00,0.000000000000000000e+00,2.245564572513103485e-02,9.590462781488895416e-03,2.253541909158229828e-02,9.957889094948768616e-03,4.672285635024309158e-03,-2.035880228504538536e-03,1.554313395172357559e-02,1.407940406352281570e-02,0.000000000000000000e+00,0.000000000000000000e+00,0.000000000000000000e+00,0.000000000000000000e+00,0.000000000000000000e+00,0.000000000000000000e+00,0.000000000000000000e+00,0.000000000000000000e+00
2.746372774709016085e-04,-2.217760084022302181e-05,4.279760469216853380e-04,7.483264198526740074e-04,6.866803020238876343e-02,-2.044973522424697876e-02,6.992060691118240356e-02,2.175243198871612549e-02,-1.508119516074657440e-03,-6.731953471899032593e-04,3.415753832086920738e-03,1.366617274470627308e-03,6.726662832079455256e-05,-1.465120294596999884e-04,1.249773340532556176e-04,1.514850300736725330e-04,4.286310635507106781e-03,1.853776979260146618e-03,6.250482518225908279e-03,4.292134661227464676e-03,4.643678665161132812e-01,-2.753691934049129486e-02,5.444099307060241699e-01,1.265975385904312134e-01,-4.198976326733827591e-03,9.910963475704193115e-03,2.592254988849163055e-02,1.406528800725936890e-02,-4.767048812936991453e-04,6.632491131313145161e-04,9.555190918035805225e-04,8.534206426702439785e-04,4.963511601090431213e-03,7.737668347544968128e-04,6.599337328225374222e-03,3.653197083622217178e-03,4.743321537971496582e-01,4.821225069463253021e-03,4.743321537971496582e-01,3.132057934999465942e-02,-2.729277824983000755e-03,-1.417888980358839035e-02,1.815837062895298004e-02,1.681896299123764038e-02,-9.413311490789055824e-04,1.293523382628336549e-04,1.809049863368272781e-03,9.529677336104214191e-04,1.412325538694858551e-03,9.032039088197052479e-04,1.412325538694858551e-03,1.223758212290704250e-03,6.014587730169296265e-02,1.205990742892026901e-02,6.142093613743782043e-02,1.279271766543388367e-02,4.860641784034669399e-04,3.872335073538124561e-04,3.722047666087746620e-03,9.814616059884428978e-04,-1.613881031516939402e-04,7.089794962666928768e-05,1.635467051528394222e-04,8.246424113167449832e-05
2.026459900662302971e-03,-2.190165454521775246e-03,2.517628250643610954e-03,2.890284638851881027e-03,6.658942252397537231e-02,-3.119609504938125610e-02,6.658942252397537231e-02,3.119609504938125610e-02,5.913639441132545471e-03,-1.477081561461091042e-03,9.046796709299087524e-03,2.894446486607193947e-03,1.095863353839376941e-05,-5.081313065602444112e-05,1.875981979537755251e-04,2.157341223210096359e-04,-1.061702892184257507e-02,8.297611027956008911e-03,1.300746574997901917e-02,9.604677557945251465e-03,3.894155323505401611e-01,-9.919524937868118286e-02,4.059252440929412842e-01,1.018407791852951050e-01,1.886544674634933472e-01,-3.051340579986572266e-02,1.914354860782623291e-01,3.940413892269134521e-02,6.486603524535894394e-04,8.671699324622750282e-04,6.486603524535894394e-04,1.012431341223418713e-03,-2.033387124538421631e-02,4.627652000635862350e-03,2.033387124538421631e-02,5.422311834990978241e-03,4.254682660102844238e-01,4.846396297216415405e-02,5.385224819183349609e-01,1.089688837528228760e-01,1.878727227449417114e-01,3.607970103621482849e-02,1.905666142702102661e-01,4.607776552438735962e-02,1.061397022567689419e-03,2.958749828394502401e-04,1.061397022567689419e-03,2.958749828394502401e-04,-4.736739676445722580e-03,-9.235848556272685528e-04,4.736739676445722580e-03,9.994060965254902840e-04,7.985284924507141113e-02,2.718139067292213440e-02,8.965368568897247314e-02,2.860586345195770264e-02,4.106091801077127457e-03,2.022084547206759453e-03,4.654156044125556946e-03,2.345739630982279778e-03,0.000000000000000000e+00,0.000000000000000000e+00,0.000000000000000000e+00,0.000000000000000000e+00
1.384137431159615517e-03,3.498407750157639384e-05,1.992823556065559387e-03,7.193443016149103642e-04,2.999141812324523926e-02,-7.920043542981147766e-03,1.122042611241340637e-01,2.821091562509536743e-02,1.579207368195056915e-03,-2.131602232111617923e-04,5.640118382871150970e-03,3.127853618934750557e-03,2.769941056612879038e-04,-1.415604347130283713e-04,5.006507853977382183e-04,3.652171290013939142e-04,3.054937534034252167e-02,-1.218461338430643082e-02,3.185994178056716919e-02,1.218461338430643082e-02,-9.215381741523742676e-02,5.733032897114753723e-02,6.860637664794921875e-01,1.567617952823638916e-01,2.519854307174682617e-01,-6.264898180961608887e-02,2.989549934864044189e-01,6.825188547372817993e-02,1.358722918666899204e-03,1.214079558849334717e-03,1.712706056423485279e-03,1.214079558849334717e-03,3.142391890287399292e-02,-3.438126295804977417e-02,3.796165436506271362e-02,3.826578706502914429e-02,-3.036420606076717377e-02,7.474650442600250244e-02,3.224181234836578369e-01,2.713971436023712158e-01,2.314199358224868774e-01,5.073394626379013062e-02,2.506622374057769775e-01,6.799744069576263428e-02,-8.180127479135990143e-04,-5.434636841528117657e-04,1.845349208451807499e-03,2.883674344047904015e-03,1.345911645330488682e-03,7.963097654283046722e-03,3.360300324857234955e-03,7.963097654283046722e-03,2.115196920931339264e-02,1.920588873326778412e-02,2.536842599511146545e-02,2.020113915205001831e-02,2.596483798697590828e-03,4.107249900698661804e-03,3.840810619294643402e-03,4.483752418309450150e-03,2.615146222524344921e-04,-2.615761768538504839e-04,2.615146222524344921e-04,2.615761768538504839e-04
1.128488592803478241e-02,-7.638695184141397476e-03,1.303826924413442612e-02,8.450752124190330505e-03,1.563831791281700134e-02,-2.641449496150016785e-02,1.588475331664085388e-02,2.731219492852687836e-02,-5.940379924140870571e-05,-1.587908627698197961e-04,1.233990653418004513e-03,1.099239103496074677e-03,1.288075727643445134e-04,5.200953455641865730e-05,1.288075727643445134e-04,1.681715948507189751e-04,-5.129138007760047913e-03,3.272894397377967834e-02,5.389951542019844055e-02,5.452103540301322937e-02,3.919886350631713867e-01,-4.387342557311058044e-02,4.759793877601623535e-01,3.503552377223968506e-01,1.192185208201408386e-01,-1.675094850361347198e-02,1.211106255650520325e-01,3.362368792295455933e-02,6.566640222445130348e-04,2.176686393795534968e-04,6.566640222445130348e-04,4.866890667472034693e-04,9.418183006346225739e-03,-1.943056844174861908e-02,2.625607699155807495e-02,2.278444543480873108e-02,2.880420386791229248e-01,-1.522904634475708008e-01,4.642679691314697266e-01,2.497881650924682617e-01,1.449789553880691528e-01,8.694084361195564270e-03,1.449789553880691528e-01,3.425680473446846008e-02,0.000000000000000000e+00,0.000000000000000000e+00,0.000000000000000000e+00,0.000000000000000000e+00,-7.429014425724744797e-03,-3.704975591972470284e-03,1.060890313237905502e-02,4.783760756254196167e-03,1.030904874205589294e-01,3.911688923835754395e-03,1.225738972425460815e-01,1.803868263959884644e-02,1.025309320539236069e-02,1.380227855406701565e-03,1.025309320539236069e-02,2.394441980868577957e-03,0.000000000000000000e+00,0.000000000000000000e+00,0.000000000000000000e+00,0.000000000000000000e+00
-2.862178371287882328e-04,-2.151172840967774391e-03,1.394912134855985641e-03,2.594551071524620056e-03,2.170304302126169205e-03,-1.288271159864962101e-03,4.142369143664836884e-03,5.464419722557067871e-03,1.068381126970052719e-03,-1.678437343798577785e-03,2.525519113987684250e-03,2.114036120474338531e-03,0.000000000000000000e+00,0.000000000000000000e+00,0.000000000000000000e+00,0.000000000000000000e+00,2.818324863910675049e-01,-1.419235020875930786e-01,2.885261774063110352e-01,2.655388414859771729e-01,3.662805557250976562e-01,-3.517289087176322937e-02,4.302565157413482666e-01,1.971511542797088623e-01,3.601808473467826843e-02,-2.161839604377746582e-02,4.171579703688621521e-02,3.914262726902961731e-02,0.000000000000000000e+00,0.000000000000000000e+00,0.000000000000000000e+00,0.000000000000000000e+00,3.749695420265197754e-01,1.622596383094787598e-01,3.808653056621551514e-01,1.632184088230133057e-01,6.843841820955276489e-02,7.353256642818450928e-02,1.469072103500366211e-01,8.279762417078018188e-02,3.336982801556587219e-02,3.037364035844802856e-02,3.336982801556587219e-02,3.037364035844802856e-02,0.000000000000000000e+00,0.000000000000000000e+00,0.000000000000000000e+00,0.000000000000000000e+00,1.954736374318599701e-02,8.259027265012264252e-03,1.954736374318599701e-02,8.259027265012264252e-03,2.096241107210516930e-03,2.225936856120824814e-03,4.179377108812332153e-03,2.615606179460883141e-03,0.000000000000000000e+00,0.000000000000000000e+00,0.000000000000000000e+00,0.000000000000000000e+00,0.000000000000000000e+00,0.000000000000000000e+00,0.000000000000000000e+00,0.000000000000000000e+00
3.862838819622993469e-02,3.048906335607171059e-03,3.862838819622993469e-02,1.387357618659734726e-02,8.031696826219558716e-02,-3.810991765931248665e-03,8.150717616081237793e-02,3.116566501557826996e-02,-3.804962849244475365e-03,-2.679025754332542419e-03,1.462269481271505356e-02,8.750215172767639160e-03,-3.130440973109216429e-06,6.772897177143022418e-05,3.130440973109216429e-06,6.772897177143022418e-05,2.481532245874404907e-01,8.377716690301895142e-02,2.481532245874404907e-01,8.382134884595870972e-02,3.711579740047454834e-01,-2.176719158887863159e-02,4.665383696556091309e-01,1.277697533369064331e-01,-2.402671985328197479e-02,7.712761871516704559e-03,6.086101010441780090e-02,8.008670061826705933e-02,0.000000000000000000e+00,0.000000000000000000e+00,0.000000000000000000e+00,0.000000000000000000e+00,9.745725244283676147e-02,1.276939921081066132e-02,1.105855330824851990e-01,4.485829547047615051e-02,4.367287755012512207e-01,-2.346856519579887390e-02,4.617842137813568115e-01,8.727422356605529785e-02,-5.510270595550537109e-02,-1.078313589096069336e-02,1.121881604194641113e-01,3.284551948308944702e-02,0.000000000000000000e+00,0.000000000000000000e+00,0.000000000000000000e+00,0.000000000000000000e+00,1.347357686609029770e-02,-7.598130498081445694e-03,1.367361936718225479e-02,7.989515550434589386e-03,6.559963524341583252e-02,4.423154518008232117e-03,6.710399687290191650e-02,7.741267327219247818e-03,-1.247819163836538792e-03,-4.605610156431794167e-04,2.001639921218156815e-03,1.174555160105228424e-03,4.589365744323004037e-06,3.082812327193096280e-05,4.589365744323004037e-06,3.082812327193096280e-05
-2.034273231402039528e-03,-9.768132586032152176e-04,3.493716008961200714e-03,9.768132586032152176e-04,3.309561172500252724e-03,-1.276126410812139511e-02,1.447396539151668549e-02,1.276126410812139511e-02,5.578190833330154419e-02,-6.440374418161809444e-04,5.578190833330154419e-02,2.392783761024475098e-03,5.522478659258922562e-06,2.160426674890914001e-06,5.522478659258922562e-06,5.522478659258922562e-06,-5.280968733131885529e-03,7.635144982486963272e-03,1.576624065637588501e-02,2.041527442634105682e-02,-2.141826413571834564e-02,-9.439932182431221008e-03,7.639977335929870605e-02,6.143719702959060669e-02,4.889047443866729736e-01,5.372882820665836334e-03,4.889047443866729736e-01,1.555768400430679321e-02,0.000000000000000000e+00,0.000000000000000000e+00,0.000000000000000000e+00,0.000000000000000000e+00,1.907352916896343231e-02,-2.669337391853332520e-02,2.400128729641437531e-02,2.680281177163124084e-02,-2.499951422214508057e-02,-4.055196419358253479e-02,8.889577537775039673e-02,5.433321371674537659e-02,4.896856248378753662e-01,4.674804396927356720e-03,4.896856248378753662e-01,1.289818994700908661e-02,0.000000000000000000e+00,0.000000000000000000e+00,0.000000000000000000e+00,0.000000000000000000e+00,8.260510367108508945e-05,5.820645019412040710e-04,1.613745931535959244e-03,1.246562576852738857e-03,2.461986057460308075e-02,-9.178846376016736031e-04,2.832090109586715698e-02,3.111026948317885399e-03,6.030358746647834778e-02,1.265211496502161026e-03,6.030358746647834778e-02,1.958501990884542465e-03,0.000000000000000000e+00,0.000000000000000000e+00,0.000000000000000000e+00,0.000000000000000000e+00
-2.034273231402039528e-03,-9.768132586032152176e-04,3.493716008961200714e-03,9.768132586032152176e-04,3.309561172500252724e-03,-1.276126410812139511e-02,1.447396539151668549e-02,1.276126410812139511e-02,5.578190833330154419e-02,-6.440374418161809444e-04,5.578190833330154419e-02,2.392783761024475098e-03,5.522478659258922562e-06,2.160426674890914001e-06,5.522478659258922562e-06,5.522478659258922562e-06,-5.280968733131885529e-03,7.635144982486963272e-03,1.576624065637588501e-02,2.041527442634105682e-02,-2.141826413571834564e-02,-9.439932182431221008e-03,7.639977335929870605e-02,6.143719702959060669e-02,4.889047443866729736e-01,5.372882820665836334e-03,4.889047443866729736e-01,1.555768400430679321e-02,0.000000000000000000e+00,0.000000000000000000e+00,0.000000000000000000e+00,0.000000000000000000e+00,1.907352916896343231e-02,-2.669337391853332520e-02,2.400128729641437531e-02,2.680281177163124084e-02,-2.499951422214508057e-02,-4.055196419358253479e-02,8.889577537775039673e-02,5.433321371674537659e-02,4.896856248378753662e-01,4.674804396927356720e-03,4.896856248378753662e-01,1.289818994700908661e-02,0.000000000000000000e+00,0.000000000000000000e+00,0.000000000000000000e+00,0.000000000000000000e+00,8.260510367108508945e-05,5.820645019412040710e-04,1.613745931535959244e-03,1.246562576852738857e-03,2.461986057460308075e-02,-9.178846376016736031e-04,2.832090109586715698e-02,3.111026948317885399e-03,6.030358746647834778e-02,1.265211496502161026e-03,6.030358746647834778e-02,1.958501990884542465e-03,0.000000000000000000e+00,0.000000000000000000e+00,0.000000000000000000e+00,0.000000000000000000e+00
-9.233531309291720390e-04,4.255400504916906357e-03,1.325565041042864323e-03,4.255400504916906357e-03,2.729832194745540619e-02,1.407995820045471191e-02,4.704546555876731873e-02,1.679266430437564850e-02,4.526519775390625000e-02,-6.114452611654996872e-03,4.558359086513519287e-02,7.038057781755924225e-03,1.484816602896898985e-04,4.953818279318511486e-05,1.484816602896898985e-04,6.183070945553481579e-05,2.172780456021428108e-03,1.761128753423690796e-02,5.270115565508604050e-03,1.761128753423690796e-02,-1.533577740192413330e-01,8.034536242485046387e-02,2.226666957139968872e-01,9.825442731380462646e-02,4.472089707851409912e-01,-4.509443417191505432e-02,4.472089707851409912e-01,4.719785973429679871e-02,9.531941032037138939e-04,-9.531941032037138939e-04,9.531941032037138939e-04,9.531941032037138939e-04,6.803205702453851700e-03,8.154281415045261383e-03,8.652674034237861633e-03,8.218196220695972443e-03,-2.557912766933441162e-01,1.262129396200180054e-01,2.557912766933441162e-01,1.262129396200180054e-01,4.020646214485168457e-01,2.021808922290802002e-02,4.044712781906127930e-01,3.514133393764495850e-02,2.127963118255138397e-03,-1.554580056108534336e-03,2.127963118255138397e-03,1.554580056108534336e-03,3.936752618756145239e-04,9.089204249903559685e-04,4.185654979664832354e-04,9.806565940380096436e-04,-3.832579404115676880e-02,2.861143555492162704e-03,3.880786523222923279e-02,8.751932531595230103e-03,4.967308416962623596e-02,-2.107811160385608673e-03,5.218530446290969849e-02,7.077623624354600906e-03,2.424136037006974220e-04,2.268275129608809948e-04,4.439433687366545200e-04,2.641302417032420635e-04
-1.493759104050695896e-03,1.714507117867469788e-03,1.876014866866171360e-03,2.027167938649654388e-03,5.940298736095428467e-02,-3.458514437079429626e-02,6.832602620124816895e-02,3.835296630859375000e-02,9.869494475424289703e-03,-4.465666133910417557e-03,1.084261108189821243e-02,5.621816962957382202e-03,1.720520522212609649e-04,-2.130581997334957123e-04,1.847955863922834396e-04,3.382958238944411278e-04,-2.007409464567899704e-03,1.072591636329889297e-03,7.392863277345895767e-03,5.382881499826908112e-03,2.183188684284687042e-02,2.681822329759597778e-02,2.026890665292739868e-01,1.291366517543792725e-01,4.275411963462829590e-01,-1.053417026996612549e-01,4.292200803756713867e-01,1.126954406499862671e-01,6.788151804357767105e-04,-1.017355243675410748e-03,1.569218467921018600e-03,4.600056912750005722e-03,2.196074090898036957e-02,-7.729182485491037369e-03,2.196074090898036957e-02,1.510726753622293472e-02,-5.374750867486000061e-02,-7.515447679907083511e-03,2.845552563667297363e-01,1.902201771736145020e-01,4.388359189033508301e-01,9.430338442325592041e-02,4.403565526008605957e-01,9.628567099571228027e-02,-8.924170397222042084e-04,1.161510590463876724e-03,2.546745352447032928e-03,6.338464096188545227e-03,1.294198213145136833e-03,-8.844456751830875874e-04,1.798614393919706345e-03,4.957019817084074020e-03,5.372204631567001343e-02,5.682410672307014465e-02,5.423565581440925598e-02,5.956908315420150757e-02,8.458007127046585083e-03,3.368302015587687492e-03,9.772721678018569946e-03,9.880857542157173157e-03,1.609400351298972964e-04,-3.572530695237219334e-04,2.162866003345698118e-04,5.598159623332321644e-04
3.489028313197195530e-04,-7.893319707363843918e-04,1.343764946796000004e-03,9.683782700449228287e-04,-1.130979857407510281e-03,-1.254904177039861679e-02,3.489495441317558289e-02,1.296717859804630280e-02,5.331660807132720947e-02,3.964159986935555935e-04,5.382129177451133728e-02,1.335671520791947842e-03,2.177520218538120389e-04,-1.109432105295127258e-05,2.177520218538120389e-04,2.574034260760527104e-05,-1.457419944927096367e-03,-2.429852820932865143e-02,1.031867880374193192e-02,2.429852820932865143e-02,6.390081346035003662e-02,-1.140046417713165283e-01,2.052037864923477173e-01,1.140046417713165283e-01,4.461531043052673340e-01,-1.978703029453754425e-02,4.487958848476409912e-01,2.507294714450836182e-02,9.944173507392406464e-04,1.207349632750265300e-04,9.944173507392406464e-04,4.969799192622303963e-04,3.436028957366943359e-03,-8.323897607624530792e-03,4.104691091924905777e-03,8.323897607624530792e-03,1.589955091476440430e-01,8.449039305560290813e-04,2.408985644578933716e-01,5.103552713990211487e-02,4.552907943725585938e-01,4.471288621425628662e-02,4.588604271411895752e-01,5.012834444642066956e-02,1.114555168896913528e-03,-3.836909017991274595e-04,1.452943659387528896e-03,8.645518100820481777e-04,-6.926925561856478453e-05,-4.230078775435686111e-04,5.201565800234675407e-04,6.906252237968146801e-04,5.625922232866287231e-02,9.681742638349533081e-03,5.645157396793365479e-02,1.162399817258119583e-02,3.615827858448028564e-02,5.065458361059427261e-03,3.676937147974967957e-02,5.667394027113914490e-03,3.666744742076843977e-04,-5.308499748934991658e-05,3.759652900043874979e-04,9.708431753097102046e-05
6.258145440369844437e-04,-9.813247015699744225e-04,2.608814742416143417e-03,8.183623664081096649e-03,4.755359515547752380e-02,-4.077265411615371704e-02,4.801685735583305359e-02,4.086983576416969299e-02,4.756500493385829031e-05,4.286199982743710279e-04,2.483072690665721893e-03,1.580068143084645271e-03,7.008894954196875915e-06,2.741921662163804285e-06,7.008894954196875915e-06,7.008894954196875915e-06,-2.684956975281238556e-02,1.302289869636297226e-02,3.062648326158523560e-02,1.813459768891334534e-02,3.652759194374084473e-01,-6.064900755882263184e-02,5.865141749382019043e-01,9.991420805454254150e-02,5.384119600057601929e-02,-4.199557006359100342e-03,5.738609284162521362e-02,9.375819936394691467e-03,0.000000000000000000e+00,0.000000000000000000e+00,0.000000000000000000e+00,0.000000000000000000e+00,-2.030279859900474548e-02,-1.400359906256198883e-03,2.045637182891368866e-02,3.203660482540726662e-03,3.435233235359191895e-01,2.592030540108680725e-02,5.912998914718627930e-01,5.915888771414756775e-02,6.510944664478302002e-02,7.731783669441938400e-03,6.510944664478302002e-02,1.462125871330499649e-02,0.000000000000000000e+00,0.000000000000000000e+00,0.000000000000000000e+00,0.000000000000000000e+00,-4.334222059696912766e-03,-8.348913979716598988e-04,4.544228781014680862e-03,8.900825632736086845e-04,5.882799625396728516e-02,3.359727095812559128e-03,8.654507249593734741e-02,7.363184820860624313e-03,1.779176294803619385e-03,-9.945038618752732873e-05,1.779176294803619385e-03,9.408367914147675037e-04,0.000000000000000000e+00,0.000000000000000000e+00,0.000000000000000000e+00,0.000000000000000000e+00
1.138831954449415207e-03,-9.729739977046847343e-04,1.138831954449415207e-03,1.066143158823251724e-03,5.056387931108474731e-02,-1.630326360464096069e-02,5.175160244107246399e-02,1.630326360464096069e-02,3.765643388032913208e-02,-6.599831860512495041e-03,3.816148638725280762e-02,6.849349010735750198e-03,-7.131167512852698565e-05,7.329028449021279812e-06,1.473205920774489641e-04,2.107314212480559945e-04,8.261148817837238312e-03,-3.196867182850837708e-03,8.261148817837238312e-03,3.196867182850837708e-03,2.357836961746215820e-01,-3.005658648908138275e-02,2.628780901432037354e-01,4.427102953195571899e-02,4.151603281497955322e-01,-2.852491103112697601e-02,4.151603281497955322e-01,3.465458005666732788e-02,-1.153441407950595021e-04,4.460202035261318088e-05,9.049548534676432610e-04,1.411045552231371403e-03,9.231711737811565399e-03,-2.348135458305478096e-03,9.231711737811565399e-03,2.949162619188427925e-03,2.321992069482803345e-01,-2.452922053635120392e-02,2.573194205760955811e-01,4.639533907175064087e-02,4.333052635192871094e-01,1.367148291319608688e-02,4.392012059688568115e-01,4.056014865636825562e-02,5.210335366427898407e-04,-2.433213870972394943e-03,1.505121006630361080e-03,4.861107561737298965e-03,1.099419780075550079e-03,-7.073458400554955006e-04,1.100983237847685814e-03,7.076265173964202404e-04,5.328235775232315063e-02,4.646212619263678789e-04,5.748198181390762329e-02,8.665585890412330627e-03,4.956410825252532959e-02,4.789190366864204407e-03,4.970798641443252563e-02,7.376784458756446838e-03,-1.350875827483832836e-04,1.822620979510247707e-04,1.807620428735390306e-04,6.565473740920424461e-04
-2.677622251212596893e-03,-1.486368244513869286e-03,3.213893389329314232e-03,3.250592853873968124e-03,3.767931461334228516e-02,7.333139423280954361e-03,4.465366154909133911e-02,1.635658740997314453e-02,2.483054064214229584e-02,-4.938076017424464226e-04,2.612307667732238770e-02,6.428186316043138504e-03,2.648308582138270140e-04,-6.528838275698944926e-05,3.228792047593742609e-04,1.680098794167861342e-04,-1.094568055123090744e-02,-7.789349649101495743e-03,3.277626261115074158e-02,1.998323202133178711e-02,3.964276015758514404e-01,-2.253053337335586548e-02,3.988624215126037598e-01,1.033787950873374939e-01,6.985487043857574463e-02,-2.530038822442293167e-03,7.467057555913925171e-02,4.880714789032936096e-02,2.843398542609065771e-04,1.288315048441290855e-03,9.010895737446844578e-04,1.698168460279703140e-03,-1.959256641566753387e-02,-7.840491831302642822e-03,2.756449952721595764e-02,2.000996842980384827e-02,5.437689423561096191e-01,2.403486706316471100e-02,5.484499931335449219e-01,2.007726281881332397e-01,2.241928689181804657e-02,2.344846725463867188e-02,3.567381575703620911e-02,4.202263802289962769e-02,-6.805774755775928497e-04,-1.543230609968304634e-03,1.510737114585936069e-03,3.912839107215404510e-03,8.021259563975036144e-04,1.217340934090316296e-03,2.758319023996591568e-03,2.474747831001877785e-03,6.959138810634613037e-02,-2.893747529014945030e-03,6.959138810634613037e-02,1.166932377964258194e-02,9.766785660758614540e-04,6.171744316816329956e-04,3.708268981426954269e-03,1.289220992475748062e-03,5.942283110016433056e-07,-2.325421519344672561e-04,1.915229513542726636e-04,4.073876480106264353e-04
-3.906586498487740755e-04,-9.499063598923385143e-04,4.201095434837043285e-04,9.499063598923385143e-04,1.294513116590678692e-03,-2.917449222877621651e-03,1.378805958665907383e-03,2.917449222877621651e-03,0.000000000000000000e+00,0.000000000000000000e+00,0.000000000000000000e+00,0.000000000000000000e+00,0.000000000000000000e+00,0.000000000000000000e+00,0.000000000000000000e+00,0.000000000000000000e+00,-7.794601470232009888e-02,-4.925386235117912292e-02,7.808585464954376221e-02,4.931513592600822449e-02,4.049594104290008545e-01,-2.284416705369949341e-01,4.103147387504577637e-01,2.357585132122039795e-01,9.728824719786643982e-03,-7.315487600862979889e-03,9.728824719786643982e-03,8.012168109416961670e-03,0.000000000000000000e+00,0.000000000000000000e+00,0.000000000000000000e+00,0.000000000000000000e+00,-1.577595621347427368e-02,-1.692576333880424500e-02,2.081424742937088013e-02,2.705794759094715118e-02,4.913271367549896240e-01,1.438617557287216187e-01,4.981786608695983887e-01,1.676690280437469482e-01,1.656818762421607971e-02,4.159718286246061325e-03,1.656818762421607971e-02,1.014364045113325119e-02,0.000000000000000000e+00,0.000000000000000000e+00,0.000000000000000000e+00,0.000000000000000000e+00,9.234486147761344910e-03,7.028336636722087860e-03,9.239171631634235382e-03,1.082067750394344330e-02,1.719829440116882324e-02,1.432375982403755188e-02,1.945267058908939362e-02,2.298403903841972351e-02,2.465168479830026627e-03,3.286240389570593834e-04,2.526442985981702805e-03,8.394653559662401676e-04,0.000000000000000000e+00,0.000000000000000000e+00,0.000000000000000000e+00,0.000000000000000000e+00
9.681778465164825320e-05,-3.035587496924563311e-06,1.106257550418376923e-04,1.919316855492070317e-04,6.661684165010228753e-05,-1.218462202814407647e-04,3.541776444762945175e-03,1.648288220167160034e-03,6.590808182954788208e-02,2.704603364691138268e-03,6.590808182954788208e-02,2.774722408503293991e-03,3.760799882002174854e-05,-1.831985355238430202e-05,7.788783841533586383e-05,2.951733586087357253e-05,1.087768934667110443e-03,-3.109453711658716202e-03,1.243335660547018051e-03,3.109453711658716202e-03,-3.718399675562977791e-03,-1.790327951312065125e-02,3.938780725002288818e-02,1.790327951312065125e-02,4.817103147506713867e-01,6.992621929384768009e-04,4.837369620800018311e-01,1.143030915409326553e-02,1.052637933753430843e-03,8.448602784483227879e-06,1.309725455939769745e-03,1.151137767010368407e-04,1.297845738008618355e-03,-2.141355536878108978e-03,1.363584888167679310e-03,2.141355536878108978e-03,-1.658245921134948730e-03,-8.004588074982166290e-03,4.606021195650100708e-02,9.306143037974834442e-03,5.027257800102233887e-01,1.283987425267696381e-02,5.075799226760864258e-01,1.339688524603843689e-02,1.114852144382894039e-03,-1.687690673861652613e-04,1.329358085058629513e-03,2.274975995533168316e-04,1.358592271571978927e-04,-3.147583265672437847e-05,1.431521814083680511e-04,1.449046976631507277e-04,5.492656957358121872e-03,-3.048989456146955490e-04,5.492656957358121872e-03,1.143998815678060055e-03,6.966871768236160278e-02,3.223211737349629402e-03,7.021028548479080200e-02,3.475694684311747551e-03,9.442409645998850465e-05,8.879394590621814132e-05,9.442409645998850465e-05,8.879394590621814132e-05
-2.683412749320268631e-04,1.252430374734103680e-03,3.285881830379366875e-04,1.318652764894068241e-03,-3.327085636556148529e-03,3.615492954850196838e-03,2.203716896474361420e-02,5.135843995958566666e-03,6.209367513656616211e-02,-8.372463635168969631e-04,6.209367513656616211e-02,1.447817427106201649e-03,8.343870285898447037e-05,-1.290534441977797542e-06,8.343870285898447037e-05,1.290534441977797542e-06,-6.316123995929956436e-03,1.005074707791209221e-03,7.917872630059719086e-03,1.003941334784030914e-02,-6.225045770406723022e-02,-1.236833282746374607e-03,8.270046859979629517e-02,3.992460668087005615e-02,4.747723042964935303e-01,-9.635553695261478424e-03,4.747723042964935303e-01,1.668496243655681610e-02,5.061874398961663246e-04,8.042201807256788015e-05,5.061874398961663246e-04,8.042201807256788015e-05,1.055511529557406902e-03,-6.052444223314523697e-03,5.160515196621417999e-03,1.193963829427957535e-02,-8.609325438737869263e-02,4.865464288741350174e-03,1.116162016987800598e-01,3.479094803333282471e-02,4.985818862915039062e-01,1.522078528068959713e-03,4.985818862915039062e-01,6.383797619491815567e-03,5.061874398961663246e-04,-8.042201807256788015e-05,5.061874398961663246e-04,8.042201807256788015e-05,6.677985220449045300e-05,-3.883841854985803366e-04,4.270089848432689905e-04,7.279124693013727665e-04,-9.346819482743740082e-03,-1.690885401330888271e-03,1.463781110942363739e-02,3.498981706798076630e-03,6.781911104917526245e-02,1.206708722747862339e-03,6.781911104917526245e-02,1.457189209759235382e-03,2.028491326200310141e-05,2.028491326200310141e-05,2.028491326200310141e-05,2.028491326200310141e-05
6.994049996137619019e-03,-7.122474722564220428e-03,6.994049996137619019e-03,7.133766543120145798e-03,2.214110270142555237e-02,-2.366416715085506439e-02,2.427862770855426788e-02,2.380985394120216370e-02,1.242516445927321911e-03,-8.667598012834787369e-04,1.242516445927321911e-03,8.667598012834787369e-04,0.000000000000000000e+00,0.000000000000000000e+00,0.000000000000000000e+00,0.000000000000000000e+00,4.589865915477275848e-03,-1.333277300000190735e-02,5.434746388345956802e-03,1.333277300000190735e-02,3.558648228645324707e-01,-2.971671521663665771e-01,3.558648228645324707e-01,2.971671521663665771e-01,1.976301223039627075e-01,-6.638716161251068115e-02,1.991613656282424927e-01,7.255108654499053955e-02,3.751398180611431599e-04,1.960844965651631355e-04,3.751398180611431599e-04,8.542494033463299274e-04,2.935331314802169800e-03,-5.395406857132911682e-03,3.427849849686026573e-03,5.395406857132911682e-03,3.690596222877502441e-01,1.048359423875808716e-01,3.690596222877502441e-01,1.416408866643905640e-01,2.757062315940856934e-01,5.015592649579048157e-02,2.757062315940856934e-01,8.469825983047485352e-02,-2.921186569437850267e-05,-4.989037188352085650e-05,5.835183401359245181e-05,4.989037188352085650e-05,2.170244930312037468e-03,1.013359054923057556e-03,2.170244930312037468e-03,1.333834370598196983e-03,7.120446115732192993e-02,4.158284142613410950e-02,7.120446115732192993e-02,4.162523522973060608e-02,1.339389593340456486e-03,2.378464909270405769e-03,1.760675106197595596e-03,2.990752225741744041e-03,1.254591370525304228e-05,-3.872806337312795222e-05,1.367678487440571189e-04,1.028714250423945487e-04
1.423090463504195213e-03,1.592270418768748641e-04,1.578865107148885727e-03,3.586788661777973175e-04,6.328458338975906372e-02,-2.950768917798995972e-03,6.683964282274246216e-02,4.813333507627248764e-03,1.124201156198978424e-02,-4.384777566883713007e-04,1.285094115883111954e-02,1.043986296281218529e-03,0.000000000000000000e+00,7.907485269242897630e-06,0.000000000000000000e+00,7.907485269242897630e-06,5.469541065394878387e-04,-4.146092571318149567e-03,3.193755634129047394e-03,5.905720405280590057e-03,4.082667529582977295e-01,-7.890247553586959839e-02,4.963450729846954346e-01,1.071531251072883606e-01,1.666347831487655640e-01,-3.958219289779663086e-02,1.728922873735427856e-01,4.581037536263465881e-02,0.000000000000000000e+00,-2.183300908654928207e-03,0.000000000000000000e+00,2.183300908654928207e-03,3.199970116838812828e-03,7.567577064037322998e-03,7.729349657893180847e-03,9.201447479426860809e-03,3.950053453445434570e-01,6.932489573955535889e-02,5.165247917175292969e-01,9.815043956041336060e-02,1.573345214128494263e-01,3.235663846135139465e-02,1.606364399194717407e-01,4.574852436780929565e-02,6.803079304518178105e-05,1.339724170975387096e-03,3.831609501503407955e-04,5.139011424034833908e-03,-6.220248760655522346e-04,4.243643488734960556e-03,7.836720906198024750e-04,4.243643488734960556e-03,4.896456003189086914e-02,2.213455922901630402e-02,5.833100900053977966e-02,2.819316275417804718e-02,1.882961392402648926e-02,9.536371799185872078e-04,1.887800544500350952e-02,3.935530781745910645e-03,4.690795685746707022e-05,2.375262738496530801e-06,4.690795685746707022e-05,1.866950478870421648e-04
-1.549296313896775246e-03,1.551487075630575418e-04,1.731522032059729099e-03,4.331860400270670652e-04,6.825119256973266602e-02,-4.505592864006757736e-03,6.898392736911773682e-02,5.885797552764415741e-03,1.387355383485555649e-03,1.693470258032903075e-04,2.992517547681927681e-03,1.226998283527791500e-03,1.495986216468736529e-04,-5.570552275457885116e-06,1.495986216468736529e-04,5.570552275457885116e-06,-9.705631993710994720e-03,1.165552064776420593e-03,1.105184946209192276e-02,2.232512459158897400e-03,4.862256348133087158e-01,1.792668015696108341e-03,5.263602733612060547e-01,4.921466112136840820e-02,2.270914055407047272e-02,-5.685022566467523575e-03,2.417675033211708069e-02,1.730458065867424011e-02,3.145536466035991907e-04,8.389371214434504509e-05,3.145536466035991907e-04,3.145536466035991907e-04,-7.021724712103605270e-03,-7.446850650012493134e-04,9.184533730149269104e-03,2.418857300654053688e-03,4.616210460662841797e-01,2.196761965751647949e-02,4.977532923221588135e-01,4.679662734270095825e-02,2.863288484513759613e-02,7.465895731002092361e-03,3.403843939304351807e-02,1.873333938419818878e-02,0.000000000000000000e+00,0.000000000000000000e+00,0.000000000000000000e+00,0.000000000000000000e+00,9.736515930853784084e-04,2.054221695289015770e-04,1.791945775039494038e-03,3.246598935220390558e-04,5.698148161172866821e-02,1.102649606764316559e-02,5.829244107007980347e-02,1.104412972927093506e-02,2.634917618706822395e-03,1.126302639022469521e-03,2.634917618706822395e-03,1.126302639022469521e-03,0.000000000000000000e+00,0.000000000000000000e+00,0.000000000000000000e+00,0.000000000000000000e+00
4.371516406536102295e-04,1.395658007822930813e-03,1.844545593485236168e-03,2.340461825951933861e-03,9.574471414089202881e-02,-3.980205208063125610e-02,9.592690318822860718e-02,4.208851978182792664e-02,-5.561522673815488815e-03,-1.871284795925021172e-03,7.434141822159290314e-03,4.003611858934164047e-03,0.000000000000000000e+00,-5.796465557068586349e-04,0.000000000000000000e+00,5.796465557068586349e-04,2.827208489179611206e-03,8.958625607192516327e-03,4.544897470623254776e-03,1.289844978600740433e-02,4.746474325656890869e-01,1.960388943552970886e-02,4.912892580032348633e-01,1.379238963127136230e-01,1.558058410882949829e-01,-1.443575322628021240e-02,2.024706602096557617e-01,4.311693087220191956e-02,0.000000000000000000e+00,7.952417246997356415e-03,0.000000000000000000e+00,7.952417246997356415e-03,1.635351567529141903e-03,2.848547417670488358e-03,7.111842744052410126e-03,5.335313733667135239e-03,3.198006451129913330e-01,4.758169129490852356e-02,4.198741316795349121e-01,9.412171691656112671e-02,2.425608336925506592e-01,2.264619106426835060e-03,2.480198293924331665e-01,4.296110570430755615e-02,0.000000000000000000e+00,-5.017974763177335262e-04,0.000000000000000000e+00,3.492249874398112297e-03,1.930802827700972557e-03,-2.066200831905007362e-03,2.314154990017414093e-03,2.066200831905007362e-03,7.479937374591827393e-02,-6.407686509191989899e-03,7.505924999713897705e-02,2.322639338672161102e-02,1.362358592450618744e-02,1.603139797225594521e-03,1.797104626893997192e-02,5.062980111688375473e-03,5.936366869718767703e-05,2.620779268909245729e-04,5.936366869718767703e-05,3.465649788267910480e-04
1.425625174306333065e-03,-1.131942262873053551e-03,1.570519292727112770e-03,1.131942262873053551e-03,-1.270222477614879608e-03,-1.109142601490020752e-02,5.813307687640190125e-02,1.112859696149826050e-02,3.465360775589942932e-02,-3.485264256596565247e-03,3.465360775589942932e-02,3.485264256596565247e-03,5.046107980888336897e-05,4.959681245964020491e-05,1.247402688022702932e-04,1.042850562953390181e-04,2.220824919641017914e-02,-2.438623830676078796e-02,2.830628119409084320e-02,2.438623830676078796e-02,-1.120530217885971069e-01,-1.186573430895805359e-01,3.860785365104675293e-01,1.396207958459854126e-01,4.354856610298156738e-01,-2.699595503509044647e-02,4.354856610298156738e-01,2.887033298611640930e-02,5.249269306659698486e-04,4.187392478343099356e-04,2.058699727058410645e-03,5.060808616690337658e-04,5.177089944481849670e-03,-1.850007660686969757e-02,1.397100556641817093e-02,4.747615382075309753e-02,1.638792753219604492e-01,7.330042123794555664e-02,2.039637118577957153e-01,2.694504261016845703e-01,3.610478341579437256e-01,2.401837520301342010e-02,3.610478341579437256e-01,3.358987346291542053e-02,-4.700288991443812847e-05,-1.656331151025369763e-04,8.788474224274978042e-05,1.656331151025369763e-04,4.986913409084081650e-03,3.032812150195240974e-03,5.204126704484224319e-03,3.101556561887264252e-03,1.848763972520828247e-02,2.929507195949554443e-02,1.851242221891880035e-02,2.929507195949554443e-02,2.364310249686241150e-02,8.320191875100135803e-03,2.376991137862205505e-02,8.528742939233779907e-03,-1.245833991561084986e-04,-3.872176239383406937e-05,1.699460553936660290e-04,3.872176239383406937e-05
6.462624878622591496e-04,-1.326721627265214920e-03,6.462624878622591496e-04,1.326721627265214920e-03,7.089665532112121582e-02,-3.154425695538520813e-02,7.089665532112121582e-02,3.154425695538520813e-02,1.633223518729209900e-02,-5.046152975410223007e-03,1.646731793880462646e-02,5.501624196767807007e-03,0.000000000000000000e+00,0.000000000000000000e+00,0.000000000000000000e+00,0.000000000000000000e+00,6.519673625007271767e-04,1.081120222806930542e-03,1.398395863361656666e-03,1.484471838921308517e-03,3.850627839565277100e-01,-6.741794943809509277e-02,3.866337537765502930e-01,6.861621141433715820e-02,3.005600571632385254e-01,-2.280092798173427582e-02,3.005600571632385254e-01,3.339867293834686279e-02,1.361432019621133804e-03,1.760140439728274941e-04,1.830646186135709286e-03,7.074237801134586334e-04,-4.197278176434338093e-04,-1.423657988198101521e-03,1.325544435530900955e-03,1.534846262075006962e-03,3.787280917167663574e-01,2.203669771552085876e-02,3.796706795692443848e-01,4.091974347829818726e-02,3.119169771671295166e-01,5.796477198600769043e-03,3.128242492675781250e-01,3.355005010962486267e-02,1.439807121641933918e-03,-9.355075890198349953e-04,2.196674002334475517e-03,1.048553385771811008e-03,-4.873494981438852847e-05,-7.292734608199680224e-06,6.250415026443079114e-05,8.814216016617137939e-06,7.207127660512924194e-02,7.612852379679679871e-03,7.207127660512924194e-02,7.636871188879013062e-03,2.656348608434200287e-02,3.835906507447361946e-03,2.668090350925922394e-02,4.440283402800559998e-03,1.822951744543388486e-04,1.617410598555579782e-04,1.956418855115771294e-04,2.294346631970256567e-04
6.462624878622591496e-04,-1.326721627265214920e-03,6.462624878622591496e-04,1.326721627265214920e-03,7.089665532112121582e-02,-3.154425695538520813e-02,7.089665532112121582e-02,3.154425695538520813e-02,1.633223518729209900e-02,-5.046152975410223007e-03,1.646731793880462646e-02,5.501624196767807007e-03,0.000000000000000000e+00,0.000000000000000000e+00,0.000000000000000000e+00,0.000000000000000000e+00,6.519673625007271767e-04,1.081120222806930542e-03,1.398395863361656666e-03,1.484471838921308517e-03,3.850627839565277100e-01,-6.741794943809509277e-02,3.866337537765502930e-01,6.861621141433715820e-02,3.005600571632385254e-01,-2.280092798173427582e-02,3.005600571632385254e-01,3.339867293834686279e-02,1.361432019621133804e-03,1.760140439728274941e-04,1.830646186135709286e-03,7.074237801134586334e-04,-4.197278176434338093e-04,-1.423657988198101521e-03,1.325544435530900955e-03,1.534846262075006962e-03,3.787280917167663574e-01,2.203669771552085876e-02,3.796706795692443848e-01,4.091974347829818726e-02,3.119169771671295166e-01,5.796477198600769043e-03,3.128242492675781250e-01,3.355005010962486267e-02,1.439807121641933918e-03,-9.355075890198349953e-04,2.196674002334475517e-03,1.048553385771811008e-03,-4.873494981438852847e-05,-7.292734608199680224e-06,6.250415026443079114e-05,8.814216016617137939e-06,7.207127660512924194e-02,7.612852379679679871e-03,7.207127660512924194e-02,7.636871188879013062e-03,2.656348608434200287e-02,3.835906507447361946e-03,2.668090350925922394e-02,4.440283402800559998e-03,1.822951744543388486e-04,1.617410598555579782e-04,1.956418855115771294e-04,2.294346631970256567e-04
-6.313926074653863907e-03,8.514259243384003639e-04,6.355154793709516525e-03,8.709576795808970928e-04,4.301581531763076782e-02,-7.601076737046241760e-03,8.135105669498443604e-02,1.369413733482360840e-02,1.658614259213209152e-03,1.011594795272685587e-04,1.821580110117793083e-03,1.072723767720162868e-03,3.090800964855588973e-05,1.003181296255206689e-05,3.090800964855588973e-05,1.679949855315499008e-05,-2.666058763861656189e-02,2.802770351991057396e-03,2.704034745693206787e-02,2.871866570785641670e-03,2.822785675525665283e-01,-3.128706663846969604e-02,6.795635819435119629e-01,4.618150740861892700e-02,1.774730533361434937e-02,-1.183076878078281879e-03,2.058761753141880035e-02,9.380063042044639587e-03,0.000000000000000000e+00,0.000000000000000000e+00,0.000000000000000000e+00,0.000000000000000000e+00,-2.437820285558700562e-02,-1.152955926954746246e-03,2.504942938685417175e-02,1.424436806701123714e-03,2.322656959295272827e-01,4.868021607398986816e-02,6.073695421218872070e-01,7.237800955772399902e-02,4.530783742666244507e-02,-2.587519353255629539e-03,4.709084331989288330e-02,1.096357218921184540e-02,2.774838649202138186e-04,-3.099304012721404433e-05,2.774838649202138186e-04,1.373690611217170954e-04,-3.024011617526412010e-03,1.114425904233939946e-04,3.692810423672199249e-03,3.984467184636741877e-04,3.271890804171562195e-02,3.986446245107799768e-04,8.403833955526351929e-02,2.695267088711261749e-03,5.752625409513711929e-03,-3.339170943945646286e-04,6.148190703243017197e-03,1.141056185588240623e-03,2.147262785001657903e-05,-3.456401464063674212e-05,2.147262785001657903e-05,3.456401464063674212e-05
4.742222838103771210e-03,-5.874091759324073792e-03,7.959682494401931763e-03,6.285101640969514847e-03,-9.718945249915122986e-03,3.419344546273350716e-03,4.851574078202247620e-02,2.703193202614784241e-02,-1.572146895341575146e-03,-1.137832831591367722e-02,1.726665906608104706e-02,1.902804709970951080e-02,1.951456069946289062e-03,-7.903822115622460842e-04,2.371473703533411026e-03,1.187537563964724541e-03,6.784573942422866821e-02,2.073489502072334290e-02,8.491749316453933716e-02,4.153908789157867432e-02,4.216719046235084534e-02,5.772884562611579895e-02,4.850436747074127197e-01,2.150360196828842163e-01,-2.191839665174484253e-01,1.993464976549148560e-01,3.191210031509399414e-01,2.316875159740447998e-01,2.995731122791767120e-02,1.093927770853042603e-02,3.267050907015800476e-02,1.569793187081813812e-02,-7.260467391461133957e-04,-6.662144325673580170e-03,5.876988545060157776e-02,1.726953312754631042e-02,1.796347051858901978e-01,-1.971007585525512695e-01,4.730557203292846680e-01,2.133944928646087646e-01,-1.161381751298904419e-01,-1.434034109115600586e-01,1.724997758865356445e-01,1.763063371181488037e-01,7.752187084406614304e-04,-6.281851325184106827e-03,3.442864865064620972e-03,8.079667575657367706e-03,-5.880834534764289856e-03,-3.006303217262029648e-03,8.310517296195030212e-03,4.867854528129100800e-03,3.341269120573997498e-02,4.530435800552368164e-02,6.213435530662536621e-02,5.061091855168342590e-02,-1.585162617266178131e-02,1.685865456238389015e-03,1.664836704730987549e-02,1.127356477081775665e-02,0.000000000000000000e+00,0.000000000000000000e+00,0.000000000000000000e+00,0.000000000000000000e+00
1.778374542482197285e-03,-4.116658121347427368e-03,1.782295061275362968e-03,4.116658121347427368e-03,5.982996430248022079e-03,-1.006723102182149887e-02,6.017655134201049805e-03,1.037786528468132019e-02,1.072772545740008354e-03,8.659313607495278120e-05,1.142089371569454670e-03,8.659313607495278120e-05,0.000000000000000000e+00,0.000000000000000000e+00,0.000000000000000000e+00,0.000000000000000000e+00,1.155271194875240326e-02,-3.885041177272796631e-02,1.155271194875240326e-02,3.885041177272796631e-02,1.160195469856262207e-01,-3.818257153034210205e-01,1.160195469856262207e-01,3.818257153034210205e-01,2.183042615652084351e-01,-2.004598826169967651e-01,2.183042615652084351e-01,2.013220638036727905e-01,-2.834196202456951141e-04,-2.706341212615370750e-03,1.434119883924722672e-03,2.706341212615370750e-03,2.038337523117661476e-03,-1.266171783208847046e-02,2.163689117878675461e-03,1.266171783208847046e-02,1.224174499511718750e-01,-3.699572011828422546e-02,1.422877758741378784e-01,1.352290511131286621e-01,4.465408921241760254e-01,1.236041411757469177e-01,4.477554559707641602e-01,1.287846267223358154e-01,7.330398075282573700e-04,1.738405087962746620e-03,4.140568431466817856e-03,3.117980668321251869e-03,-5.366707409848459065e-05,-1.503011677414178848e-03,5.065797013230621815e-04,1.731762778945267200e-03,7.543858140707015991e-02,3.738378733396530151e-02,7.543858140707015991e-02,3.966649249196052551e-02,1.215071137994527817e-02,8.063566870987415314e-03,1.386309880763292313e-02,9.209499694406986237e-03,1.678341359365731478e-04,2.236422296846285462e-04,1.678341359365731478e-04,2.852646575774997473e-04
1.843071950133889914e-04,-1.039373222738504410e-03,2.637088764458894730e-04,1.039373222738504410e-03,1.237324159592390060e-02,-1.116284728050231934e-02,1.406657136976718903e-02,1.116284728050231934e-02,6.494677811861038208e-02,-4.932012408971786499e-03,6.541229039430618286e-02,5.433422513306140900e-03,1.441159693058580160e-04,-4.004289803560823202e-05,2.194614644395187497e-04,1.236680254805833101e-04,4.328576324041932821e-04,-5.444369162432849407e-04,1.754346885718405247e-03,2.378188772127032280e-03,3.613455966114997864e-02,-8.046774193644523621e-03,4.520120471715927124e-02,1.686925627291202545e-02,5.116741061210632324e-01,-1.237928587943315506e-02,5.155556797981262207e-01,2.079828269779682159e-02,7.803421467542648315e-04,-3.609723062254488468e-04,1.780832884833216667e-03,1.595297013409435749e-03,2.139985328540205956e-03,5.392642196966335177e-05,2.511195372790098190e-03,3.915346169378608465e-04,7.408355176448822021e-02,2.018044516444206238e-02,8.673896640539169312e-02,2.155856043100357056e-02,4.633653163909912109e-01,-1.825101114809513092e-02,4.694845974445343018e-01,2.257421985268592834e-02,2.036543264694046229e-05,2.794270694721490145e-04,1.618391601368784904e-03,3.097447333857417107e-03,1.113849284593015909e-04,1.395589060848578811e-05,3.136144368909299374e-04,8.166832412825897336e-05,1.059844065457582474e-02,8.695388678461313248e-04,1.134754624217748642e-02,1.297746784985065460e-03,6.633902341127395630e-02,3.138581523671746254e-03,6.633902341127395630e-02,3.236542688682675362e-03,-1.560520904604345560e-04,1.671911595622077584e-04,1.705972244963049889e-04,1.817362935980781913e-04
3.902784010278992355e-05,-3.277139057900058106e-06,1.642789866309612989e-04,5.950254853814840317e-05,6.597032397985458374e-02,-5.064540542662143707e-03,6.597032397985458374e-02,5.064540542662143707e-03,6.459778524003922939e-04,-2.565019713074434549e-05,6.459778524003922939e-04,2.565019713074434549e-05,0.000000000000000000e+00,0.000000000000000000e+00,0.000000000000000000e+00,0.000000000000000000e+00,7.817253354005515575e-04,7.086291443556547165e-04,1.525411149486899376e-03,1.460636965930461884e-03,4.835150837898254395e-01,-4.193363338708877563e-02,5.052679181098937988e-01,4.320051148533821106e-02,1.176321133971214294e-02,-1.704155839979648590e-02,1.232168637216091156e-02,1.844730786979198456e-02,0.000000000000000000e+00,0.000000000000000000e+00,0.000000000000000000e+00,0.000000000000000000e+00,1.174825942143797874e-03,8.854922489263117313e-04,1.735846046358346939e-03,2.234569750726222992e-03,4.843222200870513916e-01,6.451481580734252930e-02,4.915686547756195068e-01,1.123014017939567566e-01,1.143435388803482056e-02,1.253651734441518784e-02,1.279569230973720551e-02,2.160326018929481506e-02,0.000000000000000000e+00,0.000000000000000000e+00,0.000000000000000000e+00,0.000000000000000000e+00,3.639523871243000031e-03,1.073548849672079086e-02,3.641876857727766037e-03,1.073784194886684418e-02,2.734575420618057251e-02,3.104682639241218567e-02,2.739255130290985107e-02,3.121608681976795197e-02,1.488452660851180553e-03,3.447119088377803564e-04,1.535251969471573830e-03,1.306469202972948551e-03,0.000000000000000000e+00,0.000000000000000000e+00,0.000000000000000000e+00,0.000000000000000000e+00
1.996598730329424143e-04,7.660018745809793472e-04,2.086345339193940163e-04,8.641490712761878967e-04,1.351817976683378220e-02,4.858485423028469086e-03,1.351817976683378220e-02,4.991107620298862457e-03,7.747416198253631592e-02,4.634682554751634598e-03,7.747416198253631592e-02,4.885669797658920288e-03,-7.660745905013754964e-05,-1.835385337471961975e-04,2.312618162250146270e-04,2.165371697628870606e-04,2.040377585217356682e-03,-6.205463432706892490e-04,2.542642178013920784e-03,4.759970121085643768e-03,1.369512826204299927e-01,1.307963975705206394e-03,1.369512826204299927e-01,8.555062115192413330e-02,4.634273350238800049e-01,5.468465015292167664e-02,4.654411077499389648e-01,5.658378824591636658e-02,-7.064981764415279031e-05,-6.515233544632792473e-04,1.321831485256552696e-03,1.542999176308512688e-03,3.729632124304771423e-03,-3.383985022082924843e-03,4.047628492116928101e-03,3.789973212406039238e-03,1.767984032630920410e-01,-1.724392920732498169e-02,1.767984032630920410e-01,2.779020555317401886e-02,4.626522362232208252e-01,-1.574113382957875729e-03,4.659097194671630859e-01,3.317575901746749878e-02,-2.872072218451648951e-04,8.262584451586008072e-04,1.790035516023635864e-03,2.072818344458937645e-03,2.147171035176143050e-04,9.517952566966414452e-04,2.988828928209841251e-04,1.005543977953493595e-03,3.631037101149559021e-02,1.293841190636157990e-02,3.661266341805458069e-02,1.317521370947360992e-02,5.543652176856994629e-02,4.990730434656143188e-03,5.543652176856994629e-02,5.200543440878391266e-03,-7.823563646525144577e-05,1.954028266482055187e-04,1.709116477286443114e-04,2.257955929962918162e-04
