6.001134534017182887e-05,-1.226701861014589667e-04,3.130598226562142372e-03,3.158552339300513268e-03,5.000654608011245728e-02,-2.305327542126178741e-02,6.295344233512878418e-02,3.158060461282730103e-02,3.322022676002234221e-04,2.411036257399246097e-04,1.379713066853582859e-03,1.430643838830292225e-03,0.000000000000000000e+00,0.000000000000000000e+00,0.000000000000000000e+00,0.000000000000000000e+00,2.139616571366786957e-02,-1.260628458112478256e-02,2.605024725198745728e-02,1.578102633357048035e-02,3.041567504405975342e-01,-6.712091714143753052e-02,6.033798456192016602e-01,1.465309858322143555e-01,9.145399928092956543e-02,-2.067579515278339386e-02,9.170958399772644043e-02,2.715384773910045624e-02,0.000000000000000000e+00,0.000000000000000000e+00,0.000000000000000000e+00,0.000000000000000000e+00,-6.809509824961423874e-03,1.073515857569873333e-03,1.299507729709148407e-02,4.493543412536382675e-03,2.227123230695724487e-01,1.176150795072317123e-02,5.676276683807373047e-01,6.310427188873291016e-02,2.252362966537475586e-01,4.665000364184379578e-03,2.282192558050155640e-01,3.933065012097358704e-02,-1.522941420262213796e-05,-4.692181028076447546e-05,2.550351746322121471e-05,4.692181028076447546e-05,-8.557570399716496468e-04,2.067352907033637166e-04,1.328759361058473587e-03,4.369338275864720345e-04,5.664429068565368652e-02,1.650374755263328552e-02,7.390201091766357422e-02,1.912554167211055756e-02,5.767043679952621460e-03,1.559930620715022087e-03,7.191658485680818558e-03,1.795031479559838772e-03,-5.317881004884839058e-05,-4.050409188494086266e-05,8.221303869504481554e-05,4.341528983786702156e-05
1.615676679648458958e-03,-2.916161611210554838e-05,1.615676679648458958e-03,1.606525765964761376e-04,6.897402927279472351e-03,-7.160016684792935848e-04,1.675816252827644348e-02,1.279520336538553238e-03,5.824189633131027222e-02,-1.638978719711303711e-03,5.825342610478401184e-02,1.704218913801014423e-03,9.548692469252273440e-05,0.000000000000000000e+00,9.548692469252273440e-05,0.000000000000000000e+00,1.022476609796285629e-02,-1.155042089521884918e-03,1.022476609796285629e-02,1.155042089521884918e-03,-1.867403462529182434e-02,-1.507144328206777573e-02,6.833793967962265015e-02,1.760950125753879547e-02,4.766629040241241455e-01,-7.729373872280120850e-03,4.766629040241241455e-01,1.449325773864984512e-02,6.610885029658675194e-04,0.000000000000000000e+00,6.610885029658675194e-04,0.000000000000000000e+00,1.006641611456871033e-02,-3.984484646935015917e-04,1.006641611456871033e-02,5.271088448353111744e-04,-3.911441192030906677e-02,1.885163364931941032e-03,9.413108974695205688e-02,1.304241362959146500e-02,5.062686800956726074e-01,6.171795539557933807e-03,5.062686800956726074e-01,3.077328950166702271e-02,6.903242901898920536e-04,2.055273653240874410e-04,6.903242901898920536e-04,5.289774853736162186e-04,1.487921690568327904e-03,-1.064147654687985778e-04,1.487921690568327904e-03,1.064147654687985778e-04,4.831201396882534027e-03,-5.988882039673626423e-04,1.417445950210094452e-02,9.133705752901732922e-04,6.243803352117538452e-02,-1.070969738066196442e-03,6.258825212717056274e-02,1.712516765110194683e-03,1.492377487011253834e-04,-7.663232099730521441e-05,1.492377487011253834e-04,8.107059693429619074e-05
-8.174222894012928009e-03,5.354035529308021069e-04,8.175994269549846649e-03,7.018310716375708580e-04,6.489609181880950928e-02,-1.133352634496986866e-03,6.550240516662597656e-02,3.889722749590873718e-03,-4.693347436841577291e-04,1.050001010298728943e-04,4.693347436841577291e-04,1.050001010298728943e-04,7.424406067002564669e-05,1.172053889604285359e-04,1.011516505968756974e-04,1.172053889604285359e-04,-5.670442059636116028e-02,-8.721679332666099072e-04,5.743227899074554443e-02,3.867506282404065132e-03,4.509736299514770508e-01,-3.029122948646545410e-03,5.265248417854309082e-01,3.609567135572433472e-02,1.725227385759353638e-02,-4.728540778160095215e-03,2.314834669232368469e-02,1.267698127776384354e-02,5.678915476892143488e-05,7.940272917039692402e-05,8.865600830176845193e-05,7.940272917039692402e-05,-5.186801031231880188e-02,-1.700403081486001611e-04,5.232871323823928833e-02,3.599421121180057526e-03,4.333462417125701904e-01,2.746671903878450394e-03,5.420249700546264648e-01,3.174849227070808411e-02,2.761261351406574249e-02,8.723763749003410339e-03,5.045878887176513672e-02,1.473485585302114487e-02,0.000000000000000000e+00,0.000000000000000000e+00,0.000000000000000000e+00,0.000000000000000000e+00,-7.240781094878911972e-03,-3.124002250842750072e-05,7.341161370277404785e-03,3.668621648102998734e-04,6.557728350162506104e-02,4.496386973187327385e-04,7.624570280313491821e-02,3.194749355316162109e-03,1.111796591430902481e-03,-6.036517443135380745e-04,2.486862242221832275e-03,2.302495995536446571e-03,9.603394573787227273e-06,-3.756905471163918264e-06,9.603394573787227273e-06,9.603394573787227273e-06
1.703649468254297972e-04,2.612426942505408078e-05,2.474333741702139378e-04,5.013137124478816986e-04,1.331174466758966446e-02,-6.880033295601606369e-03,3.228814527392387390e-02,2.711172401905059814e-02,-2.895354032516479492e-01,2.050901055335998535e-01,3.013956248760223389e-01,2.170756608247756958e-01,-1.356753557920455933e-01,1.444693654775619507e-01,1.457218080759048462e-01,1.452888101339340210e-01,0.000000000000000000e+00,0.000000000000000000e+00,0.000000000000000000e+00,0.000000000000000000e+00,-7.124542444944381714e-02,-5.664942041039466858e-02,2.052638530731201172e-01,2.124867588281631470e-01,4.874824732542037964e-02,-1.698088366538286209e-03,3.697568774223327637e-01,2.842523157596588135e-01,-1.452505439519882202e-01,2.632637917995452881e-01,1.706644743680953979e-01,2.881820201873779297e-01,2.960370038636028767e-04,5.749609787017107010e-03,2.960370038636028767e-04,5.861637182533740997e-03,-1.092765331268310547e-01,1.013045534491539001e-01,1.792834699153900146e-01,1.224335730075836182e-01,1.198332086205482483e-01,7.136166840791702271e-02,1.566148847341537476e-01,1.449986100196838379e-01,-1.743923872709274292e-03,4.724689293652772903e-03,2.335997996851801872e-03,5.650599021464586258e-03,1.023846562020480633e-04,0.000000000000000000e+00,1.023846562020480633e-04,0.000000000000000000e+00,0.000000000000000000e+00,0.000000000000000000e+00,0.000000000000000000e+00,0.000000000000000000e+00,0.000000000000000000e+00,0.000000000000000000e+00,0.000000000000000000e+00,0.000000000000000000e+00,1.938773348229005933e-04,6.881850276840850711e-05,1.938773348229005933e-04,9.223284723702818155e-05
-7.871536654420197010e-04,1.035749664879404008e-04,1.018021372146904469e-03,4.415967268869280815e-04,7.366458326578140259e-02,-2.901398576796054840e-02,7.490350306034088135e-02,2.952821739017963409e-02,-1.206873566843569279e-03,-7.986529381014406681e-04,1.597021589986979961e-03,1.288356492295861244e-03,-9.449980279896408319e-05,1.781764512998051941e-05,1.696828112471848726e-04,8.267912926385179162e-05,-6.667469162493944168e-03,-2.538609085604548454e-03,7.046222686767578125e-03,3.740152344107627869e-03,4.348688423633575439e-01,-7.708723098039627075e-02,4.802583158016204834e-01,1.151704639196395874e-01,1.302039623260498047e-01,-2.906591817736625671e-02,1.798654645681381226e-01,4.043532535433769226e-02,-1.005811383947730064e-03,-2.846652932930737734e-04,3.462895052507519722e-03,1.170955481939017773e-03,-4.568479023873806000e-03,1.071094442158937454e-02,1.189975161105394363e-02,1.812138780951499939e-02,3.983179926872253418e-01,1.483923792839050293e-01,4.763839244842529297e-01,1.905474662780761719e-01,1.356669217348098755e-01,2.753046713769435883e-02,1.523644477128982544e-01,3.823376446962356567e-02,-9.010742651298642159e-04,3.464328474365174770e-04,1.797467702999711037e-03,8.317937608808279037e-04,9.331528563052415848e-04,3.048320068046450615e-03,2.839787164703011513e-03,5.415527150034904480e-03,4.391635209321975708e-02,4.451955482363700867e-02,4.403330758213996887e-02,4.567317292094230652e-02,-4.023029468953609467e-04,-5.772732765763066709e-05,7.271157810464501381e-04,9.166239033220335841e-05,0.000000000000000000e+00,0.000000000000000000e+00,0.000000000000000000e+00,0.000000000000000000e+00
8.981029532151296735e-05,3.562125857570208609e-05,1.163006818387657404e-04,3.562125857570208609e-05,-2.069057524204254150e-02,3.706512216012924910e-04,2.470773831009864807e-02,1.519384444691240788e-03,6.142792291939258575e-03,-1.349912781734019518e-04,9.636811912059783936e-02,3.524241968989372253e-03,-1.991282217204570770e-03,-8.615411934442818165e-05,2.165894024074077606e-03,1.008222388918511569e-04,-1.247828477062284946e-03,-3.490321978460997343e-04,2.166060730814933777e-03,4.329819639679044485e-04,-1.777389049530029297e-01,4.114321200177073479e-04,2.309844195842742920e-01,7.652488537132740021e-03,8.829843252897262573e-02,9.116187691688537598e-03,6.909372806549072266e-01,2.195140346884727478e-02,-1.439912989735603333e-02,1.345211407169699669e-03,1.661454699933528900e-02,1.745921676047146320e-03,-6.333483033813536167e-04,1.772473769960924983e-04,1.071709906682372093e-03,5.755800521001219749e-04,-1.337721496820449829e-01,3.494368400424718857e-03,1.560329347848892212e-01,1.563886925578117371e-02,6.172004342079162598e-02,-1.963248476386070251e-02,6.033508181571960449e-01,3.500996530055999756e-02,-2.141787111759185791e-02,6.318007945083081722e-04,2.256677858531475067e-02,2.266394440084695816e-03,6.132281123427674174e-05,-1.435544691048562527e-04,2.089514018734917045e-04,1.476093311794102192e-04,-1.204385794699192047e-02,4.529619764070957899e-04,1.538907457143068314e-02,8.602875168435275555e-04,4.768660757690668106e-03,-3.528169472701847553e-04,7.046000659465789795e-02,3.533923998475074768e-03,-4.889442119747400284e-03,3.510605311021208763e-04,5.070239771157503128e-03,3.941817558370530605e-04
1.019681105390191078e-03,-1.239094417542219162e-04,1.019681105390191078e-03,1.310201623709872365e-04,6.762126088142395020e-02,-1.662327791564166546e-03,6.762126088142395020e-02,2.199750626459717751e-03,-5.536400130949914455e-04,-1.020916388370096684e-04,3.309135325253009796e-03,1.150500611402094364e-03,7.642605487490072846e-05,-1.383675771648995578e-05,7.642605487490072846e-05,1.383675771648995578e-05,8.263317868113517761e-03,5.018115625716745853e-04,8.263317868113517761e-03,5.469370516948401928e-04,4.798009991645812988e-01,-9.531204588711261749e-03,4.935704469680786133e-01,1.919885911047458649e-02,-8.716774173080921173e-03,3.616912756115198135e-03,2.302459068596363068e-02,1.176521088927984238e-02,2.381057711318135262e-04,2.354288881178945303e-04,3.451439260970801115e-04,2.354288881178945303e-04,7.356631569564342499e-03,-1.932535233208909631e-04,7.356631569564342499e-03,8.740086923353374004e-04,4.986720085144042969e-01,-2.388567896559834480e-03,5.054789781570434570e-01,2.112040109932422638e-02,-2.183154225349426270e-02,-1.323468750342726707e-03,3.216494619846343994e-02,9.501423686742782593e-03,0.000000000000000000e+00,0.000000000000000000e+00,0.000000000000000000e+00,0.000000000000000000e+00,1.026774640195071697e-03,1.897772563097532839e-05,1.026774640195071697e-03,2.998113268404267728e-05,6.815789639949798584e-02,1.522223697975277901e-03,6.822469830513000488e-02,1.962978858500719070e-03,-4.375784919830039144e-05,-1.799873571144416928e-04,1.246953615918755531e-03,6.452336674556136131e-04,0.000000000000000000e+00,1.457782582292566076e-05,0.000000000000000000e+00,1.457782582292566076e-05
-3.897318965755403042e-04,6.660264916718006134e-04,1.897457987070083618e-03,1.479407539591193199e-03,-4.961564391851425171e-02,-6.154863629490137100e-03,5.438518151640892029e-02,7.590020075440406799e-03,5.774353072047233582e-02,8.711929433047771454e-03,5.933253094553947449e-02,9.622163139283657074e-03,6.878710701130330563e-04,7.020281827863072976e-06,8.251075050793588161e-04,4.343553155194967985e-05,4.728878848254680634e-03,-5.202095955610275269e-02,7.199515122920274734e-03,5.680506303906440735e-02,-2.407839000225067139e-01,-1.946881562471389771e-01,2.757325172424316406e-01,2.243763059377670288e-01,3.994511067867279053e-01,5.154721066355705261e-02,4.077386260032653809e-01,6.882055103778839111e-02,4.445878323167562485e-03,-1.333395834080874920e-03,5.205376539379358292e-03,1.598434406332671642e-03,-2.117713680490851402e-03,2.846719324588775635e-02,1.267920900136232376e-02,9.057859331369400024e-02,5.830325558781623840e-02,1.401294469833374023e-01,1.761404126882553101e-01,4.919864535331726074e-01,2.069015651941299438e-01,7.965085655450820923e-02,2.139397710561752319e-01,1.365430057048797607e-01,3.607808845117688179e-03,1.414402970112860203e-03,5.579624325037002563e-03,3.028070088475942612e-03,-1.359940157271921635e-03,7.467415183782577515e-03,1.628137659281492233e-03,7.956496439874172211e-03,1.872558705508708954e-02,1.217295974493026733e-02,6.350434571504592896e-02,2.819665521383285522e-02,2.688166499137878418e-02,5.593653186224400997e-04,2.766157314181327820e-02,9.197287261486053467e-03,2.671392758202273399e-05,6.461506563937291503e-05,3.884753969032317400e-04,3.274655900895595551e-04
3.651029837783426046e-04,-9.195701568387448788e-05,4.012621648143976927e-04,1.317545684287324548e-04,7.584894448518753052e-02,-8.290357887744903564e-03,7.616414129734039307e-02,8.437900803983211517e-03,1.596361398696899414e-02,-2.062661340460181236e-03,2.000769600272178650e-02,2.169178565964102745e-03,8.469191379845142365e-05,-7.476127939298748970e-05,2.245828363811597228e-04,1.192941344925202429e-04,1.775336102582514286e-03,-4.519427966442890465e-05,2.162679098546504974e-03,9.042610763572156429e-04,4.524135887622833252e-01,-1.737910509109497070e-02,4.556901752948760986e-01,2.421270869672298431e-02,1.972879022359848022e-01,-9.584112092852592468e-03,2.082249522209167480e-01,1.660290732979774475e-02,1.640016562305390835e-03,7.225323934108018875e-04,2.165116835385560989e-03,1.022693817503750324e-03,2.174576977267861366e-03,-3.498539153952151537e-04,2.174576977267861366e-03,6.642663502134382725e-04,4.389306604862213135e-01,2.180975303053855896e-02,4.389306604862213135e-01,2.373674139380455017e-02,2.091390192508697510e-01,8.534316904842853546e-03,2.224069833755493164e-01,1.041021570563316345e-02,1.399227650836110115e-03,-4.172680201008915901e-04,2.089628484100103378e-03,4.172680201008915901e-04,4.876182938460260630e-04,6.044681140338070691e-05,4.905741661787033081e-04,1.462410582462325692e-04,7.438698410987854004e-02,9.466795250773429871e-03,7.441271096467971802e-02,9.912283159792423248e-03,1.680037193000316620e-02,2.448106650263071060e-03,2.071457915008068085e-02,4.327541682869195938e-03,1.370549580315127969e-04,-4.106522101210430264e-05,2.288477990077808499e-04,6.893883983138948679e-05
2.875445876270532608e-03,7.194397039711475372e-04,2.875445876270532608e-03,7.232866482809185982e-04,7.429868727922439575e-02,1.870295777916908264e-02,7.429868727922439575e-02,1.880839653313159943e-02,7.911999709904193878e-03,2.204040531069040298e-03,7.911999709904193878e-03,2.869993681088089943e-03,0.000000000000000000e+00,0.000000000000000000e+00,0.000000000000000000e+00,0.000000000000000000e+00,2.443522587418556213e-02,9.975127875804901123e-03,2.443522587418556213e-02,9.975127875804901123e-03,4.592374265193939209e-01,2.241642773151397705e-02,4.741414189338684082e-01,7.287403941154479980e-02,1.512782555073499680e-02,-5.035379901528358459e-03,1.583557203412055969e-02,1.228707190603017807e-02,2.154094254365190864e-04,1.972507197933737189e-05,2.154094254365190864e-04,2.154094254365190864e-04,-6.029307376593351364e-03,-4.098812583833932877e-03,2.223875373601913452e-02,1.548029761761426926e-02,4.995150268077850342e-01,-8.180527947843074799e-03,5.304401516914367676e-01,4.120745137333869934e-02,1.377779524773359299e-02,7.079266943037509918e-03,1.377779524773359299e-02,8.076210506260395050e-03,0.000000000000000000e+00,0.000000000000000000e+00,0.000000000000000000e+00,0.000000000000000000e+00,-9.048749343492090702e-04,1.649061596253886819e-04,5.218947306275367737e-03,4.304963629692792892e-03,6.561016291379928589e-02,3.116452135145664215e-02,6.561016291379928589e-02,3.116452135145664215e-02,6.674769247183576226e-05,4.994765622541308403e-04,4.374122654553502798e-04,4.994765622541308403e-04,0.000000000000000000e+00,0.000000000000000000e+00,0.000000000000000000e+00,0.000000000000000000e+00
7.958695292472839355e-03,-1.710517890751361847e-02,8.905107155442237854e-03,1.715179905295372009e-02,2.588255330920219421e-03,-3.753127763047814369e-03,2.588255330920219421e-03,3.753127763047814369e-03,0.000000000000000000e+00,0.000000000000000000e+00,0.000000000000000000e+00,0.000000000000000000e+00,0.000000000000000000e+00,0.000000000000000000e+00,0.000000000000000000e+00,0.000000000000000000e+00,3.984448015689849854e-01,-7.471285760402679443e-02,4.148313105106353760e-01,2.017923444509506226e-01,1.484939754009246826e-01,-7.418508082628250122e-02,3.035240173339843750e-01,3.001925349235534668e-01,9.051888436079025269e-02,-9.051888436079025269e-02,9.051888436079025269e-02,9.051888436079025269e-02,0.000000000000000000e+00,0.000000000000000000e+00,0.000000000000000000e+00,0.000000000000000000e+00,1.804693192243576050e-01,2.040757536888122559e-01,1.838395297527313232e-01,2.082062959671020508e-01,-6.421754602342844009e-03,5.088042095303535461e-02,3.039745092391967773e-01,2.989630401134490967e-01,1.175809875130653381e-01,8.769079297780990601e-02,1.175809875130653381e-01,8.769079297780990601e-02,0.000000000000000000e+00,0.000000000000000000e+00,0.000000000000000000e+00,0.000000000000000000e+00,2.556244609877467155e-03,-3.848319640383124352e-03,6.840484682470560074e-03,4.519514739513397217e-03,1.415542047470808029e-02,3.989793360233306885e-03,1.790212467312812805e-02,9.217250160872936249e-03,0.000000000000000000e+00,0.000000000000000000e+00,0.000000000000000000e+00,0.000000000000000000e+00,0.000000000000000000e+00,0.000000000000000000e+00,0.000000000000000000e+00,0.000000000000000000e+00
-9.917757473886013031e-03,2.838548389263451099e-04,1.143598370254039764e-02,4.844593058805912733e-04,7.203939557075500488e-02,5.874766502529382706e-04,7.203939557075500488e-02,1.342051778919994831e-03,1.062488765455782413e-03,-1.219367608428001404e-03,1.493699965067207813e-03,1.461765845306217670e-03,-1.062898991222027689e-05,1.426309609087184072e-06,1.062898991222027689e-05,9.425541065866127610e-06,-6.870870292186737061e-02,6.213691667653620243e-04,7.720569521188735962e-02,1.424412010237574577e-03,4.938083291053771973e-01,6.077728234231472015e-03,4.976828992366790771e-01,1.856279186904430389e-02,8.528818376362323761e-03,1.524066086858510971e-03,1.270055957138538361e-02,7.320021279156208038e-03,5.420567467808723450e-04,4.504542157519608736e-04,6.655661272816359997e-04,6.272290484048426151e-04,-6.796190887689590454e-02,2.574718790128827095e-03,7.672946155071258545e-02,4.606857895851135254e-03,4.751686751842498779e-01,-4.897361155599355698e-03,4.902070760726928711e-01,1.826400682330131531e-02,1.956685073673725128e-02,-7.620904128998517990e-03,2.561253309249877930e-02,9.542836807668209076e-03,4.254424129612743855e-04,-5.015319911763072014e-04,6.001476431265473366e-04,5.605029291473329067e-04,-9.334449656307697296e-03,-2.295062586199492216e-04,1.068472675979137421e-02,3.440563741605728865e-04,6.313167512416839600e-02,1.801439677365124226e-03,6.359848380088806152e-02,2.328572561964392662e-03,6.159618031233549118e-03,9.890756336972117424e-04,6.365145090967416763e-03,1.166276284493505955e-03,4.588979936670511961e-05,-3.253419708926230669e-05,9.959689487004652619e-05,7.464863301720470190e-05
-8.512371568940579891e-04,2.225487987743690610e-04,1.095133600756525993e-03,7.548275752924382687e-04,-2.734536305069923401e-03,3.173345467075705528e-04,7.032962888479232788e-02,1.074372325092554092e-02,1.030309358611702919e-03,9.329793392680585384e-04,5.121278110891580582e-03,1.627628807909786701e-03,4.814779822481796145e-05,-5.256979875412071124e-06,4.841262853005900979e-05,7.867032763897441328e-06,-4.753110464662313461e-03,7.046596612781286240e-03,5.902802105993032455e-03,7.345634512603282928e-03,-4.278346896171569824e-02,9.105519391596317291e-03,6.624035835266113281e-01,8.590121567249298096e-02,-2.471599914133548737e-02,-5.327686085365712643e-04,4.531231895089149475e-02,1.705715060234069824e-02,2.993615635205060244e-04,-1.017786780721507967e-04,2.993615635205060244e-04,1.017786780721507967e-04,-1.464503235183656216e-03,8.120869169943034649e-04,2.888373564928770065e-03,1.355187851004302502e-03,-9.948960691690444946e-02,2.177621424198150635e-02,7.175380587577819824e-01,4.937306791543960571e-02,-1.959922164678573608e-02,-1.446293899789452553e-03,4.049053043127059937e-02,2.204158715903759003e-02,0.000000000000000000e+00,3.254856856074184179e-04,0.000000000000000000e+00,7.580356905236840248e-04,-3.969350073020905256e-04,1.577855000505223870e-04,4.575386992655694485e-04,1.928897399920970201e-04,-2.030762098729610443e-02,-1.025669116643257439e-04,1.143643185496330261e-01,2.473087515681982040e-03,2.377561031607910991e-04,-2.715570444706827402e-04,3.672992112115025520e-03,1.410629367455840111e-03,0.000000000000000000e+00,-1.756790734361857176e-04,0.000000000000000000e+00,2.551453944761306047e-04
4.642265383154153824e-03,-1.619806140661239624e-02,5.043779034167528152e-03,1.622938364744186401e-02,1.632063463330268860e-02,-2.780033648014068604e-02,1.757175102829933167e-02,2.832282148301601410e-02,1.224442617967724800e-03,-2.333527809241786599e-04,1.520093646831810474e-03,2.133393194526433945e-03,1.403783244313672185e-04,3.983615170000120997e-05,1.403783244313672185e-04,7.448458200087770820e-05,6.624238938093185425e-02,-2.948433905839920044e-02,7.525780797004699707e-02,4.895648360252380371e-02,4.919286668300628662e-01,-1.299559772014617920e-01,4.919286668300628662e-01,1.934673190116882324e-01,7.540559768676757812e-02,-2.485637180507183075e-02,7.782465219497680664e-02,4.502009972929954529e-02,1.485569984652101994e-03,-4.772794782184064388e-04,1.485569984652101994e-03,2.052023075520992279e-03,5.893180891871452332e-02,5.152387544512748718e-02,6.822303682565689087e-02,6.637334078550338745e-02,4.016651213169097900e-01,1.721644103527069092e-01,4.063894152641296387e-01,2.220117598772048950e-01,5.414586141705513000e-02,3.149324283003807068e-02,6.222623586654663086e-02,3.768064081668853760e-02,6.073876866139471531e-04,2.476350928191095591e-04,1.759203616529703140e-03,2.108136890456080437e-03,7.756405044347047806e-03,1.366530079394578934e-02,8.826632983982563019e-03,1.371621340513229370e-02,1.322515495121479034e-02,1.517668273299932480e-02,1.408842671662569046e-02,1.714791543781757355e-02,-3.531347028911113739e-04,5.363456439226865768e-04,2.490571467205882072e-03,1.826258492656052113e-03,1.437503087799996138e-04,-6.639886851189658046e-05,2.096440584864467382e-04,2.169171930290758610e-04
-1.077384222298860550e-03,-1.095205952879041433e-04,1.154728233814239502e-03,1.512412854935973883e-04,-1.986716128885746002e-02,-1.519528566859662533e-03,1.986716128885746002e-02,1.601305324584245682e-03,6.019215658307075500e-02,-1.089627854526042938e-03,6.030631810426712036e-02,1.800017431378364563e-03,3.006916493177413940e-03,-2.676674921531230211e-04,3.223952371627092361e-03,2.869584423024207354e-04,-8.929951116442680359e-03,1.901694806292653084e-03,8.929951116442680359e-03,1.971579156816005707e-03,-1.535824239253997803e-01,-5.477462429553270340e-03,1.535824239253997803e-01,3.066946193575859070e-02,4.402688741683959961e-01,-1.829516701400279999e-02,4.402688741683959961e-01,3.407676517963409424e-02,1.664250157773494720e-02,1.757759600877761841e-03,1.834931410849094391e-02,2.071138005703687668e-03,-1.150061469525098801e-02,2.930214104708284140e-04,1.150061469525098801e-02,1.650192542001605034e-03,-1.800675392150878906e-01,-1.379812043160200119e-02,1.800675392150878906e-01,2.274848334491252899e-02,4.870641529560089111e-01,3.530886769294738770e-02,4.870641529560089111e-01,3.652599826455116272e-02,1.490722782909870148e-02,3.174958692397922277e-05,1.790301501750946045e-02,1.114309299737215042e-03,-2.539950190111994743e-03,6.907613715156912804e-05,2.539950190111994743e-03,1.445439411327242851e-04,-1.969688944518566132e-02,-1.781808095984160900e-03,1.969688944518566132e-02,1.854524831287562847e-03,6.927120685577392578e-02,-1.663920120336115360e-04,6.927120685577392578e-02,2.060878556221723557e-03,1.809717854484915733e-03,6.084335109335370362e-05,2.126166597008705139e-03,1.208178509841673076e-04
5.145960021764039993e-04,-2.319033228559419513e-04,7.186782313510775566e-04,6.147297099232673645e-04,8.346005529165267944e-02,-1.917905546724796295e-02,8.346005529165267944e-02,1.927005127072334290e-02,2.906814683228731155e-03,-1.966899493709206581e-03,3.195809898898005486e-03,2.115773269906640053e-03,4.524313044385053217e-05,-1.216914824908599257e-04,5.443613918032497168e-05,1.216914824908599257e-04,8.469357155263423920e-03,-2.703774487599730492e-03,9.569673798978328705e-03,4.528152290731668472e-03,4.541465938091278076e-01,-6.613914668560028076e-02,4.541465938091278076e-01,8.364099264144897461e-02,1.917366534471511841e-01,-3.358782827854156494e-02,1.996725648641586304e-01,3.644103184342384338e-02,9.109735256060957909e-04,-1.348095102002844214e-04,1.813968876376748085e-03,9.087427170015871525e-04,6.176938302814960480e-03,2.282787580043077469e-03,7.998840883374214172e-03,5.915408022701740265e-03,4.243341684341430664e-01,9.697869420051574707e-02,4.243341684341430664e-01,1.122227385640144348e-01,2.056897282600402832e-01,3.055581822991371155e-02,2.068452537059783936e-01,4.027488455176353455e-02,7.627648883499205112e-04,2.742380020208656788e-04,1.610781764611601830e-03,1.248613465577363968e-03,3.834532108157873154e-03,3.315145615488290787e-03,3.924265038222074509e-03,3.372855251654982567e-03,6.304459273815155029e-02,4.545038193464279175e-02,6.317099928855895996e-02,4.629255086183547974e-02,1.255846349522471428e-03,1.524464576505124569e-03,1.255846349522471428e-03,1.709145260974764824e-03,0.000000000000000000e+00,1.636827946640551090e-04,0.000000000000000000e+00,1.804861822165548801e-04
-3.895634436048567295e-04,2.695787989068776369e-04,4.964839899912476540e-04,2.939241530839353800e-04,7.311119884252548218e-02,-7.457830011844635010e-03,7.318237423896789551e-02,8.776144124567508698e-03,2.448251936584711075e-03,1.572207780554890633e-03,3.497895319014787674e-03,2.189521444961428642e-03,1.443427754566073418e-04,1.261631114175543189e-04,1.956844062078744173e-04,1.608405873412266374e-04,-2.544265938922762871e-03,-2.500274276826530695e-04,2.880541607737541199e-03,9.816481033340096474e-04,5.012426972389221191e-01,-1.496797334402799606e-02,5.043224096298217773e-01,3.144492581486701965e-02,3.861521929502487183e-02,-5.099117290228605270e-03,4.081490263342857361e-02,8.591828867793083191e-03,2.843170368578284979e-04,9.460002183914184570e-05,4.660567792598158121e-04,5.828210851177573204e-04,-3.123231290373951197e-04,1.223661587573587894e-03,2.521352143958210945e-03,1.984279602766036987e-03,4.765454232692718506e-01,2.029758505523204803e-02,4.795855581760406494e-01,4.814633727073669434e-02,5.688057467341423035e-02,7.133930339477956295e-04,6.867823749780654907e-02,1.195069961249828339e-02,5.265644867904484272e-04,1.667727483436465263e-04,5.880079115740954876e-04,1.667727483436465263e-04,-2.096326497849076986e-04,-1.093642094929236919e-05,4.551812016870826483e-04,1.990997843677178025e-04,7.314007729291915894e-02,9.822602383792400360e-03,7.462247461080551147e-02,1.032055448740720749e-02,5.635712877847254276e-04,6.893258541822433472e-04,3.153447294607758522e-03,9.740563109517097473e-04,9.082204633159562945e-05,-4.805314893019385636e-05,9.082204633159562945e-05,4.805314893019385636e-05
-1.330097322352230549e-03,5.554694798775017262e-04,2.549918135628104210e-03,6.058525759726762772e-04,2.556190825998783112e-02,6.804053555242717266e-04,7.906194031238555908e-02,4.533208906650543213e-03,-1.430613733828067780e-02,-5.467757000587880611e-04,2.590500377118587494e-02,4.402833990752696991e-03,-2.579392166808247566e-04,-1.133364494307897985e-04,7.592161651700735092e-03,1.456901547499001026e-03,-1.100367028266191483e-02,1.873229513876140118e-03,1.161209028214216232e-02,2.507630502805113792e-03,1.602058559656143188e-01,-6.562234833836555481e-03,5.725529193878173828e-01,4.118302837014198303e-02,-1.715369969606399536e-01,-4.341729730367660522e-02,2.710585296154022217e-01,5.818939208984375000e-02,4.197867587208747864e-02,6.730133667588233948e-03,4.994138330221176147e-02,7.951229810714721680e-03,-4.159044008702039719e-03,1.704774913378059864e-04,6.067560520023107529e-03,1.185380737297236919e-03,6.635787338018417358e-02,-9.275829419493675232e-03,5.339115858078002930e-01,7.095285505056381226e-02,-1.651187092065811157e-01,-7.749757170677185059e-02,4.050690829753875732e-01,9.711287915706634521e-02,6.762367486953735352e-02,1.229113433510065079e-02,6.762367486953735352e-02,1.244082674384117126e-02,-2.061971696093678474e-03,-7.310523069463670254e-04,2.407368505373597145e-03,7.685146410949528217e-04,2.134609781205654144e-02,5.369110498577356339e-03,7.487609982490539551e-02,1.411302294582128525e-02,-3.441474959254264832e-02,-3.178839338943362236e-03,7.408010214567184448e-02,6.429385859519243240e-03,9.606327861547470093e-03,1.361448783427476883e-03,9.683055803179740906e-03,1.367589808069169521e-03
3.277490381151437759e-03,-9.032195433974266052e-03,4.340773448348045349e-03,9.614788927137851715e-03,3.267406299710273743e-02,-6.697985529899597168e-02,3.363309055566787720e-02,6.888493150472640991e-02,1.026650518178939819e-02,-1.600272022187709808e-02,1.276311278343200684e-02,1.898831874132156372e-02,-5.653841071762144566e-05,-3.754727076739072800e-04,1.720880973152816296e-04,5.930427578277885914e-04,1.274256501346826553e-03,1.517135929316282272e-02,1.147791463881731033e-02,2.606485225260257721e-02,1.382072269916534424e-01,1.849567443132400513e-01,3.599495887756347656e-01,4.162416756153106689e-01,2.416553497314453125e-01,1.955012232065200806e-01,3.213216364383697510e-01,3.786419332027435303e-01,5.966294556856155396e-04,-1.105765913962386549e-04,2.611599396914243698e-03,4.461017437279224396e-03,-2.217303402721881866e-02,6.642092764377593994e-02,2.268797345459461212e-02,6.665507704019546509e-02,2.041717618703842163e-01,1.378688812255859375e-01,2.480211853981018066e-01,3.626880645751953125e-01,-1.232390571385622025e-02,-5.638485774397850037e-02,7.509408891201019287e-02,1.195844635367393494e-01,-1.562446239404380322e-03,-4.299976571928709745e-04,3.286871360614895821e-03,5.841887090355157852e-03,-1.707471237750723958e-04,-1.389838507748208940e-05,2.496538509149104357e-04,1.197194069391116500e-04,1.095736050046980381e-03,2.236365806311368942e-03,5.142100155353546143e-03,5.804589949548244476e-03,-1.512221060693264008e-03,1.128828269429504871e-03,5.139169283211231232e-03,4.048732109367847443e-03,-3.312941698823124170e-04,3.529346722643822432e-04,6.783566204831004143e-04,6.438136333599686623e-04
1.358358096331357956e-02,-2.694051247090101242e-03,1.395097468048334122e-02,2.694051247090101242e-03,3.940856084227561951e-02,-1.710685528814792633e-02,4.041451215744018555e-02,1.761103048920631409e-02,5.819604848511517048e-04,-7.554491166956722736e-04,9.178508771583437920e-04,1.161779277026653290e-03,3.828929402516223490e-05,-3.828929402516223490e-05,3.828929402516223490e-05,3.828929402516223490e-05,4.273405671119689941e-02,-7.874661125242710114e-03,4.281077161431312561e-02,8.080107159912586212e-03,3.655754327774047852e-01,-2.505438923835754395e-01,4.195285737514495850e-01,2.505438923835754395e-01,1.262345016002655029e-01,-8.197810500860214233e-02,1.319682747125625610e-01,8.718296885490417480e-02,1.619646791368722916e-03,-1.376591990265296772e-05,1.619646791368722916e-03,1.030948827974498272e-03,1.720360480248928070e-02,-3.814552910625934601e-03,1.773334480822086334e-02,5.377021152526140213e-03,4.175818562507629395e-01,1.298704650253057480e-02,4.440978467464447021e-01,1.720806658267974854e-01,2.078338116407394409e-01,1.303482986986637115e-02,2.083026021718978882e-01,9.745197743177413940e-02,7.344291079789400101e-04,-3.816334647126495838e-04,1.139924162998795509e-03,1.408656826242804527e-03,2.629636554047465324e-03,-5.591436056420207024e-04,2.735960762947797775e-03,6.229533464647829533e-04,5.829971283674240112e-02,-8.379482664167881012e-03,6.320556253194808960e-02,1.003363542258739471e-02,4.019892215728759766e-02,-5.071994382888078690e-03,4.019892215728759766e-02,5.494625773280858994e-03,3.018103598151355982e-04,6.373362703016027808e-05,3.244135295972228050e-04,1.201036284328438342e-04
-1.330097322352230549e-03,5.554694798775017262e-04,2.549918135628104210e-03,6.058525759726762772e-04,2.556190825998783112e-02,6.804053555242717266e-04,7.906194031238555908e-02,4.533208906650543213e-03,-1.430613733828067780e-02,-5.467757000587880611e-04,2.590500377118587494e-02,4.402833990752696991e-03,-2.579392166808247566e-04,-1.133364494307897985e-04,7.592161651700735092e-03,1.456901547499001026e-03,-1.100367028266191483e-02,1.873229513876140118e-03,1.161209028214216232e-02,2.507630502805113792e-03,1.602058559656143188e-01,-6.562234833836555481e-03,5.725529193878173828e-01,4.118302837014198303e-02,-1.715369969606399536e-01,-4.341729730367660522e-02,2.710585296154022217e-01,5.818939208984375000e-02,4.197867587208747864e-02,6.730133667588233948e-03,4.994138330221176147e-02,7.951229810714721680e-03,-4.159044008702039719e-03,1.704774913378059864e-04,6.067560520023107529e-03,1.185380737297236919e-03,6.635787338018417358e-02,-9.275829419493675232e-03,5.339115858078002930e-01,7.095285505056381226e-02,-1.651187092065811157e-01,-7.749757170677185059e-02,4.050690829753875732e-01,9.711287915706634521e-02,6.762367486953735352e-02,1.229113433510065079e-02,6.762367486953735352e-02,1.244082674384117126e-02,-2.061971696093678474e-03,-7.310523069463670254e-04,2.407368505373597145e-03,7.685146410949528217e-04,2.134609781205654144e-02,5.369110498577356339e-03,7.487609982490539551e-02,1.411302294582128525e-02,-3.441474959254264832e-02,-3.178839338943362236e-03,7.408010214567184448e-02,6.429385859519243240e-03,9.606327861547470093e-03,1.361448783427476883e-03,9.683055803179740906e-03,1.367589808069169521e-03
2.409180998802185059e-02,-4.280650056898593903e-03,2.412886545062065125e-02,9.973036125302314758e-03,1.356834266334772110e-02,-3.465905552729964256e-03,2.342437021434307098e-02,1.383378263562917709e-02,-1.172689604572951794e-03,2.958738943561911583e-03,4.929662682116031647e-03,4.543623887002468109e-03,-3.594123700167983770e-04,-7.901898061390966177e-05,6.391602219082415104e-04,2.116299583576619625e-04,8.085923641920089722e-02,-2.004809863865375519e-02,1.034309864044189453e-01,5.909229442477226257e-02,4.832645952701568604e-01,-1.692910343408584595e-01,5.411341786384582520e-01,2.012951225042343140e-01,-2.105155028402805328e-02,5.184621084481477737e-03,4.913116991519927979e-02,5.710178613662719727e-02,-2.551885321736335754e-03,2.543995797168463469e-04,2.744322642683982849e-03,2.494934480637311935e-03,1.025276491418480873e-03,1.409305185079574585e-01,4.224983230233192444e-02,1.410009115934371948e-01,2.906995415687561035e-01,2.315999120473861694e-01,3.387235999107360840e-01,2.692089974880218506e-01,-3.778722137212753296e-02,-3.052545152604579926e-02,5.831843987107276917e-02,3.948285430669784546e-02,2.288056421093642712e-04,9.904789039865136147e-04,9.391279309056699276e-04,1.255528186447918415e-03,-4.419409960974007845e-04,-1.322734635323286057e-03,1.085735973902046680e-03,1.596129033714532852e-03,-1.016010064631700516e-03,-3.154778387397527695e-03,1.756217516958713531e-02,1.207135245203971863e-02,-5.202910397201776505e-03,5.568376276642084122e-03,9.755718521773815155e-03,7.398053072392940521e-03,2.214544365415349603e-04,-2.165468504244927317e-05,4.014798323623836040e-04,1.771820534486323595e-04
2.675649477168917656e-03,-4.009266849607229233e-03,4.750594962388277054e-03,8.484945632517337799e-03,-1.444625575095415115e-02,1.451200712472200394e-02,2.397762797772884369e-02,3.767215088009834290e-02,7.804049178957939148e-03,-5.484813824295997620e-03,3.465542942285537720e-02,2.397221140563488007e-02,3.460715815890580416e-04,-5.395163898356258869e-04,5.365197546780109406e-03,2.438085386529564857e-03,-8.863204275257885456e-04,-4.130381345748901367e-02,2.671934477984905243e-02,9.488803148269653320e-02,-7.234644144773483276e-02,-1.448807269334793091e-01,3.323289155960083008e-01,3.994764387607574463e-01,1.318332403898239136e-01,-8.337996155023574829e-02,2.997891008853912354e-01,2.666307985782623291e-01,5.897120106965303421e-03,-3.540967125445604324e-03,2.466528303921222687e-02,3.090687468647956848e-02,-2.659002132713794708e-02,5.974243953824043274e-02,2.969512902200222015e-02,7.237266004085540771e-02,-2.837802842259407043e-02,1.736815422773361206e-01,4.208043217658996582e-01,3.350788056850433350e-01,1.275851279497146606e-01,9.264311939477920532e-02,2.953903377056121826e-01,2.208593785762786865e-01,7.218242972157895565e-04,2.743894048035144806e-02,1.010217610746622086e-02,2.830972336232662201e-02,2.369524445384740829e-03,-4.364816006273031235e-03,2.749058650806546211e-03,6.394424941390752792e-03,-1.982760243117809296e-02,-2.036046236753463745e-02,4.024766385555267334e-02,3.873426094651222229e-02,3.918806463479995728e-02,1.743661053478717804e-02,3.918806463479995728e-02,1.833135448396205902e-02,-2.337901678401976824e-04,-8.375397737836465240e-05,5.484294379130005836e-04,5.811562878079712391e-04
3.582996781915426254e-03,3.997974272351711988e-04,3.704767208546400070e-03,1.494648051448166370e-03,-1.935823075473308563e-02,2.405797876417636871e-02,2.032377757132053375e-02,2.405797876417636871e-02,4.152140393853187561e-02,-6.993595510721206665e-03,4.152140393853187561e-02,2.025951631367206573e-02,-6.933836266398429871e-03,-2.130032284185290337e-03,7.080260664224624634e-03,3.754508914425969124e-03,1.320841722190380096e-02,-1.617730408906936646e-02,1.967012323439121246e-02,1.786571368575096130e-02,1.703355759382247925e-01,2.743773162364959717e-02,1.956053972244262695e-01,1.486178636550903320e-01,-1.840969175100326538e-01,2.385328263044357300e-01,2.383526265621185303e-01,3.286757171154022217e-01,-1.631671935319900513e-02,-2.275953255593776703e-02,2.041638083755970001e-02,3.598507493734359741e-02,-1.363981887698173523e-02,2.387202112004160881e-03,1.464277040213346481e-02,1.591359637677669525e-02,3.971008360385894775e-01,-5.017843469977378845e-02,3.971008360385894775e-01,1.409541368484497070e-01,-9.428861737251281738e-02,8.598699420690536499e-02,4.103201031684875488e-01,3.300035893917083740e-01,-4.045835509896278381e-02,6.872010999359190464e-04,4.307266324758529663e-02,2.132989279925823212e-02,-3.216865472495555878e-03,2.124045044183731079e-03,3.216865472495555878e-03,2.707809209823608398e-03,2.766087092459201813e-02,-3.238601129851303995e-05,2.834532596170902252e-02,1.910535618662834167e-02,-5.379703827202320099e-03,-3.556426241993904114e-02,6.204260885715484619e-02,3.974986076354980469e-02,-1.278454088605940342e-03,-4.057445912621915340e-04,2.434206195175647736e-03,1.007756567560136318e-03
-5.443626378109911457e-06,-1.008982508210465312e-04,1.983371039386838675e-04,2.833095204550772905e-04,1.300919975619763136e-04,-6.804359145462512970e-04,3.952375554945319891e-04,6.954518612474203110e-04,1.135314349085092545e-03,2.179866190999746323e-03,6.544450297951698303e-03,3.438351443037390709e-03,-1.217021417687647045e-04,5.750603158958256245e-04,2.124677557731047273e-04,7.241864805109798908e-04,1.485674438299611211e-04,8.002253598533570766e-04,5.309619591571390629e-04,1.631908584386110306e-03,7.973331958055496216e-02,4.800080135464668274e-02,8.168404549360275269e-02,5.266892537474632263e-02,1.956251263618469238e-01,3.484405875205993652e-01,2.015446424484252930e-01,3.484405875205993652e-01,1.312313415110111237e-02,9.097708016633987427e-02,2.112679928541183472e-02,9.097708016633987427e-02,6.088242516852915287e-04,1.192416762933135033e-03,6.088242516852915287e-04,1.192416762933135033e-03,1.100105494260787964e-01,-3.635466843843460083e-02,1.140515953302383423e-01,4.324602335691452026e-02,5.142984390258789062e-01,-1.166869029402732849e-01,5.142984390258789062e-01,2.401153296232223511e-01,2.707328530959784985e-04,-1.183953322470188141e-02,4.365849494934082031e-02,9.093526005744934082e-02,7.546718552475795150e-05,1.883335644379258156e-04,2.274688304169103503e-04,3.498115693219006062e-04,9.131132537731900811e-05,-9.906784398481249809e-04,2.828930504620075226e-03,2.134105889126658440e-03,4.309450834989547729e-02,-1.075234822928905487e-02,4.309450834989547729e-02,1.279247179627418518e-02,2.718546660616993904e-03,-3.050241619348526001e-03,2.732102060690522194e-03,3.589366329833865166e-03
-1.148946394096128643e-04,1.020365889417007565e-04,2.712753193918615580e-04,3.616075846366584301e-04,-7.843980565667152405e-03,2.120422897860407829e-03,9.246384724974632263e-03,3.005399834364652634e-03,6.133948266506195068e-02,-2.715531270951032639e-03,8.371340483427047729e-02,5.499383434653282166e-03,1.886000041849911213e-03,-8.528904290869832039e-04,4.634950309991836548e-03,8.553744410164654255e-04,-7.744544564047828317e-05,1.395837869495153427e-03,7.744544564047828317e-05,1.395837869495153427e-03,-6.462622433900833130e-02,2.202889736508950591e-04,6.462622433900833130e-02,2.819606475532054901e-02,3.947987854480743408e-01,-2.551413141191005707e-02,5.534578561782836914e-01,4.786791652441024780e-02,3.651132341474294662e-03,1.579844160005450249e-03,1.753509789705276489e-02,1.180126238614320755e-02,-3.955207284889183939e-05,1.738827559165656567e-03,3.955207284889183939e-05,1.738827559165656567e-03,-9.570080786943435669e-02,7.602488622069358826e-03,9.570080786943435669e-02,1.818395219743251801e-02,4.233508110046386719e-01,-8.018583059310913086e-03,5.507475137710571289e-01,4.500091448426246643e-02,1.085922494530677795e-02,5.874812602996826172e-03,2.684306167066097260e-02,6.332353688776493073e-03,0.000000000000000000e+00,1.028359838528558612e-04,0.000000000000000000e+00,1.028359838528558612e-04,-1.071536540985107422e-02,3.348821308463811874e-03,1.071536540985107422e-02,4.289258271455764771e-03,5.730574950575828552e-02,-3.076758934184908867e-03,7.970790565013885498e-02,8.209794759750366211e-03,1.911607803776860237e-03,-2.703919890336692333e-04,4.946643952280282974e-03,1.155477832071483135e-03
1.460255007259547710e-03,-2.628820715472102165e-03,1.757524558342993259e-03,5.846823565661907196e-03,1.260017231106758118e-02,3.088745754212141037e-03,2.488146163523197174e-02,9.405408054590225220e-03,5.185287445783615112e-02,-3.930425271391868591e-03,5.185287445783615112e-02,3.930425271391868591e-03,2.810542719089426100e-05,-2.810542719089426100e-05,2.810542719089426100e-05,2.810542719089426100e-05,-6.734619382768869400e-03,2.677110489457845688e-03,2.561775222420692444e-02,1.283048093318939209e-02,1.393469050526618958e-02,-1.687372289597988129e-02,2.715967893600463867e-01,3.925507515668869019e-02,4.739623367786407471e-01,3.176818136125802994e-03,4.739623367786407471e-01,1.888137869536876678e-02,7.013396825641393661e-04,1.114273982238955796e-04,7.013396825641393661e-04,1.114273982238955796e-04,1.047029159963130951e-02,6.430398207157850266e-03,2.457449212670326233e-02,2.733207121491432190e-02,-1.727746333926916122e-03,3.596672043204307556e-02,2.111199498176574707e-01,5.294657126069068909e-02,4.529572427272796631e-01,-6.952255032956600189e-03,4.529572427272796631e-01,1.736750081181526184e-02,7.013396243564784527e-04,-1.114273982238955796e-04,7.013396243564784527e-04,1.114273982238955796e-04,-3.533402050379663706e-04,-4.687855485826730728e-03,9.051805245690047741e-04,5.770081188529729843e-03,1.999743469059467316e-02,-7.156553678214550018e-03,3.023437969386577606e-02,1.007541641592979431e-02,4.982997849583625793e-02,1.949310651980340481e-03,4.982997849583625793e-02,2.321805106475949287e-03,2.810542719089426100e-05,2.810542719089426100e-05,2.810542719089426100e-05,2.810542719089426100e-05
4.695535637438297272e-03,-1.089571043848991394e-03,4.780672956258058548e-03,1.097822329029440880e-03,1.409725937992334366e-02,-4.316416569054126740e-03,2.443706616759300232e-02,5.400684662163257599e-03,6.619124114513397217e-02,-1.239608507603406906e-03,6.628376990556716919e-02,2.532320562750101089e-03,1.485396787757053971e-04,2.856215905921999365e-05,1.649406040087342262e-04,8.606010669609531760e-05,2.835260331630706787e-02,-1.495646545663475990e-03,2.890231646597385406e-02,3.793280804529786110e-03,1.125045716762542725e-01,-7.933826185762882233e-03,1.586797535419464111e-01,4.819378256797790527e-02,4.734396636486053467e-01,-4.496783483773469925e-03,4.736345112323760986e-01,1.639544777572154999e-02,6.561648333445191383e-04,-6.015298422425985336e-04,6.561648333445191383e-04,1.358108362182974815e-03,2.458905801177024841e-02,-2.229092409834265709e-03,2.531806193292140961e-02,5.663490388542413712e-03,1.382508426904678345e-01,1.187747460789978504e-03,2.032175511121749878e-01,3.936481848359107971e-02,4.580328166484832764e-01,-2.177584730088710785e-02,4.596115052700042725e-01,6.826664507389068604e-02,8.974954835139214993e-04,-9.426157921552658081e-04,1.381155103445053101e-03,1.426275353878736496e-03,3.649958176538348198e-03,6.019378197379410267e-04,3.848757361993193626e-03,6.211775471456348896e-04,1.265703141689300537e-02,-1.765578635968267918e-03,1.962332986295223236e-02,6.713266018778085709e-03,4.904340580105781555e-02,-4.907777532935142517e-02,4.904340580105781555e-02,4.907777532935142517e-02,1.403473666869103909e-03,-1.365248346701264381e-03,1.765800290741026402e-03,1.718673622235655785e-03
-3.073525149375200272e-04,3.847255138680338860e-04,8.315028971992433071e-04,1.165179302915930748e-03,4.035334102809429169e-03,-8.410932496190071106e-03,4.090623930096626282e-02,1.022316794842481613e-02,7.824740558862686157e-02,1.986441900953650475e-03,7.824740558862686157e-02,3.701856825500726700e-03,6.011043660691939294e-05,3.260672383476048708e-05,6.011043660691939294e-05,3.260672383476048708e-05,-5.172552540898323059e-03,-2.833754522725939751e-03,6.133869756013154984e-03,7.244034204632043839e-03,2.269255816936492920e-01,6.410498917102813721e-02,3.748055398464202881e-01,1.216187104582786560e-01,3.612594902515411377e-01,8.172965049743652344e-02,3.612594902515411377e-01,8.938222378492355347e-02,0.000000000000000000e+00,0.000000000000000000e+00,0.000000000000000000e+00,0.000000000000000000e+00,-3.184341825544834137e-03,2.307499991729855537e-03,6.289746612310409546e-03,4.469010978937149048e-03,2.446571588516235352e-01,-4.175463691353797913e-02,4.114015102386474609e-01,6.083912402391433716e-02,3.527824878692626953e-01,-4.539445787668228149e-02,3.527824878692626953e-01,5.082349851727485657e-02,0.000000000000000000e+00,0.000000000000000000e+00,0.000000000000000000e+00,0.000000000000000000e+00,-7.961862866068258882e-05,2.906565205194056034e-04,3.818318946287035942e-04,5.051739863120019436e-04,2.128646522760391235e-02,-6.395199452526867390e-04,5.009454116225242615e-02,2.427006606012582779e-03,6.335700303316116333e-02,8.533354266546666622e-04,6.335700303316116333e-02,1.742816530168056488e-03,1.484280460317677353e-06,-6.634511919401120394e-06,1.484280460317677353e-06,6.634511919401120394e-06
1.007238635793328285e-03,4.085493128513917327e-05,1.007238635793328285e-03,1.705808681435883045e-04,7.998251169919967651e-02,3.754242789000272751e-03,7.998251169919967651e-02,8.487574756145477295e-03,7.580113131552934647e-03,3.483147011138498783e-04,1.162232644855976105e-02,3.703652182593941689e-03,5.622239550575613976e-04,-7.540118531323969364e-05,6.112780538387596607e-04,1.582799013704061508e-04,1.334534306079149246e-02,-1.671217847615480423e-03,1.334534306079149246e-02,3.730270313099026680e-03,4.995399713516235352e-01,1.152908895164728165e-02,4.995399713516235352e-01,4.409935697913169861e-02,6.414865702390670776e-02,-5.542504950426518917e-04,7.211126387119293213e-02,3.052683547139167786e-02,2.483265241608023643e-03,-4.011613200418651104e-04,2.709225751459598541e-03,1.307329861447215080e-03,1.586529798805713654e-02,-3.038155147805809975e-03,1.586529798805713654e-02,4.727053456008434296e-03,4.674155414104461670e-01,5.238336976617574692e-03,4.674155414104461670e-01,2.757051400840282440e-02,1.150323897600173950e-01,1.206776779145002365e-02,1.165677234530448914e-01,1.580377109348773956e-02,3.413572558201849461e-04,1.237049233168363571e-03,1.123684691265225410e-03,1.843206700868904591e-03,3.066124161705374718e-03,1.368056400679051876e-03,3.090980928391218185e-03,1.368056400679051876e-03,6.659494340419769287e-02,1.659902371466159821e-02,6.659494340419769287e-02,1.659902371466159821e-02,8.986623026430606842e-03,1.471968367695808411e-03,9.358712472021579742e-03,1.826639054343104362e-03,-1.222597165906336159e-05,3.934110281988978386e-05,3.934110281988978386e-05,3.934110281988978386e-05
-3.712110046762973070e-04,1.224181178258731961e-04,9.580964106135070324e-04,6.323197158053517342e-04,7.298397272825241089e-02,5.873978137969970703e-03,7.298397272825241089e-02,6.197046022862195969e-03,9.220273233950138092e-03,2.056599594652652740e-03,9.220273233950138092e-03,2.063668332993984222e-03,1.944175455719232559e-04,1.145453134085983038e-04,2.279573091072961688e-04,1.260518620256334543e-04,-6.509007653221487999e-04,-9.739988599903881550e-04,7.662690710276365280e-03,5.884166341274976730e-03,5.107508897781372070e-01,4.370529949665069580e-02,5.107508897781372070e-01,4.900592565536499023e-02,3.060763143002986908e-02,6.634709890931844711e-03,6.002356857061386108e-02,2.839771844446659088e-02,2.196430228650569916e-03,-1.360350986942648888e-03,2.196430228650569916e-03,1.367419608868658543e-03,6.308458978310227394e-04,-5.641095340251922607e-04,7.489460520446300507e-03,3.798492252826690674e-03,4.636997282505035400e-01,-1.663258858025074005e-02,4.636997282505035400e-01,6.588868051767349243e-02,6.058739870786666870e-02,-3.799582645297050476e-02,8.485934883356094360e-02,4.356655851006507874e-02,3.222955623641610146e-03,-7.613113848492503166e-04,3.222955623641610146e-03,1.145278802141547203e-03,3.515833814162760973e-04,-9.467852214584127069e-05,1.046231831423938274e-03,2.714732254389673471e-04,6.402599811553955078e-02,1.159300655126571655e-02,6.402599811553955078e-02,1.198025140911340714e-02,5.598130170255899429e-03,4.231347236782312393e-03,6.666427012532949448e-03,4.310198128223419189e-03,3.049820952583104372e-04,1.998473308049142361e-04,3.069850208703428507e-04,2.686139487195760012e-04
6.982671329751610756e-04,3.209875649190507829e-05,1.090266625396907330e-03,2.111010107910260558e-04,-2.265955321490764618e-03,2.663269697222858667e-04,6.375451572239398956e-03,1.782423583790659904e-03,7.397071272134780884e-02,-1.034690416418015957e-03,7.397071272134780884e-02,1.204676693305373192e-03,0.000000000000000000e+00,0.000000000000000000e+00,0.000000000000000000e+00,0.000000000000000000e+00,1.846249331720173359e-03,3.050670027732849121e-03,5.715236067771911621e-03,6.411951035261154175e-03,3.194586141034960747e-03,-8.212988264858722687e-03,5.495320633053779602e-02,2.832600660622119904e-02,4.917106628417968750e-01,1.047365926206111908e-02,4.917106628417968750e-01,1.833930984139442444e-02,0.000000000000000000e+00,0.000000000000000000e+00,0.000000000000000000e+00,0.000000000000000000e+00,6.813941989094018936e-03,-3.783095628023147583e-03,8.988590911030769348e-03,4.483778961002826691e-03,-3.123148577287793159e-03,1.942190714180469513e-02,5.783741176128387451e-02,5.211284384131431580e-02,4.923715591430664062e-01,1.203074585646390915e-02,4.923715591430664062e-01,2.113303914666175842e-02,0.000000000000000000e+00,0.000000000000000000e+00,0.000000000000000000e+00,0.000000000000000000e+00,3.869907523039728403e-04,7.310322689590975642e-05,6.778116221539676189e-04,1.225892483489587903e-04,8.434978313744068146e-03,-1.136957900598645210e-03,1.514912676066160202e-02,2.355161122977733612e-03,6.566467136144638062e-02,2.978564705699682236e-03,6.566467136144638062e-02,3.335004206746816635e-03,0.000000000000000000e+00,0.000000000000000000e+00,0.000000000000000000e+00,0.000000000000000000e+00
8.353325538337230682e-03,-3.166492388118058443e-04,8.353325538337230682e-03,3.177516045980155468e-04,-3.533999621868133545e-02,1.039151917211711407e-03,3.688498958945274353e-02,1.408566604368388653e-03,5.641936510801315308e-02,-4.605540540069341660e-03,5.641936510801315308e-02,4.989252891391515732e-03,3.102608316112309694e-04,1.275435624847887084e-05,3.203761298209428787e-04,8.041752153076231480e-05,6.149321049451828003e-02,-2.172330394387245178e-03,6.149321049451828003e-02,2.443596255034208298e-03,-2.661401629447937012e-01,-4.328958224505186081e-03,2.747355997562408447e-01,1.369603537023067474e-02,4.119184911251068115e-01,-1.219145208597183228e-02,4.119184911251068115e-01,1.841173321008682251e-02,3.150153497699648142e-04,-9.113249689107760787e-05,1.018157461658120155e-03,4.248564364388585091e-04,6.051113456487655640e-02,-2.993996720761060715e-03,6.051113456487655640e-02,3.658739151433110237e-03,-2.564186453819274902e-01,-1.098432671278715134e-02,2.720233798027038574e-01,1.911013014614582062e-02,4.122726619243621826e-01,-6.328814197331666946e-04,4.122726619243621826e-01,2.898992225527763367e-02,1.798704215616453439e-05,1.114467158913612366e-04,1.326270750723779202e-03,7.824433268979191780e-04,7.649159058928489685e-03,-2.704354701563715935e-04,7.649159058928489685e-03,4.380593600217252970e-04,-3.110187686979770660e-02,-1.402805326506495476e-03,3.407835587859153748e-02,1.532028429210186005e-03,5.608638375997543335e-02,4.249889389029704034e-05,5.608638375997543335e-02,1.205295207910239697e-03,1.881933712866157293e-05,-2.725654485402628779e-05,9.331665933132171631e-05,7.455522427335381508e-05
7.020458579063415527e-04,-2.085342304781079292e-03,8.926626760512590408e-04,2.085342304781079292e-03,-6.701287347823381424e-04,-7.747584953904151917e-03,2.398920943960547447e-03,7.747584953904151917e-03,4.372433759272098541e-03,-4.371275717858225107e-04,4.883784800767898560e-03,3.104866947978734970e-03,1.144652269431389868e-04,-4.552220343612134457e-04,2.891958283726125956e-04,4.552220343612134457e-04,-6.797930691391229630e-03,-2.628182619810104370e-02,2.062924951314926147e-02,2.816388569772243500e-02,-1.633351668715476990e-02,-3.219126760959625244e-01,9.175192564725875854e-02,3.219126760959625244e-01,2.431201189756393433e-01,-1.194893121719360352e-01,2.537131607532501221e-01,1.202986314892768860e-01,3.196765435859560966e-03,-3.524626954458653927e-04,3.304104320704936981e-03,2.662812825292348862e-03,-1.861991547048091888e-02,-6.013400107622146606e-02,2.196456678211688995e-02,6.013400107622146606e-02,2.244334071874618530e-01,-1.750206798315048218e-01,2.646017670631408691e-01,3.067528009414672852e-01,4.128076732158660889e-01,8.742942661046981812e-02,4.142117798328399658e-01,9.209893643856048584e-02,5.113512161187827587e-04,2.285663504153490067e-03,5.113512161187827587e-04,2.285663504153490067e-03,-9.288300061598420143e-04,-8.731659036129713058e-04,3.157367696985602379e-03,1.602525357156991959e-03,8.747297525405883789e-02,3.385438770055770874e-02,8.747297525405883789e-02,3.385438770055770874e-02,1.812049001455307007e-02,7.013238500803709030e-03,1.812049001455307007e-02,7.013238500803709030e-03,0.000000000000000000e+00,0.000000000000000000e+00,0.000000000000000000e+00,0.000000000000000000e+00
1.206626091152429581e-02,1.641145558096468449e-03,2.717821300029754639e-02,2.404137980192899704e-03,7.125294953584671021e-02,8.613999816589057446e-04,7.611158490180969238e-02,2.930499613285064697e-03,1.462349086068570614e-03,-1.124523463658988476e-03,6.420634221285581589e-03,1.607555779628455639e-03,0.000000000000000000e+00,0.000000000000000000e+00,0.000000000000000000e+00,0.000000000000000000e+00,1.103459671139717102e-01,-1.476798392832279205e-02,1.996029913425445557e-01,1.668570749461650848e-02,3.994278013706207275e-01,-8.930670097470283508e-03,5.239732861518859863e-01,2.824306674301624298e-02,7.011704146862030029e-02,-2.677093259990215302e-03,7.246751338243484497e-02,1.579769141972064972e-02,0.000000000000000000e+00,0.000000000000000000e+00,0.000000000000000000e+00,0.000000000000000000e+00,1.339892297983169556e-01,1.421911362558603287e-02,2.201784700155258179e-01,1.879340596497058868e-02,3.908061087131500244e-01,2.279000543057918549e-02,5.038567781448364258e-01,5.139558389782905579e-02,5.643489956855773926e-02,7.890107110142707825e-03,5.643489956855773926e-02,2.012266963720321655e-02,0.000000000000000000e+00,0.000000000000000000e+00,0.000000000000000000e+00,0.000000000000000000e+00,2.530577220022678375e-02,3.714785852935165167e-04,3.714181855320930481e-02,8.225460769608616829e-04,4.616576060652732849e-02,4.627070855349302292e-03,4.950294643640518188e-02,6.290328688919544220e-03,3.251636633649468422e-03,1.216427423059940338e-03,3.251636633649468422e-03,1.382879796437919140e-03,0.000000000000000000e+00,0.000000000000000000e+00,0.000000000000000000e+00,0.000000000000000000e+00
-2.174355555325746536e-03,-3.452360397204756737e-03,4.313145298510789871e-03,6.010748911648988724e-03,1.561574754305183887e-03,1.155730895698070526e-02,4.267659969627857208e-03,1.215805951505899429e-02,7.714452687650918961e-03,2.088244818150997162e-02,1.219123788177967072e-02,2.170524932444095612e-02,2.451193518936634064e-03,3.727778093889355659e-03,2.784134121611714363e-03,3.846568986773490906e-03,3.612897824496030807e-03,5.938245449215173721e-03,3.612897824496030807e-03,5.938245449215173721e-03,2.195555716753005981e-01,1.265902817249298096e-01,2.195555716753005981e-01,1.265902817249298096e-01,-6.473077088594436646e-02,1.295554339885711670e-01,1.260659098625183105e-01,2.645920217037200928e-01,-8.218943141400814056e-03,-1.250678021460771561e-02,1.014456804841756821e-02,1.362507976591587067e-02,7.740743458271026611e-04,-2.441430464386940002e-03,2.793589141219854355e-03,5.622125696390867233e-03,2.389447689056396484e-01,-8.116354793310165405e-02,2.389447689056396484e-01,1.068151667714118958e-01,-7.368557900190353394e-02,2.187759131193161011e-01,2.931791543960571289e-01,4.622737467288970947e-01,-2.036405727267265320e-02,1.023272052407264709e-02,3.254212811589241028e-02,3.388869389891624451e-02,-4.504941462073475122e-04,-6.581332418136298656e-04,4.504941462073475122e-04,1.011420390568673611e-03,2.042957581579685211e-02,-2.119389362633228302e-02,2.932430431246757507e-02,2.444353699684143066e-02,2.709274291992187500e-01,1.284002363681793213e-01,3.227872848510742188e-01,2.599167823791503906e-01,-5.816092714667320251e-02,4.271283745765686035e-02,5.842528492212295532e-02,4.514868929982185364e-02
0.000000000000000000e+00,0.000000000000000000e+00,0.000000000000000000e+00,0.000000000000000000e+00,4.375101125333458185e-04,1.843075151555240154e-03,4.073899239301681519e-03,3.722328459843993187e-03,0.000000000000000000e+00,0.000000000000000000e+00,0.000000000000000000e+00,0.000000000000000000e+00,0.000000000000000000e+00,0.000000000000000000e+00,0.000000000000000000e+00,0.000000000000000000e+00,-6.640313658863306046e-03,-5.606437567621469498e-03,9.049922227859497070e-03,6.589765194803476334e-03,-1.980883181095123291e-01,-2.727808058261871338e-01,2.219902276992797852e-01,2.944939732551574707e-01,2.720029652118682861e-01,-1.643242090940475464e-01,2.877645790576934814e-01,1.839839220046997070e-01,3.448656294494867325e-03,1.582293334649875760e-04,3.448656294494867325e-03,3.448656294494867325e-03,-4.320904985070228577e-02,-5.714373290538787842e-02,5.223634839057922363e-02,5.714373290538787842e-02,-4.677393287420272827e-02,6.202371791005134583e-02,3.884945213794708252e-01,3.986036181449890137e-01,2.801546454429626465e-01,8.940532058477401733e-02,2.947767972946166992e-01,1.399803608655929565e-01,3.491596085950732231e-03,-4.293309990316629410e-03,3.583202604204416275e-03,4.293309990316629410e-03,-1.141079701483249664e-03,9.700660593807697296e-03,7.763539440929889679e-03,1.282593049108982086e-02,5.193336866796016693e-03,3.797595202922821045e-02,6.150551140308380127e-02,4.912930354475975037e-02,1.343897171318531036e-02,-1.699922047555446625e-02,5.196982994675636292e-02,3.390493988990783691e-02,3.668545046821236610e-03,-5.676558241248130798e-03,4.468059167265892029e-03,7.263595703989267349e-03
-2.073052019113674760e-05,7.444049697369337082e-05,1.615258952369913459e-04,2.280906919622793794e-04,-7.071633823215961456e-03,2.208101795986294746e-03,3.432469815015792847e-02,2.941277809441089630e-03,5.601134523749351501e-02,-6.012912373989820480e-03,5.611044541001319885e-02,6.041739135980606079e-03,9.558665624354034662e-05,-6.300317181739956141e-05,1.142342589446343482e-04,7.040648051770403981e-05,6.324279238469898701e-04,-9.517076978227123618e-05,1.367147080600261688e-03,3.591043350752443075e-04,-1.357145160436630249e-01,5.191343836486339569e-03,1.510206460952758789e-01,1.328688208013772964e-02,4.562993347644805908e-01,-1.878478191792964935e-02,4.562993347644805908e-01,2.323037572205066681e-02,1.039924449287354946e-03,1.461130741517990828e-04,1.117788720875978470e-03,2.155413530999794602e-04,2.731385757215321064e-04,2.016670478042215109e-04,9.533350239507853985e-04,6.445259205065667629e-04,-1.640865802764892578e-01,7.592048496007919312e-03,1.810302287340164185e-01,1.311339996755123138e-02,4.808619022369384766e-01,-6.538392975926399231e-03,4.810854196548461914e-01,1.346679497510194778e-02,6.041392334736883640e-04,6.814749940531328321e-05,8.108856272883713245e-04,3.620102070271968842e-04,-3.520744576235301793e-05,1.347338820778531954e-05,1.193360149045474827e-04,7.573610491817817092e-05,-2.439664304256439209e-02,5.979157285764813423e-04,2.492268569767475128e-02,6.961340550333261490e-04,6.933105736970901489e-02,-2.725557715166360140e-04,6.933105736970901489e-02,5.117204855196177959e-04,3.591297718230634928e-05,-3.641644798335619271e-05,1.363673945888876915e-04,4.062134030391462147e-05
-9.225387475453317165e-04,-1.545337028801441193e-03,1.786611974239349365e-03,1.759639242663979530e-03,7.184210419654846191e-02,2.583610452711582184e-02,7.562203705310821533e-02,3.545265272259712219e-02,3.723014891147613525e-02,-3.811255330219864845e-03,3.758800029754638672e-02,6.826724391430616379e-03,-1.286639162572100759e-04,-5.072132626082748175e-05,2.450726460665464401e-04,1.875848392955958843e-04,-1.558143924921751022e-02,1.759845763444900513e-02,3.702852874994277954e-02,4.363486915826797485e-02,3.022666573524475098e-01,1.849503442645072937e-02,4.150832891464233398e-01,3.050676882266998291e-01,3.127200603485107422e-01,-4.440768063068389893e-02,3.231779336929321289e-01,7.926443964242935181e-02,2.903552725911140442e-03,-7.244423613883554935e-04,3.971354104578495026e-03,2.068241592496633530e-03,2.076681330800056458e-02,7.999666035175323486e-03,2.089163847267627716e-02,2.201985754072666168e-02,1.677770912647247314e-01,1.709816604852676392e-02,3.276910781860351562e-01,1.371233463287353516e-01,3.335838913917541504e-01,7.168620079755783081e-02,3.489563763141632080e-01,7.881865650415420532e-02,1.196213997900485992e-03,6.552158156409859657e-04,2.900643274188041687e-03,2.423385623842477798e-03,1.090504345484077930e-03,-1.043204218149185181e-03,1.227529603056609631e-03,1.686011441051959991e-03,7.082013040781021118e-02,2.808633074164390564e-02,7.301487773656845093e-02,3.294477984309196472e-02,7.443709764629602432e-03,4.546154290437698364e-03,1.073180325329303741e-02,5.552592221647500992e-03,6.464008474722504616e-04,1.147796865552663803e-04,6.464008474722504616e-04,1.506179833086207509e-04
4.133958742022514343e-02,-2.248559892177581787e-02,4.743443056941032410e-02,2.371254190802574158e-02,3.706289082765579224e-02,-1.595347002148628235e-02,3.775760158896446228e-02,1.970972493290901184e-02,9.923081961460411549e-05,3.881969314534217119e-05,9.923081961460411549e-05,9.923081961460411549e-05,0.000000000000000000e+00,0.000000000000000000e+00,0.000000000000000000e+00,0.000000000000000000e+00,2.393958270549774170e-01,-9.219890460371971130e-03,2.522470951080322266e-01,1.975944638252258301e-01,2.500492036342620850e-01,1.152573712170124054e-02,3.337184190750122070e-01,2.142478376626968384e-01,7.397150993347167969e-02,-4.875094071030616760e-02,7.397150993347167969e-02,7.248993963003158569e-02,0.000000000000000000e+00,0.000000000000000000e+00,0.000000000000000000e+00,0.000000000000000000e+00,2.124788314104080200e-01,8.646196126937866211e-02,2.438459694385528564e-01,2.113100141286849976e-01,4.007491469383239746e-01,4.090282693505287170e-02,4.477075338363647461e-01,2.556638121604919434e-01,3.250508382916450500e-02,5.380063876509666443e-02,3.250508382916450500e-02,5.380063876509666443e-02,0.000000000000000000e+00,0.000000000000000000e+00,0.000000000000000000e+00,0.000000000000000000e+00,3.607344813644886017e-03,9.920503012835979462e-03,4.689627327024936676e-03,9.920503012835979462e-03,1.305457903072237968e-03,2.063597552478313446e-03,1.305457903072237968e-03,2.063597552478313446e-03,0.000000000000000000e+00,0.000000000000000000e+00,0.000000000000000000e+00,0.000000000000000000e+00,0.000000000000000000e+00,0.000000000000000000e+00,0.000000000000000000e+00,0.000000000000000000e+00
-4.787995014339685440e-03,-1.754834083840250969e-04,4.787995014339685440e-03,3.369785263203084469e-04,2.242648741230368614e-03,-4.890807322226464748e-04,4.035590216517448425e-03,1.593663124367594719e-03,6.689586490392684937e-02,3.678826382383704185e-03,6.689586490392684937e-02,3.780555445700883865e-03,0.000000000000000000e+00,0.000000000000000000e+00,0.000000000000000000e+00,0.000000000000000000e+00,-2.598924003541469574e-02,-2.862983616068959236e-03,2.636839449405670166e-02,3.119365544989705086e-03,5.633455701172351837e-03,-1.628022454679012299e-02,4.551897197961807251e-02,3.418584540486335754e-02,4.856924414634704590e-01,-1.056547649204730988e-02,4.856924414634704590e-01,4.001232609152793884e-02,0.000000000000000000e+00,0.000000000000000000e+00,0.000000000000000000e+00,0.000000000000000000e+00,-2.621733583509922028e-02,8.838857756927609444e-04,2.621733583509922028e-02,3.031843109056353569e-03,3.579952288419008255e-03,2.243828261271119118e-03,3.825622424483299255e-02,1.952598989009857178e-02,4.989016056060791016e-01,1.743945479393005371e-02,4.989016056060791016e-01,3.326283395290374756e-02,0.000000000000000000e+00,0.000000000000000000e+00,0.000000000000000000e+00,0.000000000000000000e+00,-3.710779827088117599e-03,-2.995861868839710951e-04,3.712986595928668976e-03,2.995861868839710951e-04,2.526548691093921661e-03,3.472711832728236914e-04,8.375841192901134491e-03,1.310984720475971699e-03,7.008215785026550293e-02,2.087367931380867958e-03,7.008215785026550293e-02,1.104774978011846542e-02,0.000000000000000000e+00,0.000000000000000000e+00,0.000000000000000000e+00,0.000000000000000000e+00
9.901851415634155273e-03,-4.903674591332674026e-03,9.901851415634155273e-03,4.903674591332674026e-03,2.772549865767359734e-03,-6.876041647046804428e-03,1.336969342082738876e-02,6.876041647046804428e-03,-2.095036674290895462e-03,-1.430850243195891380e-03,2.095036674290895462e-03,2.092022215947508812e-03,5.831544694956392050e-05,1.689815544523298740e-04,5.831544694956392050e-05,1.914601743919774890e-04,9.224852919578552246e-02,-3.447587788105010986e-02,9.224852919578552246e-02,3.447587788105010986e-02,2.402998954057693481e-01,3.444456309080123901e-02,2.598295509815216064e-01,9.373521804809570312e-02,-4.073874279856681824e-02,1.465950161218643188e-01,4.073874279856681824e-02,1.465950161218643188e-01,9.632660076022148132e-03,2.334629558026790619e-02,9.632660076022148132e-03,2.334629558026790619e-02,1.045913398265838623e-01,-3.679551556706428528e-02,1.045913398265838623e-01,3.679551556706428528e-02,5.510743856430053711e-01,-6.346245110034942627e-02,5.510743856430053711e-01,9.558567404747009277e-02,4.193598031997680664e-02,2.331929653882980347e-01,7.875192910432815552e-02,2.331929653882980347e-01,1.194276660680770874e-02,3.705463185906410217e-02,1.194276660680770874e-02,3.705463185906410217e-02,1.355071179568767548e-02,-3.913540858775377274e-03,1.355071179568767548e-02,3.913540858775377274e-03,1.183378994464874268e-01,-1.525374036282300949e-02,1.183378994464874268e-01,1.606475375592708588e-02,3.515674546360969543e-02,2.119486406445503235e-02,3.635755553841590881e-02,2.128398232161998749e-02,8.377282647415995598e-04,4.197871312499046326e-03,8.377282647415995598e-04,4.197871312499046326e-03
-9.352744673378765583e-04,-2.341734652873128653e-04,1.195865334011614323e-03,5.073280190117657185e-04,-7.391615770757198334e-03,-2.451860113069415092e-03,9.287601336836814880e-03,3.595821093767881393e-03,8.214129507541656494e-02,-6.707159802317619324e-03,8.214129507541656494e-02,6.707159802317619324e-03,1.421895809471607208e-03,-4.257722466718405485e-04,1.532498514279723167e-03,4.480754141695797443e-04,-3.116578096523880959e-03,-9.168681572191417217e-04,4.787774756550788879e-03,7.249751128256320953e-03,-8.506255596876144409e-02,2.731872722506523132e-02,8.506255596876144409e-02,3.087238036096096039e-02,5.295792818069458008e-01,-2.627589367330074310e-02,5.295792818069458008e-01,2.756371535360813141e-02,1.799051649868488312e-02,-1.853720284998416901e-03,1.852548494935035706e-02,2.220185473561286926e-03,-6.588696967810392380e-03,2.304670633748173714e-03,7.248553447425365448e-03,5.659268237650394440e-03,-4.049844294786453247e-02,2.098589949309825897e-02,4.950666427612304688e-02,3.378534689545631409e-02,4.433495402336120605e-01,-1.699271262623369694e-03,4.433495402336120605e-01,3.899635747075080872e-02,2.701496519148349762e-02,-2.932181814685463905e-03,2.759174816310405731e-02,2.987002953886985779e-03,-4.137434589210897684e-04,2.912914351327344775e-05,1.738297869451344013e-03,1.020740484818816185e-03,-2.383069600909948349e-03,5.877458024770021439e-03,3.665731986984610558e-03,5.877458024770021439e-03,4.905436560511589050e-02,-2.770271850749850273e-03,4.905436560511589050e-02,5.813894793391227722e-03,5.201746709644794464e-03,-6.157492171041667461e-04,5.233193282037973404e-03,6.195114692673087120e-04
4.372092895209789276e-03,-1.652784412726759911e-04,4.372092895209789276e-03,2.707670209929347038e-04,9.761814959347248077e-03,-1.246971078217029572e-03,1.335524395108222961e-02,3.270112676545977592e-03,6.713096052408218384e-02,7.129574660211801529e-04,6.713096052408218384e-02,1.444619498215615749e-03,0.000000000000000000e+00,0.000000000000000000e+00,0.000000000000000000e+00,0.000000000000000000e+00,2.758714370429515839e-02,4.122178361285477877e-04,2.758714370429515839e-02,7.575507042929530144e-04,5.025208741426467896e-02,-8.562238886952400208e-03,9.509992599487304688e-02,1.716368272900581360e-02,4.920375645160675049e-01,-1.197717059403657913e-02,4.920375645160675049e-01,1.399016752839088440e-02,0.000000000000000000e+00,0.000000000000000000e+00,0.000000000000000000e+00,0.000000000000000000e+00,2.925143763422966003e-02,-1.793679897673428059e-03,2.925143763422966003e-02,1.793679897673428059e-03,5.351691693067550659e-02,1.107412949204444885e-02,1.118222251534461975e-01,1.882208883762359619e-02,4.832249581813812256e-01,-3.857817035168409348e-03,4.832249581813812256e-01,9.887968190014362335e-03,5.510214250534772873e-04,-3.913137188646942377e-04,5.510214250534772873e-04,3.913137188646942377e-04,4.471480380743741989e-03,-7.984310650499537587e-05,4.471480380743741989e-03,1.022776414174586535e-04,1.582487486302852631e-02,1.169265480712056160e-03,1.582487486302852631e-02,1.370598212815821171e-03,6.093018129467964172e-02,-1.690563076408579946e-04,6.093018129467964172e-02,7.886225357651710510e-04,9.082903852686285973e-05,6.279422905208775774e-06,9.082903852686285973e-05,6.279422905208775774e-06
3.840847313404083252e-02,-1.704996568150818348e-03,3.840847313404083252e-02,3.284909762442111969e-03,-1.131170708686113358e-02,-3.377566463313996792e-04,2.841564267873764038e-02,1.574820466339588165e-02,1.650013215839862823e-02,-1.015881914645433426e-02,1.774391159415245056e-02,1.200446859002113342e-02,8.261288749054074287e-04,3.159184125252068043e-04,8.878312073647975922e-04,1.010277890600264072e-03,3.317591249942779541e-01,-1.705609448254108429e-02,3.317591249942779541e-01,2.357325702905654907e-02,-2.225628197193145752e-01,-6.819844990968704224e-02,3.546024560928344727e-01,9.137696027755737305e-02,2.705322802066802979e-01,-4.886430129408836365e-02,2.705322802066802979e-01,7.772160321474075317e-02,7.591329049319028854e-04,6.002829177305102348e-04,1.765101449564099312e-03,7.092932704836130142e-03,3.453244864940643311e-01,1.142645534127950668e-02,3.453244864940643311e-01,2.128574997186660767e-02,-1.111684739589691162e-01,1.268481761217117310e-01,2.111205607652664185e-01,1.310244053602218628e-01,1.210113018751144409e-01,1.494291722774505615e-01,1.643666476011276245e-01,1.715406775474548340e-01,-8.086229674518108368e-03,-1.951001212000846863e-02,1.553836371749639511e-02,2.699010632932186127e-02,4.677274450659751892e-02,2.528593642637133598e-03,4.677274450659751892e-02,5.181080661714076996e-03,-3.637304762378334999e-03,-2.160185202956199646e-02,2.182604558765888214e-02,2.444485016167163849e-02,1.659840159118175507e-02,-4.963789600878953934e-03,1.972476579248905182e-02,1.108290068805217743e-02,-1.737814978696405888e-03,3.027607221156358719e-03,2.576829865574836731e-03,3.171080257743597031e-03
-6.713277543894946575e-04,1.473676384193822742e-04,1.119138207286596298e-03,1.473676384193822742e-04,1.208903640508651733e-02,-4.018117615487426519e-04,1.232929434627294540e-02,1.241824473254382610e-03,7.080517709255218506e-02,-1.248945132829248905e-03,7.084973156452178955e-02,2.889467170462012291e-03,1.824629143811762333e-04,-1.121571622206829488e-04,2.164390025427564979e-04,1.461097708670422435e-04,-9.506724774837493896e-03,2.008826471865177155e-03,9.767778217792510986e-03,2.260107081383466721e-03,8.802144974470138550e-02,-3.065346507355570793e-03,1.031219959259033203e-01,1.195316482335329056e-02,4.863202869892120361e-01,-2.149826148524880409e-03,4.880174696445465088e-01,1.865738257765769958e-02,3.227613924536854029e-04,1.072453451342880726e-03,5.644555203616619110e-04,1.482918742112815380e-03,-1.207665912806987762e-02,1.879141549579799175e-03,1.207665912806987762e-02,1.879141549579799175e-03,8.864515274763107300e-02,8.618111722171306610e-03,9.642290323972702026e-02,1.283210515975952148e-02,4.831401705741882324e-01,4.207012243568897247e-03,4.836144149303436279e-01,1.726281642913818359e-02,6.420037243515253067e-04,-3.881503653246909380e-04,7.457709871232509613e-04,1.093303435482084751e-03,-2.097368706017732620e-03,4.398267192300409079e-04,2.097368706017732620e-03,4.398267192300409079e-04,1.152130123227834702e-02,-1.068374724127352238e-03,1.773184724152088165e-02,2.197026507928967476e-03,7.095538079738616943e-02,4.111632879357784986e-04,7.122972607612609863e-02,3.468432696536183357e-03,4.757638453156687319e-05,-3.032042059203376994e-06,4.757638453156687319e-05,6.529916390718426555e-06
6.399382982635870576e-05,6.203384255059063435e-04,8.318205800605937839e-05,6.203384255059063435e-04,-4.828391247428953648e-04,3.704568371176719666e-03,3.220348851755261421e-03,3.775390796363353729e-03,5.762024968862533569e-02,-5.427062278613448143e-04,5.762024968862533569e-02,1.605622819624841213e-03,2.301438507856801152e-04,3.250882946304045618e-05,3.562496276572346687e-04,1.611849584151059389e-04,-1.134277088567614555e-03,4.312211647629737854e-03,1.469138660468161106e-03,4.312211647629737854e-03,-7.603190094232559204e-02,1.332364394329488277e-03,1.014137715101242065e-01,2.569067105650901794e-02,4.486439526081085205e-01,-9.374983608722686768e-03,4.486439526081085205e-01,2.722942084074020386e-02,-3.293061454314738512e-04,-7.651938358321785927e-04,1.670062192715704441e-03,1.252210466191172600e-03,-1.141504966653883457e-03,3.281479235738515854e-03,2.559085143730044365e-03,3.281479235738515854e-03,-1.418779492378234863e-01,-9.820133447647094727e-03,1.604182273149490356e-01,2.706116251647472382e-02,5.064433813095092773e-01,2.615606039762496948e-02,5.064433813095092773e-01,2.654156088829040527e-02,4.057310288771986961e-04,8.770907297730445862e-04,1.188856898806989193e-03,1.607715152204036713e-03,2.843547372322063893e-05,4.827657248824834824e-04,4.276767431292682886e-04,5.046628648415207863e-04,-1.882109604775905609e-02,-4.479950759559869766e-03,1.953413337469100952e-02,4.690075758844614029e-03,7.506828010082244873e-02,2.969695953652262688e-03,7.506828010082244873e-02,3.078422509133815765e-03,-1.532854803372174501e-04,-1.701092151051852852e-05,1.637525565456598997e-04,9.284217958338558674e-05
1.916070235893130302e-03,-7.894109585322439671e-04,1.996004022657871246e-03,1.334149157628417015e-03,-1.668417081236839294e-02,-7.353324443101882935e-03,2.092234417796134949e-02,7.723616436123847961e-03,8.146881125867366791e-03,3.116253297775983810e-03,1.926302909851074219e-02,5.702228285372257233e-03,-4.989797016605734825e-04,-1.566382270539179444e-04,1.546402461826801300e-03,6.386642344295978546e-04,1.480190362781286240e-02,7.769413292407989502e-03,1.535607315599918365e-02,1.125762891024351120e-02,1.274369060993194580e-01,1.279451400041580200e-01,2.848827838897705078e-01,1.655324995517730713e-01,-1.538563519716262817e-01,3.033198714256286621e-01,2.363512516021728516e-01,3.188690543174743652e-01,3.712643403559923172e-03,1.188295209431089461e-04,8.220034651458263397e-03,4.009589552879333496e-03,2.153604105114936829e-02,-6.277357693761587143e-03,2.267630770802497864e-02,1.012498792260885239e-02,1.603223532438278198e-01,1.101198792457580566e-01,3.102429211139678955e-01,3.196586668491363525e-01,-2.420491725206375122e-01,-2.456464618444442749e-01,2.744331955909729004e-01,3.679450452327728271e-01,-3.465628949925303459e-03,-1.254572882317006588e-03,6.401912774890661240e-03,5.149925593286752701e-03,7.754166144877672195e-04,-1.043278141878545284e-03,1.316288951784372330e-03,1.408460084348917007e-03,2.448864839971065521e-02,-5.513242259621620178e-02,7.012782990932464600e-02,5.689341202378273010e-02,-4.177670925855636597e-02,-1.676198281347751617e-02,4.736786708235740662e-02,1.981776766479015350e-02,-6.813979125581681728e-04,4.267466647434048355e-05,1.160913147032260895e-03,5.489134928211569786e-04
-6.423269864171743393e-03,2.845280105248093605e-04,6.423269864171743393e-03,7.235585944727063179e-04,2.689014002680778503e-02,5.478220409713685513e-04,3.116778470575809479e-02,2.929761540144681931e-03,6.587122380733489990e-02,-5.524202133528888226e-04,6.587122380733489990e-02,8.329324773512780666e-04,5.097766916151158512e-05,2.214734922745265067e-05,1.142149121733382344e-04,2.349388705624733120e-05,-3.683718293905258179e-02,1.402551541104912758e-03,3.683718293905258179e-02,5.276571493595838547e-03,1.553577929735183716e-01,1.546327304095029831e-02,1.685111820697784424e-01,7.155290991067886353e-02,4.553852677345275879e-01,6.234215572476387024e-03,4.553852677345275879e-01,2.616389654576778412e-02,4.994472838006913662e-04,0.000000000000000000e+00,7.930478313937783241e-04,0.000000000000000000e+00,-4.173035174608230591e-02,-9.613959118723869324e-04,4.173035174608230591e-02,4.157712217420339584e-03,1.811337471008300781e-01,-3.167800605297088623e-02,2.104871720075607300e-01,3.766859695315361023e-02,4.573000669479370117e-01,2.734707901254296303e-03,4.573000669479370117e-01,3.112312033772468567e-02,3.832555084954947233e-04,-8.467093721264973283e-05,5.004786071367561817e-04,1.374596613459289074e-04,-6.279193796217441559e-03,-3.517652512528002262e-04,6.279193796217441559e-03,4.752680251840502024e-04,2.360202185809612274e-02,2.615247503854334354e-04,2.577955834567546844e-02,5.955406813882291317e-04,7.020945847034454346e-02,1.109008095227181911e-03,7.020945847034454346e-02,1.278069335967302322e-03,3.206934707122854888e-05,7.297759566426975653e-06,5.633672844851389527e-05,9.858580597210675478e-06
0.000000000000000000e+00,0.000000000000000000e+00,0.000000000000000000e+00,0.000000000000000000e+00,0.000000000000000000e+00,0.000000000000000000e+00,0.000000000000000000e+00,0.000000000000000000e+00,4.827761277556419373e-02,1.221142243593931198e-02,4.863306879997253418e-02,1.280129980295896530e-02,-7.954396307468414307e-03,-2.403776859864592552e-03,1.928850263357162476e-02,4.336054436862468719e-03,0.000000000000000000e+00,0.000000000000000000e+00,0.000000000000000000e+00,0.000000000000000000e+00,8.679307997226715088e-03,8.679307997226715088e-03,8.679307997226715088e-03,8.679307997226715088e-03,4.531820416450500488e-01,9.498117119073867798e-02,5.597891211509704590e-01,1.229497715830802917e-01,-9.231237322092056274e-02,-1.901146955788135529e-02,1.604664176702499390e-01,3.739241510629653931e-02,0.000000000000000000e+00,0.000000000000000000e+00,0.000000000000000000e+00,0.000000000000000000e+00,2.280453592538833618e-02,-3.222459694370627403e-03,2.280453592538833618e-02,1.361958216875791550e-02,2.572011351585388184e-01,-7.792264223098754883e-02,5.134913921356201172e-01,2.220054417848587036e-01,3.185629472136497498e-02,1.425700075924396515e-02,1.259640008211135864e-01,2.876602485775947571e-02,0.000000000000000000e+00,0.000000000000000000e+00,0.000000000000000000e+00,0.000000000000000000e+00,3.213307121768593788e-03,2.030308824032545090e-03,3.589038737118244171e-03,2.727235900238156319e-03,3.019419312477111816e-02,8.156561292707920074e-03,9.249974042177200317e-02,2.444247901439666748e-02,1.941049657762050629e-02,4.980117548257112503e-03,1.990385539829730988e-02,5.125663243234157562e-03
