6.302150836745568085e-07,-3.719981032190844417e-05,2.282234891026746482e-05,3.719981032190844417e-05,5.992738297209143639e-04,-2.335791796213015914e-04,5.992738297209143639e-04,5.734877777285873890e-04,-6.378664402291178703e-04,-7.394486456178128719e-04,7.928868290036916733e-04,7.394486456178128719e-04,1.434653386240825057e-04,-3.209622809663414955e-05,1.434653386240825057e-04,3.209622809663414955e-05,1.018653158098459244e-02,-5.996256321668624878e-02,1.175295561552047729e-02,6.118567287921905518e-02,9.099138528108596802e-02,-5.044108629226684570e-01,9.099138528108596802e-02,5.044108629226684570e-01,1.927410513162612915e-01,-2.505094408988952637e-01,1.949978470802307129e-01,2.505094408988952637e-01,2.689159708097577095e-03,-2.806629799306392670e-02,3.198157530277967453e-03,2.971279807388782501e-02,-1.968643162399530411e-03,2.360177924856543541e-03,3.271096386015415192e-03,6.670958362519741058e-03,4.484327137470245361e-02,3.209605813026428223e-02,1.043787226080894470e-01,4.704152420163154602e-02,2.851986587047576904e-01,-1.768277399241924286e-02,3.892869949340820312e-01,7.978703826665878296e-02,4.622196778655052185e-03,-1.581831090152263641e-02,1.335239410400390625e-02,2.429038099944591522e-02,-1.149184681707993150e-04,-7.995171472430229187e-04,6.881812587380409241e-04,8.613211684860289097e-04,4.256159067153930664e-02,-3.050926141440868378e-03,4.930262640118598938e-02,1.501350849866867065e-02,1.594147831201553345e-02,2.374063991010189056e-02,3.351267427206039429e-02,3.663528338074684143e-02,-3.715913975611329079e-03,1.818590913899242878e-03,3.796790260821580887e-03,4.099561832845211029e-03
5.731369368731975555e-03,-5.747762508690357208e-03,6.035972852259874344e-03,5.953339859843254089e-03,4.138010740280151367e-02,-4.506304115056991577e-02,4.143438488245010376e-02,4.515061527490615845e-02,-4.558814980555325747e-04,-2.254034625366330147e-03,1.667496748268604279e-03,2.254034625366330147e-03,2.918396494351327419e-04,-2.592518867459148169e-04,3.246097185183316469e-04,2.592518867459148169e-04,4.327098373323678970e-03,-3.597856732085347176e-03,6.289478857070207596e-03,5.283347796648740768e-03,3.685171008110046387e-01,-1.935522407293319702e-01,3.729078173637390137e-01,2.376912832260131836e-01,2.476924210786819458e-01,-7.199963182210922241e-02,2.532023787498474121e-01,7.895211875438690186e-02,-5.266082589514553547e-04,9.545563079882413149e-05,2.852168399840593338e-03,2.830568235367536545e-03,3.412627382203936577e-03,-1.577222486957907677e-03,5.910114850848913193e-03,5.965954624116420746e-03,3.531122207641601562e-01,1.178073957562446594e-01,3.869376778602600098e-01,1.408596336841583252e-01,2.776908278465270996e-01,5.947232618927955627e-02,2.848186790943145752e-01,6.219647824764251709e-02,6.261427188292145729e-04,3.277906216681003571e-04,1.419455860741436481e-03,1.357522327452898026e-03,2.895601093769073486e-03,2.109943190589547157e-03,2.912193536758422852e-03,2.129584318026900291e-03,6.126113235950469971e-02,5.040935799479484558e-02,6.126113235950469971e-02,5.043774843215942383e-02,4.041705746203660965e-03,2.746029524132609367e-03,4.837768152356147766e-03,2.906363224610686302e-03,3.294384805485606194e-05,2.490701263013761491e-05,3.294384805485606194e-05,2.490701263013761491e-05
1.068596960976719856e-03,-2.163990866392850876e-03,1.638537738472223282e-03,2.205676632001996040e-03,6.239241734147071838e-02,-5.357313156127929688e-02,6.269104033708572388e-02,5.369977280497550964e-02,1.944468123838305473e-03,-3.363092662766575813e-03,2.499890979379415512e-03,3.363092662766575813e-03,1.358230510959401727e-04,-1.901993236970156431e-04,1.358230510959401727e-04,1.901993236970156431e-04,-2.550509758293628693e-03,-5.422495771199464798e-03,3.027841215953230858e-03,5.494982935488224030e-03,3.384045362472534180e-01,-1.251465380191802979e-01,3.710417747497558594e-01,1.306875795125961304e-01,2.869950532913208008e-01,-4.492020979523658752e-02,2.959349155426025391e-01,5.037409812211990356e-02,1.610409351997077465e-03,-7.596728974021971226e-04,1.610409351997077465e-03,1.672613900154829025e-03,-2.965123625472187996e-03,-5.838301498442888260e-03,3.348675789311528206e-03,5.847800988703966141e-03,3.758639991283416748e-01,6.011487916111946106e-02,4.080533087253570557e-01,9.024656563997268677e-02,2.927245497703552246e-01,4.673450067639350891e-02,3.130832016468048096e-01,6.173116713762283325e-02,3.060353046748787165e-04,1.062587369233369827e-03,2.055889926850795746e-03,1.859411364421248436e-03,-5.168797215446829796e-04,2.826610289048403502e-04,9.296566713601350784e-04,8.052137563936412334e-04,8.406972885131835938e-02,4.033691063523292542e-02,8.446157723665237427e-02,4.038450121879577637e-02,4.246663302183151245e-03,2.242383314296603203e-03,5.424836650490760803e-03,3.110828110948204994e-03,1.520229416200891137e-04,-6.313705671345815063e-05,1.554823684273287654e-04,7.860024197725579143e-05
1.068596960976719856e-03,-2.163990866392850876e-03,1.638537738472223282e-03,2.205676632001996040e-03,6.239241734147071838e-02,-5.357313156127929688e-02,6.269104033708572388e-02,5.369977280497550964e-02,1.944468123838305473e-03,-3.363092662766575813e-03,2.499890979379415512e-03,3.363092662766575813e-03,1.358230510959401727e-04,-1.901993236970156431e-04,1.358230510959401727e-04,1.901993236970156431e-04,-2.550509758293628693e-03,-5.422495771199464798e-03,3.027841215953230858e-03,5.494982935488224030e-03,3.384045362472534180e-01,-1.251465380191802979e-01,3.710417747497558594e-01,1.306875795125961304e-01,2.869950532913208008e-01,-4.492020979523658752e-02,2.959349155426025391e-01,5.037409812211990356e-02,1.610409351997077465e-03,-7.596728974021971226e-04,1.610409351997077465e-03,1.672613900154829025e-03,-2.965123625472187996e-03,-5.838301498442888260e-03,3.348675789311528206e-03,5.847800988703966141e-03,3.758639991283416748e-01,6.011487916111946106e-02,4.080533087253570557e-01,9.024656563997268677e-02,2.927245497703552246e-01,4.673450067639350891e-02,3.130832016468048096e-01,6.173116713762283325e-02,3.060353046748787165e-04,1.062587369233369827e-03,2.055889926850795746e-03,1.859411364421248436e-03,-5.168797215446829796e-04,2.826610289048403502e-04,9.296566713601350784e-04,8.052137563936412334e-04,8.406972885131835938e-02,4.033691063523292542e-02,8.446157723665237427e-02,4.038450121879577637e-02,4.246663302183151245e-03,2.242383314296603203e-03,5.424836650490760803e-03,3.110828110948204994e-03,1.520229416200891137e-04,-6.313705671345815063e-05,1.554823684273287654e-04,7.860024197725579143e-05
4.531282931566238403e-02,1.651438325643539429e-02,4.613377153873443604e-02,1.786991395056247711e-02,6.465510278940200806e-02,1.191850472241640091e-02,6.465510278940200806e-02,1.209411863237619400e-02,7.550517912022769451e-04,4.091733717359602451e-04,7.550517912022769451e-04,4.091733717359602451e-04,0.000000000000000000e+00,0.000000000000000000e+00,0.000000000000000000e+00,0.000000000000000000e+00,3.295162320137023926e-01,-5.050385370850563049e-03,3.498667180538177490e-01,2.883771620690822601e-02,3.163072168827056885e-01,-3.368548303842544556e-02,4.030368924140930176e-01,1.306905746459960938e-01,4.275149479508399963e-02,-3.197003528475761414e-02,4.275149479508399963e-02,3.831709921360015869e-02,0.000000000000000000e+00,0.000000000000000000e+00,0.000000000000000000e+00,0.000000000000000000e+00,3.567502796649932861e-01,2.914666756987571716e-02,3.817490041255950928e-01,5.441064387559890747e-02,2.513821721076965332e-01,5.585760995745658875e-02,3.229434788227081299e-01,9.028442949056625366e-02,5.451789125800132751e-02,3.206727653741836548e-02,5.451789125800132751e-02,3.206727653741836548e-02,0.000000000000000000e+00,0.000000000000000000e+00,0.000000000000000000e+00,0.000000000000000000e+00,3.477534651756286621e-02,2.755944244563579559e-02,3.490517660975456238e-02,2.780426666140556335e-02,1.235718559473752975e-02,4.720889031887054443e-03,1.235718559473752975e-02,4.776477813720703125e-03,0.000000000000000000e+00,0.000000000000000000e+00,0.000000000000000000e+00,0.000000000000000000e+00,0.000000000000000000e+00,0.000000000000000000e+00,0.000000000000000000e+00,0.000000000000000000e+00
1.129539590328931808e-02,-1.126668509095907211e-02,1.129539590328931808e-02,1.127172913402318954e-02,2.975761890411376953e-02,-2.102373354136943817e-02,2.981780841946601868e-02,2.102373354136943817e-02,1.549715409055352211e-03,-4.613357305061072111e-04,1.549715409055352211e-03,4.613357305061072111e-04,0.000000000000000000e+00,0.000000000000000000e+00,0.000000000000000000e+00,0.000000000000000000e+00,2.165119536221027374e-02,-1.050130696967244148e-03,2.165119536221027374e-02,6.031265947967767715e-03,4.767693877220153809e-01,-5.685837566852569580e-02,5.124315023422241211e-01,8.293399959802627563e-02,2.564614452421665192e-02,-1.256659533828496933e-02,2.564614452421665192e-02,1.709527894854545593e-02,6.922981119714677334e-04,-7.706268806941807270e-04,6.922981119714677334e-04,7.706268806941807270e-04,2.128730155527591705e-02,2.040935913100838661e-03,2.128730155527591705e-02,2.713313791900873184e-03,4.626619815826416016e-01,2.151891775429248810e-02,5.138776898384094238e-01,4.243335872888565063e-02,4.489704966545104980e-02,6.994086783379316330e-03,4.669620096683502197e-02,2.841970883309841156e-02,0.000000000000000000e+00,0.000000000000000000e+00,0.000000000000000000e+00,0.000000000000000000e+00,4.955658689141273499e-03,5.440679378807544708e-04,4.955658689141273499e-03,6.906501366756856441e-04,5.947937443852424622e-02,9.149747900664806366e-03,6.219791248440742493e-02,1.197525300085544586e-02,2.203658688813447952e-03,1.764585962519049644e-03,3.381566610187292099e-03,3.818263066932559013e-03,2.656930882949382067e-05,6.424287130357697606e-05,2.656930882949382067e-05,6.424287130357697606e-05
7.761828601360321045e-05,2.872174809454008937e-05,2.263628412038087845e-04,1.480261416872963309e-04,-9.001481346786022186e-03,-8.167546911863610148e-05,1.148892845958471298e-02,1.412311568856239319e-03,6.498725712299346924e-02,1.148413230112055317e-05,6.498725712299346924e-02,1.417347812093794346e-03,1.159616163931787014e-03,8.001425885595381260e-05,1.160759944468736649e-03,8.546322351321578026e-05,3.841639845632016659e-04,8.271280676126480103e-04,2.181512070819735527e-03,9.646053076721727848e-04,-9.938708692789077759e-02,1.850078406278043985e-04,1.089941486716270447e-01,1.356698293238878250e-02,4.804355204105377197e-01,-1.181244291365146637e-02,4.804355204105377197e-01,1.788446120917797089e-02,6.565496325492858887e-03,-4.646652087103575468e-04,6.603506859391927719e-03,1.181004918180406094e-03,3.184112720191478729e-03,-5.356092005968093872e-04,5.142289213836193085e-03,9.730129968374967575e-04,-1.176733523607254028e-01,1.345983240753412247e-02,1.245567649602890015e-01,2.206219546496868134e-02,4.828912913799285889e-01,-2.509579993784427643e-02,4.828912913799285889e-01,2.849323675036430359e-02,6.689343601465225220e-03,-9.327965672127902508e-04,7.056868169456720352e-03,1.447321381419897079e-03,2.095773525070399046e-04,1.104658440453931689e-04,6.572816055268049240e-04,2.060749975498765707e-04,-4.560708533972501755e-03,-2.288768999278545380e-03,2.509021945297718048e-02,6.640175357460975647e-03,6.044160202145576477e-02,2.465719543397426605e-02,6.044160202145576477e-02,2.468883059918880463e-02,1.027717371471226215e-03,4.502154479268938303e-04,1.076973625458776951e-03,5.017099319957196712e-04
1.501950668171048164e-03,1.869278930826112628e-04,1.503494917415082455e-03,2.164965844713151455e-04,6.218533217906951904e-02,8.512497879564762115e-03,6.218533217906951904e-02,8.819757029414176941e-03,-3.435131162405014038e-02,-3.911141306161880493e-03,3.942024335265159607e-02,5.692588165402412415e-03,-6.006484385579824448e-03,-4.457811010070145130e-04,6.036482751369476318e-03,6.316465442068874836e-04,1.424890570342540741e-02,8.433725452050566673e-04,1.434149127453565598e-02,1.763515989296138287e-03,3.886918425559997559e-01,3.391649946570396423e-02,3.886918425559997559e-01,3.769262880086898804e-02,-3.129633665084838867e-01,-5.774059891700744629e-02,3.129633665084838867e-01,5.774059891700744629e-02,-3.264579176902770996e-02,-3.290785709396004677e-03,3.264579176902770996e-02,3.877462586387991905e-03,1.631183922290802002e-02,1.792571856640279293e-03,1.636580005288124084e-02,2.425219863653182983e-03,3.235188424587249756e-01,-2.606026455760002136e-02,3.235188424587249756e-01,4.020318016409873962e-02,-3.501043915748596191e-01,-7.928261160850524902e-02,3.501043915748596191e-01,7.928261160850524902e-02,-2.290280349552631378e-02,-4.967947024852037430e-03,2.320974320173263550e-02,5.501647945493459702e-03,2.614003373309969902e-03,3.666309203254058957e-05,2.614327473565936089e-03,1.709906500764191151e-04,3.904226794838905334e-02,9.146032243734225631e-05,3.993205726146697998e-02,2.031295560300350189e-03,-5.089481174945831299e-02,-5.504740402102470398e-03,5.089481174945831299e-02,5.504740402102470398e-03,-2.363085979595780373e-03,-4.202168493065983057e-04,2.370197325944900513e-03,4.640192200895398855e-04
-3.139439286314882338e-05,2.177957794629037380e-04,3.551578629412688315e-05,3.502559848129749298e-04,1.319495146162807941e-03,1.268716441700235009e-04,1.631019869819283485e-03,1.454740995541214943e-03,1.764661818742752075e-02,2.798681519925594330e-02,2.115588076412677765e-02,2.902328968048095703e-02,2.970646368339657784e-03,7.509868592023849487e-03,4.229512065649032593e-03,8.362160995602607727e-03,9.639831114327535033e-05,-1.145073794759809971e-03,8.285522926598787308e-04,3.659607144072651863e-03,2.949614226818084717e-01,8.492878824472427368e-02,2.965308725833892822e-01,9.465965628623962402e-02,4.772978648543357849e-02,9.158366918563842773e-02,5.073843598365783691e-01,2.681339383125305176e-01,-1.169865392148494720e-02,-1.159105356782674789e-02,2.486423403024673462e-02,2.870169654488563538e-02,-3.455627593211829662e-04,7.341869641095399857e-04,1.513300463557243347e-03,3.941244911402463913e-03,2.370782196521759033e-01,-8.936233818531036377e-02,2.396143525838851929e-01,1.485488563776016235e-01,1.018608883023262024e-01,-3.743483871221542358e-02,5.037149190902709961e-01,2.164957970380783081e-01,-1.370689459145069122e-02,7.573679322376847267e-04,1.683438010513782501e-02,8.345501497387886047e-03,-4.723001256934367120e-05,-3.933057450922206044e-05,5.506800516741350293e-05,8.419757796218618751e-05,3.566807135939598083e-04,-4.557846987154334784e-04,2.431807108223438263e-03,1.850794651545584202e-03,4.464969411492347717e-02,-4.373170807957649231e-02,4.566534236073493958e-02,4.393789172172546387e-02,-5.145278293639421463e-03,1.905962009914219379e-03,6.537721958011388779e-03,2.527108415961265564e-03
2.810603938996791840e-03,-1.115548366215080023e-04,3.332452615723013878e-03,2.590935619082301855e-04,7.166671007871627808e-02,-2.612347947433590889e-03,7.166671007871627808e-02,4.383771214634180069e-03,7.403115741908550262e-03,-1.020242343656718731e-03,7.403115741908550262e-03,1.838977099396288395e-03,5.684566531272139400e-06,2.223836418124847114e-06,5.684566531272139400e-06,5.684566531272139400e-06,1.502477284520864487e-02,-3.821063728537410498e-04,1.883477531373500824e-02,1.928116078488528728e-03,4.961102902889251709e-01,-2.299728989601135254e-02,4.961102902889251709e-01,3.616110235452651978e-02,7.207889109849929810e-02,4.069648217409849167e-03,7.207889109849929810e-02,9.885486215353012085e-03,0.000000000000000000e+00,0.000000000000000000e+00,0.000000000000000000e+00,0.000000000000000000e+00,1.165689807385206223e-02,2.401191013632342219e-04,1.619156450033187866e-02,3.978681284934282303e-03,4.727022051811218262e-01,-5.036478862166404724e-03,4.730763733386993408e-01,3.823101148009300232e-02,1.080827265977859497e-01,-7.533070631325244904e-03,1.080827265977859497e-01,1.752451248466968536e-02,0.000000000000000000e+00,0.000000000000000000e+00,0.000000000000000000e+00,0.000000000000000000e+00,2.371566835790872574e-03,4.195170477032661438e-03,2.431869274005293846e-03,4.195170477032661438e-03,5.896963179111480713e-02,4.617295414209365845e-02,5.896963179111480713e-02,4.632175713777542114e-02,1.028918195515871048e-02,3.451305441558361053e-03,1.028918195515871048e-02,3.451305441558361053e-03,0.000000000000000000e+00,0.000000000000000000e+00,0.000000000000000000e+00,0.000000000000000000e+00
1.414199010469019413e-03,-2.120186807587742805e-03,1.623149611987173557e-03,2.120186807587742805e-03,2.526636794209480286e-02,-1.329890079796314240e-02,2.662491798400878906e-02,1.329890079796314240e-02,3.903277218341827393e-02,-7.527945097535848618e-03,4.267679154872894287e-02,8.513786830008029938e-03,1.562541292514652014e-04,-7.406957593047991395e-05,2.777149493340402842e-04,7.406957593047991395e-05,9.733590297400951385e-03,-1.374562270939350128e-02,9.733590297400951385e-03,1.374562270939350128e-02,2.089087516069412231e-01,-1.001691818237304688e-01,2.129510343074798584e-01,1.001691818237304688e-01,3.794830739498138428e-01,4.383169580250978470e-03,3.882372081279754639e-01,4.351488500833511353e-02,-3.983589820563793182e-03,2.130626307916827500e-05,6.700827740132808685e-03,3.036505309864878654e-03,1.648637279868125916e-02,-2.618802338838577271e-02,1.648637279868125916e-02,2.618802338838577271e-02,4.095581173896789551e-01,1.657328568398952484e-02,4.116719961166381836e-01,1.341045796871185303e-01,2.880257368087768555e-01,5.910303071141242981e-02,3.335032165050506592e-01,8.302192389965057373e-02,-2.966121770441532135e-03,2.540808054618537426e-04,6.117981392890214920e-03,3.945389762520790100e-03,4.529294092208147049e-03,-4.004908725619316101e-03,4.529294092208147049e-03,4.004908725619316101e-03,1.099411547183990479e-01,2.908817492425441742e-02,1.103235334157943726e-01,3.498522564768791199e-02,3.796488090301863849e-05,1.830079709179699421e-04,6.197119131684303284e-03,3.102438058704137802e-03,-2.004941925406455994e-04,-2.478978713043034077e-04,6.958321318961679935e-04,4.889541305601596832e-04
4.960130900144577026e-05,1.027514736051671207e-05,4.722903540823608637e-04,2.781843650154769421e-04,7.596514374017715454e-02,-2.085286751389503479e-02,7.596514374017715454e-02,2.085286751389503479e-02,4.111742600798606873e-03,-1.564561272971332073e-03,6.087539717555046082e-03,3.160862717777490616e-03,1.611033658264204860e-04,4.221887866151519120e-05,1.611033658264204860e-04,6.835468229837715626e-05,1.669902587309479713e-03,-1.354964333586394787e-04,3.166994778439402580e-03,3.763333894312381744e-03,4.273266494274139404e-01,-9.309291094541549683e-02,4.283810853958129883e-01,1.058940887451171875e-01,2.007252871990203857e-01,-2.566794119775295258e-02,2.009070813655853271e-01,4.696029052138328552e-02,3.977805317845195532e-05,3.977805317845195532e-05,3.977805317845195532e-05,3.977805317845195532e-05,2.921330044046044350e-03,3.347011748701334000e-03,6.576703861355781555e-03,4.902708809822797775e-03,4.482285082340240479e-01,9.422569721937179565e-02,4.538510143756866455e-01,1.245377957820892334e-01,1.878366470336914062e-01,3.441240638494491577e-02,1.878366470336914062e-01,4.035698994994163513e-02,0.000000000000000000e+00,0.000000000000000000e+00,0.000000000000000000e+00,0.000000000000000000e+00,2.694067312404513359e-03,5.254178773611783981e-03,2.937987679615616798e-03,5.698578897863626480e-03,5.135508254170417786e-02,6.252006441354751587e-02,5.142278969287872314e-02,6.296095997095108032e-02,1.497177639976143837e-03,5.627963691949844360e-04,1.497177639976143837e-03,6.231958395801484585e-04,0.000000000000000000e+00,0.000000000000000000e+00,0.000000000000000000e+00,0.000000000000000000e+00
0.000000000000000000e+00,0.000000000000000000e+00,0.000000000000000000e+00,0.000000000000000000e+00,0.000000000000000000e+00,0.000000000000000000e+00,0.000000000000000000e+00,0.000000000000000000e+00,2.927256980910897255e-03,4.755695117637515068e-04,6.288716103881597519e-03,3.977578133344650269e-03,2.832554979249835014e-03,3.055302659049630165e-03,3.348764963448047638e-03,3.273620037361979485e-03,0.000000000000000000e+00,0.000000000000000000e+00,0.000000000000000000e+00,0.000000000000000000e+00,3.861722722649574280e-02,2.812474220991134644e-02,4.803082346916198730e-02,3.596251830458641052e-02,1.753909736871719360e-01,1.420852839946746826e-01,2.429320365190505981e-01,1.685167849063873291e-01,1.252540946006774902e-01,9.437377005815505981e-02,1.551862061023712158e-01,1.280512213706970215e-01,0.000000000000000000e+00,0.000000000000000000e+00,0.000000000000000000e+00,0.000000000000000000e+00,2.700090222060680389e-02,-3.043246455490589142e-02,2.700090222060680389e-02,3.043246455490589142e-02,5.519760251045227051e-01,-4.026586562395095825e-02,5.997167825698852539e-01,2.115624547004699707e-01,1.171910762786865234e-01,6.174872815608978271e-02,1.190072968602180481e-01,1.941238045692443848e-01,0.000000000000000000e+00,0.000000000000000000e+00,0.000000000000000000e+00,0.000000000000000000e+00,1.730512740323320031e-04,1.179848477477207780e-04,1.730512740323320031e-04,1.179848477477207780e-04,3.186021372675895691e-02,-1.071794610470533371e-02,3.327291086316108704e-02,2.211749181151390076e-02,4.319076985120773315e-02,-7.786185014992952347e-03,4.616923630237579346e-02,1.922157965600490570e-02
1.151535194367170334e-03,-4.828201199416071177e-04,1.210202928632497787e-03,5.386154516600072384e-04,8.403658121824264526e-02,-2.429698966443538666e-02,8.403658121824264526e-02,2.429698966443538666e-02,4.473390989005565643e-03,-1.078967005014419556e-03,6.198293995112180710e-03,3.655869280919432640e-03,1.337590365437790751e-04,-2.202008181484416127e-04,1.337590365437790751e-04,2.202008181484416127e-04,8.841147646307945251e-03,9.555718279443681240e-04,8.913346566259860992e-03,4.284935072064399719e-03,4.433435499668121338e-01,-7.479057461023330688e-02,4.451245069503784180e-01,9.785478562116622925e-02,2.168071269989013672e-01,-3.555247560143470764e-02,2.309518307447433472e-01,4.321812838315963745e-02,3.326654899865388870e-03,5.441809189505875111e-04,3.326654899865388870e-03,1.755597768351435661e-03,7.948833517730236053e-03,-2.303439890965819359e-03,7.973625324666500092e-03,2.635786542668938637e-03,3.718885779380798340e-01,8.616550266742706299e-02,3.718885779380798340e-01,9.696099162101745605e-02,2.786553502082824707e-01,1.874252036213874817e-02,2.868898808956146240e-01,5.209489166736602783e-02,2.916457131505012512e-03,1.254168018931522965e-04,2.916457131505012512e-03,5.150915239937603474e-04,1.822601188905537128e-03,1.300497446209192276e-03,1.822601188905537128e-03,1.300497446209192276e-03,7.406912744045257568e-02,4.083601385354995728e-02,7.406912744045257568e-02,4.130269587039947510e-02,5.503402091562747955e-03,4.410529509186744690e-03,7.237020414322614670e-03,4.410529509186744690e-03,9.828797192312777042e-05,9.828797192312777042e-05,9.828797192312777042e-05,9.828797192312777042e-05
5.135266855359077454e-02,1.000707130879163742e-02,5.206358805298805237e-02,1.409301254898309708e-02,1.073593972250819206e-03,-9.327865205705165863e-03,1.907590404152870178e-02,1.537693012505769730e-02,8.956442587077617645e-03,-4.356219433248043060e-03,8.956442587077617645e-03,4.356219433248043060e-03,0.000000000000000000e+00,0.000000000000000000e+00,0.000000000000000000e+00,0.000000000000000000e+00,4.174022078514099121e-01,3.061850368976593018e-02,4.613459408283233643e-01,1.394078582525253296e-01,-4.723386466503143311e-02,-8.283323794603347778e-02,2.095931768417358398e-01,2.522064745426177979e-01,1.029804050922393799e-01,-3.033724986016750336e-02,1.029804050922393799e-01,7.011210918426513672e-02,0.000000000000000000e+00,0.000000000000000000e+00,0.000000000000000000e+00,0.000000000000000000e+00,3.664111196994781494e-01,-5.430158227682113647e-02,4.212915003299713135e-01,6.699509918689727783e-02,6.359665188938379288e-03,9.092186391353607178e-02,2.223092466592788696e-01,2.047978192567825317e-01,7.864992320537567139e-02,4.053790122270584106e-02,7.864992320537567139e-02,5.991146340966224670e-02,0.000000000000000000e+00,0.000000000000000000e+00,0.000000000000000000e+00,0.000000000000000000e+00,4.493339732289314270e-02,1.942648366093635559e-02,4.869429394602775574e-02,2.002897113561630249e-02,-4.827990778721868992e-04,5.688106175512075424e-04,1.513471174985170364e-02,1.196157094091176987e-02,1.176671870052814484e-02,-4.872724413871765137e-03,1.176671870052814484e-02,7.509057410061359406e-03,0.000000000000000000e+00,0.000000000000000000e+00,0.000000000000000000e+00,0.000000000000000000e+00
4.209114983677864075e-02,3.668574616312980652e-02,4.211671650409698486e-02,3.678897768259048462e-02,1.536895334720611572e-01,1.065102294087409973e-01,1.536895334720611572e-01,1.124487817287445068e-01,5.633418448269367218e-03,5.859455093741416931e-03,5.633418448269367218e-03,5.859455093741416931e-03,1.100810404750518501e-04,1.100810404750518501e-04,1.100810404750518501e-04,1.100810404750518501e-04,1.390647441148757935e-01,1.706068962812423706e-01,1.423059254884719849e-01,1.706068962812423706e-01,-8.293196558952331543e-02,-1.326945275068283081e-01,2.592571675777435303e-01,3.005007505416870117e-01,2.158290147781372070e-01,-1.952160745859146118e-01,2.522232234477996826e-01,2.188192009925842285e-01,0.000000000000000000e+00,0.000000000000000000e+00,0.000000000000000000e+00,0.000000000000000000e+00,6.793753709644079208e-03,5.587814375758171082e-03,1.074919383972883224e-02,1.584810949862003326e-02,-2.379922866821289062e-01,2.154439687728881836e-01,2.412334680557250977e-01,2.283046394586563110e-01,2.803107798099517822e-01,1.941337734460830688e-01,2.803107798099517822e-01,1.941337734460830688e-01,0.000000000000000000e+00,0.000000000000000000e+00,0.000000000000000000e+00,0.000000000000000000e+00,-1.220772159285843372e-03,-1.349016674794256687e-04,1.277785631828010082e-03,1.277785631828010082e-03,3.773703938350081444e-03,2.088293404085561633e-04,3.773703938350081444e-03,4.954083357006311417e-03,0.000000000000000000e+00,0.000000000000000000e+00,0.000000000000000000e+00,0.000000000000000000e+00,0.000000000000000000e+00,0.000000000000000000e+00,0.000000000000000000e+00,0.000000000000000000e+00
0.000000000000000000e+00,0.000000000000000000e+00,0.000000000000000000e+00,0.000000000000000000e+00,2.176376059651374817e-02,4.832638427615165710e-03,2.176376059651374817e-02,4.832638427615165710e-03,6.749062985181808472e-02,7.205907721072435379e-03,7.119759172201156616e-02,7.332432083785533905e-03,-1.545526459813117981e-02,8.135996758937835693e-04,1.549144368618726730e-02,8.350157877430319786e-04,0.000000000000000000e+00,0.000000000000000000e+00,0.000000000000000000e+00,0.000000000000000000e+00,4.325906932353973389e-01,1.924727484583854675e-02,4.325906932353973389e-01,2.385713160037994385e-02,1.946896016597747803e-01,2.123064734041690826e-02,2.319553196430206299e-01,3.503342717885971069e-02,-9.324100613594055176e-02,1.093613542616367340e-02,9.404076635837554932e-02,1.118695642799139023e-02,0.000000000000000000e+00,0.000000000000000000e+00,0.000000000000000000e+00,0.000000000000000000e+00,4.534647166728973389e-01,-1.759238727390766144e-02,4.534647166728973389e-01,2.101118862628936768e-02,1.733471751213073730e-01,-1.718277297914028168e-02,2.017408162355422974e-01,2.813259884715080261e-02,-5.991721898317337036e-02,1.306565664708614349e-02,6.073613092303276062e-02,1.325910165905952454e-02,0.000000000000000000e+00,0.000000000000000000e+00,0.000000000000000000e+00,0.000000000000000000e+00,2.280241623520851135e-02,-6.537083070725202560e-03,2.280241623520851135e-02,6.564513780176639557e-03,6.560968607664108276e-02,-2.296409942209720612e-02,6.644686311483383179e-02,2.310020849108695984e-02,-4.167178645730018616e-03,1.417258055880665779e-03,4.307273775339126587e-03,1.616317196749150753e-03
0.000000000000000000e+00,6.146734085632488132e-05,0.000000000000000000e+00,1.717983104754239321e-04,2.064137347042560577e-02,5.063141696155071259e-03,2.144206129014492035e-02,5.972379352897405624e-03,7.322868704795837402e-02,9.881368838250637054e-03,7.430405169725418091e-02,1.012981217354536057e-02,6.325880065560340881e-03,1.036947825923562050e-03,6.325880065560340881e-03,1.036947825923562050e-03,0.000000000000000000e+00,-1.014770008623600006e-03,0.000000000000000000e+00,3.118993015959858894e-03,3.979857861995697021e-01,5.060793459415435791e-02,4.029806554317474365e-01,5.811168253421783447e-02,2.605955004692077637e-01,5.426481366157531738e-02,2.754368782043457031e-01,6.962440162897109985e-02,5.414891615509986877e-02,3.036450594663619995e-03,5.414891615509986877e-02,3.172193653881549835e-03,-2.565189788583666086e-04,1.115475097321905196e-04,2.565189788583666086e-04,8.149502100422978401e-04,2.917351424694061279e-01,-6.428528577089309692e-02,2.917351424694061279e-01,8.335875719785690308e-02,3.677296042442321777e-01,-8.478678762912750244e-02,3.865953087806701660e-01,9.916336089372634888e-02,5.139300227165222168e-02,-3.566909115761518478e-03,5.139300227165222168e-02,3.952929284423589706e-03,-4.509098289418034256e-05,3.977292508352547884e-04,4.509098289418034256e-05,5.986326141282916069e-04,6.617869716137647629e-03,-2.870568074285984039e-03,8.833824656903743744e-03,7.159273140132427216e-03,8.429098129272460938e-02,-1.649398170411586761e-02,8.642955869436264038e-02,1.693286746740341187e-02,5.758887156844139099e-03,-1.335181645117700100e-03,5.784328095614910126e-03,1.335181645117700100e-03
-1.124757225625216961e-03,-1.313178683631122112e-03,5.629827734082937241e-03,3.429793054237961769e-03,3.292065113782882690e-02,-1.014223415404558182e-02,3.939351439476013184e-02,2.377014420926570892e-02,7.149284705519676208e-03,1.211333740502595901e-02,3.016771189868450165e-02,2.280559763312339783e-02,-1.940733171068131924e-03,2.203247975558042526e-03,2.495678141713142395e-03,2.496085362508893013e-03,-5.113961175084114075e-03,2.854971028864383698e-02,2.502116933465003967e-02,3.964040428400039673e-02,-2.066714130342006683e-02,-2.462145406752824783e-03,3.266398906707763672e-01,1.182175502181053162e-01,2.936975061893463135e-01,-1.292065531015396118e-01,3.094409406185150146e-01,1.849390417337417603e-01,-9.502991102635860443e-03,-9.525596164166927338e-03,1.306304708123207092e-02,1.494373194873332977e-02,-1.770392246544361115e-02,1.900230348110198975e-02,3.318653628230094910e-02,2.765336260199546814e-02,-2.092694789171218872e-01,6.233501061797142029e-02,4.555574655532836914e-01,1.667709648609161377e-01,3.680917620658874512e-01,5.057504400610923767e-02,4.132390022277832031e-01,1.792218089103698730e-01,-1.713464222848415375e-02,5.131861660629510880e-03,2.468886598944664001e-02,9.624333120882511139e-03,2.863369882106781006e-04,-2.505561336874961853e-03,5.789538379758596420e-03,2.863672794774174690e-03,-3.600693494081497192e-02,1.593691483139991760e-02,3.670243918895721436e-02,1.806044392287731171e-02,3.316646069288253784e-02,-1.784795895218849182e-02,6.427677720785140991e-02,3.190406784415245056e-02,-1.578540541231632233e-03,8.932026685215532780e-04,2.835332648828625679e-03,1.307285274378955364e-03
-6.896934064570814371e-05,-3.348607424413785338e-05,1.498142664786428213e-04,4.409309985931031406e-05,3.087621880695223808e-03,2.432748442515730858e-03,3.914671018719673157e-03,3.142524743452668190e-03,2.456634864211082458e-02,1.182835828512907028e-02,3.599872067570686340e-02,2.033542655408382416e-02,-4.039438499603420496e-04,2.676539043022785336e-05,8.938207174651324749e-04,3.361660637892782688e-04,1.065320029738359153e-04,-2.246008807560428977e-04,7.636109949089586735e-04,1.298239803873002529e-03,3.050712943077087402e-01,3.268820419907569885e-02,3.099308311939239502e-01,9.510389715433120728e-02,-8.105306327342987061e-02,4.200490564107894897e-02,5.578571557998657227e-01,1.415970623493194580e-01,1.625074306502938271e-03,3.161566855851560831e-04,4.683438688516616821e-03,3.449247684329748154e-03,3.048121870961040258e-04,6.470578955486416817e-04,1.810711692087352276e-03,4.902627319097518921e-03,2.763231694698333740e-01,-4.721840098500251770e-02,2.853369712829589844e-01,5.678806453943252563e-02,-6.375379115343093872e-02,-8.554832637310028076e-02,5.102471709251403809e-01,1.400644481182098389e-01,3.974555584136396646e-04,7.530329457949846983e-05,4.331227857619524002e-03,6.751904729753732681e-03,-2.362135091971140355e-05,-1.460884959669783711e-04,6.734464113833382726e-05,1.460884959669783711e-04,-6.179320189403370023e-05,-6.117166485637426376e-04,4.616981605067849159e-04,6.117166485637426376e-04,2.980693615972995758e-02,1.045399927534162998e-03,5.221395194530487061e-02,1.864483579993247986e-02,-9.601477649994194508e-04,2.764651144389063120e-04,1.207417109981179237e-03,7.210093317553400993e-04
-1.014445675536990166e-03,2.856482169590890408e-04,1.149888848885893822e-03,5.570824141614139080e-04,5.511015281081199646e-02,-8.301033638417720795e-03,5.620908364653587341e-02,9.359953925013542175e-03,2.827890217304229736e-02,-5.040815565735101700e-03,2.842886187136173248e-02,5.509122274816036224e-03,3.155277681798906997e-06,3.155277681798906997e-06,3.155277681798906997e-06,3.155277681798906997e-06,-8.722804486751556396e-03,3.674773732200264931e-03,1.105900388211011887e-02,5.983734037727117538e-03,1.822802275419235229e-01,-7.698163390159606934e-02,2.478323727846145630e-01,9.502543509006500244e-02,4.259740710258483887e-01,-5.234562978148460388e-02,4.259740710258483887e-01,6.609262526035308838e-02,0.000000000000000000e+00,0.000000000000000000e+00,0.000000000000000000e+00,0.000000000000000000e+00,-5.281846504658460617e-03,7.133914623409509659e-03,9.336935356259346008e-03,1.522911991924047470e-02,1.702765673398971558e-01,2.041383981704711914e-01,2.519595921039581299e-01,2.380554825067520142e-01,3.887141346931457520e-01,6.826487928628921509e-02,3.887141346931457520e-01,8.631794899702072144e-02,0.000000000000000000e+00,0.000000000000000000e+00,0.000000000000000000e+00,0.000000000000000000e+00,1.756732119247317314e-03,1.141013763844966888e-02,1.945529598742723465e-03,1.146782003343105316e-02,1.972172968089580536e-02,5.177074298262596130e-02,2.040891349315643311e-02,5.295776575803756714e-02,3.515104530379176140e-03,3.504532796796411276e-04,3.597296541556715965e-03,1.667940872721374035e-03,0.000000000000000000e+00,0.000000000000000000e+00,0.000000000000000000e+00,0.000000000000000000e+00
-8.739179931581020355e-03,4.815511056222021580e-04,8.739179931581020355e-03,1.081667956896126270e-03,6.675748527050018311e-02,-2.121132239699363708e-02,6.812249124050140381e-02,2.196457423269748688e-02,2.786921802908182144e-03,-4.886330571025609970e-04,2.786921802908182144e-03,1.935496344231069088e-03,0.000000000000000000e+00,0.000000000000000000e+00,0.000000000000000000e+00,0.000000000000000000e+00,-6.111788749694824219e-02,3.920869436115026474e-03,6.467707455158233643e-02,7.246350869536399841e-03,4.742127954959869385e-01,-6.013737991452217102e-03,5.212883353233337402e-01,9.994390606880187988e-02,4.988740757107734680e-02,-2.001449838280677795e-02,5.225458741188049316e-02,3.117798268795013428e-02,0.000000000000000000e+00,0.000000000000000000e+00,0.000000000000000000e+00,0.000000000000000000e+00,-7.883990556001663208e-02,1.232699304819107056e-02,7.993675023317337036e-02,1.244124770164489746e-02,4.220506548881530762e-01,1.032355520874261856e-02,4.907031357288360596e-01,1.215799301862716675e-01,7.521189004182815552e-02,9.956619702279567719e-03,7.521189004182815552e-02,4.676165059208869934e-02,0.000000000000000000e+00,0.000000000000000000e+00,0.000000000000000000e+00,0.000000000000000000e+00,-1.085411664098501205e-02,8.079394465312361717e-04,1.108443085104227066e-02,9.941821917891502380e-04,5.190888419747352600e-02,-5.374455824494361877e-03,6.757596135139465332e-02,6.740752607583999634e-03,1.816512458026409149e-02,-2.779650036245584488e-03,1.816512458026409149e-02,3.511840710416436195e-03,0.000000000000000000e+00,0.000000000000000000e+00,0.000000000000000000e+00,0.000000000000000000e+00
0.000000000000000000e+00,0.000000000000000000e+00,0.000000000000000000e+00,0.000000000000000000e+00,0.000000000000000000e+00,0.000000000000000000e+00,0.000000000000000000e+00,0.000000000000000000e+00,1.067819260060787201e-02,4.353241994976997375e-02,2.912593260407447815e-02,4.358513653278350830e-02,8.515006047673523426e-04,7.353520486503839493e-04,1.656275824643671513e-03,1.490270835347473621e-03,0.000000000000000000e+00,0.000000000000000000e+00,0.000000000000000000e+00,0.000000000000000000e+00,6.507845968008041382e-02,5.787641927599906921e-02,6.507845968008041382e-02,5.787641927599906921e-02,1.387120634317398071e-01,-4.502445086836814880e-02,3.158783912658691406e-01,2.702752649784088135e-01,-6.220539100468158722e-03,-1.687042182311415672e-03,7.027770578861236572e-02,5.295245721936225891e-02,1.049618469551205635e-03,1.634911604924127460e-04,1.049618469551205635e-03,5.260867765173316002e-04,4.991757869720458984e-02,-3.765976056456565857e-02,1.286533325910568237e-01,8.224124461412429810e-02,3.441871404647827148e-01,5.387312173843383789e-02,5.768193006515502930e-01,4.989513158798217773e-01,-6.565546989440917969e-02,1.737705431878566742e-02,1.895499974489212036e-01,5.977455899119377136e-02,0.000000000000000000e+00,0.000000000000000000e+00,0.000000000000000000e+00,0.000000000000000000e+00,3.214239142835140228e-03,2.886475995182991028e-03,1.378754992038011551e-02,8.834125474095344543e-03,2.379154600203037262e-02,1.648149453103542328e-02,3.949847817420959473e-02,2.814799174666404724e-02,5.871206987649202347e-03,2.587163588032126427e-03,1.648964174091815948e-02,3.709405427798628807e-03
-5.145326140336692333e-04,-2.255470026284456253e-04,2.551483921706676483e-03,1.550684915855526924e-03,3.286070004105567932e-02,-3.372541815042495728e-02,5.143443495035171509e-02,3.372541815042495728e-02,2.121097873896360397e-03,-2.221645554527640343e-03,2.309922361746430397e-03,2.568072872236371040e-03,9.506595233688130975e-06,-1.083986135199666023e-04,9.506595233688130975e-06,1.083986135199666023e-04,-5.368147976696491241e-03,-5.617438256740570068e-02,1.557544805109500885e-02,5.617438256740570068e-02,3.829303383827209473e-01,-1.602978110313415527e-01,4.138778746128082275e-01,1.602978110313415527e-01,1.606250405311584473e-01,-3.496541827917098999e-02,1.639569699764251709e-01,4.431856051087379456e-02,-3.707791256601922214e-05,1.730573567328974605e-04,1.456827041693031788e-03,1.851152745075523853e-03,3.916278481483459473e-03,2.838172949850559235e-03,4.388702567666769028e-03,5.166233982890844345e-03,4.639440774917602539e-01,1.654744446277618408e-01,4.639440774917602539e-01,1.956097334623336792e-01,1.667070984840393066e-01,3.783141821622848511e-02,1.694910526275634766e-01,4.328161105513572693e-02,1.060937764123082161e-03,3.789796901401132345e-04,1.309650717303156853e-03,1.125118345953524113e-03,6.517025176435709000e-03,8.508604019880294800e-03,6.517025176435709000e-03,8.508604019880294800e-03,3.789280727505683899e-02,3.877658396959304810e-02,3.826698660850524902e-02,3.902947157621383667e-02,5.442150868475437164e-04,-6.534247222589328885e-05,1.761931111104786396e-03,8.559700218029320240e-04,1.224654115503653884e-04,4.560201887215953320e-06,1.224654115503653884e-04,4.560201887215953320e-06
9.734243503771722317e-04,7.622550474479794502e-04,4.833975341171026230e-03,4.889853764325380325e-03,7.037783414125442505e-02,-3.581847995519638062e-02,7.413585484027862549e-02,3.584063425660133362e-02,5.333804059773683548e-03,-3.475946374237537384e-03,7.039417512714862823e-03,4.491980187594890594e-03,6.624170055147260427e-05,-1.203579158755019307e-04,1.269108324777334929e-04,1.203579158755019307e-04,3.097336506471037865e-03,-6.215307395905256271e-03,5.217932164669036865e-03,1.033092103898525238e-02,2.235785126686096191e-01,-9.369255602359771729e-02,3.441030383110046387e-01,1.370117664337158203e-01,3.544608652591705322e-01,-6.015749648213386536e-02,3.720088005065917969e-01,7.500423491001129150e-02,2.083148574456572533e-03,1.231118454597890377e-03,2.083148574456572533e-03,1.482484978623688221e-03,7.917831651866436005e-03,-5.475258920341730118e-03,1.227117050439119339e-02,1.253307145088911057e-02,2.656854093074798584e-01,1.153508275747299194e-01,3.784121572971343994e-01,2.052270621061325073e-01,3.342672884464263916e-01,5.802968144416809082e-02,3.352638781070709229e-01,7.848339527845382690e-02,2.118656877428293228e-03,-2.988805063068866730e-04,2.118656877428293228e-03,8.246893412433564663e-04,4.103828221559524536e-03,3.609562059864401817e-03,4.103828221559524536e-03,6.464639212936162949e-03,5.989727750420570374e-02,5.821676924824714661e-02,6.005183234810829163e-02,5.842916294932365417e-02,-8.042134140850976110e-05,-7.975990592967718840e-05,3.946708049625158310e-03,4.853663966059684753e-03,4.332542303018271923e-04,-1.518140779808163643e-04,4.332542303018271923e-04,1.518140779808163643e-04
4.767635618918575346e-05,1.054243548423983157e-04,5.596634582616388798e-05,1.170381437987089157e-04,6.225285120308399200e-03,4.095609299838542938e-03,7.085678633302450180e-03,4.216077737510204315e-03,4.826199635863304138e-02,5.202796775847673416e-03,1.299912482500076294e-01,8.512158878147602081e-03,-3.189796116203069687e-04,-2.254202554468065500e-04,3.189796116203069687e-04,2.254202554468065500e-04,9.827386820688843727e-04,2.500670670997351408e-04,1.208806177601218224e-03,5.414390470832586288e-04,3.732689917087554932e-01,5.030375346541404724e-02,3.758453130722045898e-01,5.762035027146339417e-02,1.160618010908365250e-02,1.125796325504779816e-02,5.113433599472045898e-01,5.162058770656585693e-02,-2.802432049065828323e-03,-4.264206800144165754e-04,2.842450048774480820e-03,2.030496019870042801e-03,3.025393234565854073e-04,-6.012042285874485970e-04,4.597926163114607334e-04,1.099295099265873432e-03,2.435225546360015869e-01,-7.020935416221618652e-02,2.449304163455963135e-01,1.003746911883354187e-01,1.450351327657699585e-01,-3.550245985388755798e-02,5.080464482307434082e-01,9.355986118316650391e-02,-9.668914717622101307e-04,-2.274618716910481453e-03,1.334302360191941261e-03,2.500054193660616875e-03,0.000000000000000000e+00,0.000000000000000000e+00,0.000000000000000000e+00,0.000000000000000000e+00,4.211975976886606077e-07,-9.553242707625031471e-04,3.011308144778013229e-04,9.553242707625031471e-04,5.469805747270584106e-02,-5.558100529015064240e-03,5.537758022546768188e-02,1.104128267616033554e-02,-1.876380410976707935e-04,-2.989972999785095453e-04,2.909752947743982077e-04,2.993641537614166737e-04
5.157001689076423645e-02,-1.605113595724105835e-02,5.194692313671112061e-02,1.605113595724105835e-02,1.825318671762943268e-02,-6.794586312025785446e-03,2.052447386085987091e-02,8.725204505026340485e-03,0.000000000000000000e+00,0.000000000000000000e+00,0.000000000000000000e+00,0.000000000000000000e+00,0.000000000000000000e+00,0.000000000000000000e+00,0.000000000000000000e+00,0.000000000000000000e+00,3.697136938571929932e-01,-2.004839852452278137e-02,3.826204538345336914e-01,2.976206131279468536e-02,2.324391454458236694e-01,-2.735374309122562408e-02,3.381582200527191162e-01,6.749478727579116821e-02,6.286628544330596924e-02,-3.516643121838569641e-02,6.286628544330596924e-02,3.516643121838569641e-02,0.000000000000000000e+00,0.000000000000000000e+00,0.000000000000000000e+00,0.000000000000000000e+00,3.609327077865600586e-01,-1.031922269612550735e-02,3.755174279212951660e-01,1.467790082097053528e-02,3.034114539623260498e-01,-7.195306825451552868e-04,3.719332814216613770e-01,7.228562235832214355e-02,4.018824175000190735e-02,3.000661544501781464e-02,4.301325604319572449e-02,4.484898224472999573e-02,0.000000000000000000e+00,0.000000000000000000e+00,0.000000000000000000e+00,0.000000000000000000e+00,5.027166754007339478e-02,-5.286996020004153252e-04,5.162231251597404480e-02,1.572044682689011097e-03,5.374208465218544006e-02,8.241832256317138672e-03,5.452316626906394958e-02,9.349816478788852692e-03,4.281037545297294855e-04,4.281037545297294855e-04,4.281037545297294855e-04,4.281037545297294855e-04,0.000000000000000000e+00,0.000000000000000000e+00,0.000000000000000000e+00,0.000000000000000000e+00
2.431516535580158234e-03,-1.608779653906822205e-03,2.704924438148736954e-03,2.321273321285843849e-03,5.181356891989707947e-02,-4.624991491436958313e-02,5.189418047666549683e-02,4.648602008819580078e-02,2.357485471293330193e-03,-1.606166129931807518e-03,3.673685248941183090e-03,2.775943605229258537e-03,2.480788971297442913e-04,1.129046868300065398e-04,2.544381422922015190e-04,2.212506224168464541e-04,-3.251277282834053040e-02,6.751307100057601929e-02,3.282917663455009460e-02,6.782946735620498657e-02,5.583887174725532532e-02,3.796103969216346741e-02,2.331196218729019165e-01,3.080467283725738525e-01,3.945765495300292969e-01,-1.409007459878921509e-01,3.945765495300292969e-01,1.638565510511398315e-01,7.910052227089181542e-05,7.910052227089181542e-05,7.910052227089181542e-05,7.910052227089181542e-05,-3.390949685126543045e-03,5.719172768294811249e-03,3.443508641794323921e-03,5.904982332140207291e-03,-1.291399002075195312e-01,3.814708292484283447e-01,1.324352174997329712e-01,3.853119611740112305e-01,1.739986985921859741e-01,1.967139542102813721e-01,1.764370948076248169e-01,1.967139542102813721e-01,0.000000000000000000e+00,0.000000000000000000e+00,0.000000000000000000e+00,0.000000000000000000e+00,0.000000000000000000e+00,0.000000000000000000e+00,0.000000000000000000e+00,0.000000000000000000e+00,-6.247053388506174088e-04,1.287087681703269482e-03,6.247053388506174088e-04,1.287087681703269482e-03,6.738710799254477024e-04,1.070158672519028187e-03,6.738710799254477024e-04,1.070158672519028187e-03,0.000000000000000000e+00,0.000000000000000000e+00,0.000000000000000000e+00,0.000000000000000000e+00
-1.480429084040224552e-03,-8.217712747864425182e-04,1.641004462726414204e-03,1.274452777579426765e-03,-8.948640897870063782e-03,9.480087901465594769e-04,2.498179301619529724e-02,1.250237785279750824e-02,8.070523291826248169e-02,-2.492201048880815506e-03,8.070523291826248169e-02,6.565303076058626175e-03,1.640912028960883617e-03,-5.352117659640498459e-05,1.640912028960883617e-03,5.352117659640498459e-05,-1.180015690624713898e-02,8.377782069146633148e-03,1.474452856928110123e-02,8.584973402321338654e-03,-5.982617381960153580e-03,-4.630240425467491150e-02,6.940159201622009277e-02,1.514313220977783203e-01,4.740059673786163330e-01,2.327326918020844460e-03,4.740059673786163330e-01,4.585982486605644226e-02,1.099087670445442200e-02,1.121958601288497448e-03,1.132738217711448669e-02,2.324973698705434799e-03,-1.719064824283123016e-02,-3.238067962229251862e-03,1.734735816717147827e-02,7.152850273996591568e-03,-2.426774054765701294e-02,5.767526105046272278e-02,5.262980237603187561e-02,7.078274339437484741e-02,4.891718626022338867e-01,-2.016410976648330688e-02,4.891718626022338867e-01,5.804059654474258423e-02,1.084188092499971390e-02,-1.385546755045652390e-03,1.303157396614551544e-02,2.539995592087507248e-03,-2.360987244173884392e-03,-8.756587048992514610e-04,2.360987244173884392e-03,8.756587048992514610e-04,7.914349436759948730e-03,-1.008211547741666436e-04,2.184380218386650085e-02,4.906831774860620499e-03,6.134076043963432312e-02,1.982705295085906982e-02,6.134076043963432312e-02,1.982705295085906982e-02,1.205926877446472645e-03,3.426431794650852680e-04,1.205926877446472645e-03,3.426431794650852680e-04
-3.434268874116241932e-04,1.766561646945774555e-03,9.448403143323957920e-04,1.925494289025664330e-03,7.007002085447311401e-02,-1.903193257749080658e-02,8.103672415018081665e-02,2.391033247113227844e-02,9.321250952780246735e-03,-4.751276690512895584e-03,1.003457326442003250e-02,6.106847897171974182e-03,-2.637301986396778375e-05,-4.131368041271343827e-05,1.931538718054071069e-04,2.889639872591942549e-04,-4.786422941833734512e-03,-1.955480984179303050e-04,4.819423891603946686e-03,2.207932062447071075e-03,1.440100073814392090e-01,-5.244367569684982300e-02,2.640339434146881104e-01,8.794738352298736572e-02,4.071807861328125000e-01,-8.097042143344879150e-02,4.091762006282806396e-01,9.087637811899185181e-02,8.471972541883587837e-04,8.781161741353571415e-04,1.211480004712939262e-03,1.600117539055645466e-03,-2.921836916357278824e-03,1.770521700382232666e-02,1.018943078815937042e-02,1.887349039316177368e-02,1.563407331705093384e-01,3.471253514289855957e-01,2.116453945636749268e-01,3.519685268402099609e-01,3.150694668292999268e-01,1.090752482414245605e-01,3.166004717350006104e-01,1.096438467502593994e-01,0.000000000000000000e+00,0.000000000000000000e+00,0.000000000000000000e+00,0.000000000000000000e+00,2.110096393153071404e-03,8.179716765880584717e-03,2.128112129867076874e-03,8.291130885481834412e-03,4.324407316744327545e-03,1.198606006801128387e-02,5.477462895214557648e-03,1.201906055212020874e-02,5.912642809562385082e-04,8.400826482102274895e-04,5.912642809562385082e-04,8.400826482102274895e-04,0.000000000000000000e+00,0.000000000000000000e+00,0.000000000000000000e+00,0.000000000000000000e+00
0.000000000000000000e+00,0.000000000000000000e+00,0.000000000000000000e+00,0.000000000000000000e+00,0.000000000000000000e+00,0.000000000000000000e+00,0.000000000000000000e+00,0.000000000000000000e+00,3.181023988872766495e-03,3.282309276983141899e-03,3.181023988872766495e-03,6.443344522267580032e-03,3.428340132813900709e-04,1.577246468514204025e-03,1.582963508553802967e-03,1.911857514642179012e-03,0.000000000000000000e+00,0.000000000000000000e+00,0.000000000000000000e+00,0.000000000000000000e+00,8.146359026432037354e-02,8.146359026432037354e-02,8.146359026432037354e-02,8.146359026432037354e-02,-4.072203859686851501e-02,9.161385893821716309e-02,1.551703661680221558e-01,1.265010684728622437e-01,1.449690163135528564e-01,7.097112387418746948e-02,1.720998734235763550e-01,8.463340252637863159e-02,0.000000000000000000e+00,0.000000000000000000e+00,0.000000000000000000e+00,0.000000000000000000e+00,8.926734328269958496e-02,-6.074121966958045959e-02,1.129135936498641968e-01,9.019701182842254639e-02,-1.894740201532840729e-02,-5.046362429857254028e-02,1.815256327390670776e-01,1.774950623512268066e-01,4.942702651023864746e-01,2.249719649553298950e-01,5.692366957664489746e-01,2.477746754884719849e-01,0.000000000000000000e+00,0.000000000000000000e+00,0.000000000000000000e+00,0.000000000000000000e+00,6.101433187723159790e-03,2.470472361892461777e-03,1.396013330668210983e-02,4.300320986658334732e-03,1.584191918373107910e-01,7.365175336599349976e-02,1.744465827941894531e-01,8.145111799240112305e-02,6.588587909936904907e-02,3.365582600235939026e-02,7.295670360326766968e-02,3.904517367482185364e-02
1.867833634605631232e-04,4.384512794786132872e-05,2.173955290345475078e-04,1.401574845658615232e-04,3.825993090867996216e-02,9.203683584928512573e-03,3.897485882043838501e-02,9.271678514778614044e-03,4.895742610096931458e-02,8.896592073142528534e-03,4.911735281348228455e-02,1.030280347913503647e-02,9.306165156885981560e-05,-2.441345532133709639e-05,9.306165156885981560e-05,2.441345532133709639e-05,9.274124167859554291e-04,2.602972563181538135e-05,1.377666718326508999e-03,1.093678758479654789e-03,4.888240396976470947e-01,2.105016633868217468e-02,4.938609302043914795e-01,4.510945454239845276e-02,1.051679328083992004e-01,1.695145107805728912e-02,1.231584772467613220e-01,3.768111020326614380e-02,8.375384495593607426e-04,3.186106332577764988e-04,1.528174849227070808e-03,1.928186276927590370e-03,1.697595289442688227e-04,-6.405813619494438171e-04,4.170606262050569057e-04,6.560779875144362450e-04,4.450551569461822510e-01,-5.925539135932922363e-02,4.472816288471221924e-01,7.306607067584991455e-02,1.518026143312454224e-01,-5.186505615711212158e-02,1.724051833152770996e-01,6.422520428895950317e-02,1.708512892946600914e-03,-9.824525332078337669e-04,3.969137556850910187e-03,1.553605659864842892e-03,0.000000000000000000e+00,0.000000000000000000e+00,0.000000000000000000e+00,0.000000000000000000e+00,1.164657529443502426e-02,-5.688699893653392792e-03,1.188829168677330017e-02,6.127082742750644684e-03,7.157681137323379517e-02,-2.458094060420989990e-02,7.268334180116653442e-02,2.514156512916088104e-02,2.462704142089933157e-04,1.372825522594212089e-06,3.128655371256172657e-04,2.224480558652430773e-04
-2.174578730773646384e-05,9.122849405684974045e-06,2.174578730773646384e-05,9.122849405684974045e-06,0.000000000000000000e+00,0.000000000000000000e+00,0.000000000000000000e+00,0.000000000000000000e+00,0.000000000000000000e+00,0.000000000000000000e+00,0.000000000000000000e+00,0.000000000000000000e+00,0.000000000000000000e+00,0.000000000000000000e+00,0.000000000000000000e+00,0.000000000000000000e+00,-4.196290101390331984e-04,-6.680843071080744267e-04,4.196290101390331984e-04,6.680843071080744267e-04,-8.940356783568859100e-03,-3.652570024132728577e-02,2.539768442511558533e-02,3.652570024132728577e-02,1.594522781670093536e-02,-1.959536224603652954e-02,1.594522781670093536e-02,1.959536224603652954e-02,0.000000000000000000e+00,0.000000000000000000e+00,0.000000000000000000e+00,0.000000000000000000e+00,-7.718439400196075439e-02,-9.408205002546310425e-02,7.718439400196075439e-02,9.408205002546310425e-02,4.387039542198181152e-01,-3.050459921360015869e-01,6.384028196334838867e-01,5.020797252655029297e-01,2.252735756337642670e-02,9.814153425395488739e-03,3.214008361101150513e-02,4.233267158269882202e-02,0.000000000000000000e+00,0.000000000000000000e+00,0.000000000000000000e+00,0.000000000000000000e+00,4.324659239500761032e-04,-3.028816543519496918e-03,9.260589256882667542e-03,7.944201119244098663e-03,8.734963089227676392e-02,2.759011276066303253e-02,8.811689168214797974e-02,2.839982509613037109e-02,8.063603891059756279e-04,9.679113281890749931e-04,1.468366244807839394e-03,1.372767379507422447e-03,0.000000000000000000e+00,0.000000000000000000e+00,0.000000000000000000e+00,0.000000000000000000e+00
2.217607107013463974e-05,-1.581764663569629192e-04,1.554134505568072200e-04,3.893769462592899799e-04,3.223377093672752380e-02,1.223926618695259094e-02,3.279047086834907532e-02,1.261504087597131729e-02,7.765069603919982910e-03,-4.816775035578757524e-04,7.239739596843719482e-02,2.846019715070724487e-02,3.676956519484519958e-03,2.297311089932918549e-03,3.676956519484519958e-03,2.297311089932918549e-03,4.874674195889383554e-04,-2.593664394225925207e-04,1.028800383210182190e-03,2.122518606483936310e-03,2.584577202796936035e-01,3.747643530368804932e-02,2.603304684162139893e-01,1.051096916198730469e-01,1.247055903077125549e-01,-1.190629787743091583e-03,5.601915717124938965e-01,2.161858528852462769e-01,8.509941399097442627e-03,8.112461306154727936e-03,1.151921879500150681e-02,8.391575887799263000e-03,-7.526353001594543457e-04,2.015235368162393570e-04,1.655097352340817451e-03,2.825362840667366982e-03,1.921123862266540527e-01,-7.339698076248168945e-02,1.924870461225509644e-01,1.186604201793670654e-01,2.378412634134292603e-01,2.981163747608661652e-02,5.153484940528869629e-01,2.120777219533920288e-01,4.619013983756303787e-03,6.102012703195214272e-04,7.570214103907346725e-03,7.250493392348289490e-03,4.929970236844383180e-05,-1.638007574911171105e-06,1.609750761417672038e-04,1.587588776601478457e-04,1.849241368472576141e-02,-1.182164531201124191e-03,1.911383494734764099e-02,5.179252009838819504e-03,4.249142482876777649e-02,1.885584089905023575e-03,5.700451508164405823e-02,2.372264675796031952e-02,1.607645070180296898e-03,2.492967178113758564e-04,2.036229474470019341e-03,6.409243214875459671e-04
6.669029826298356056e-04,-6.800964183639734983e-05,1.545892679132521152e-03,1.435497397324070334e-04,1.849061693064868450e-03,-8.867806755006313324e-04,5.864578299224376678e-03,2.441061660647392273e-03,0.000000000000000000e+00,0.000000000000000000e+00,0.000000000000000000e+00,0.000000000000000000e+00,0.000000000000000000e+00,0.000000000000000000e+00,0.000000000000000000e+00,0.000000000000000000e+00,3.987462446093559265e-02,-1.058711707592010498e-01,4.045841470360755920e-02,1.059681847691535950e-01,4.538404941558837891e-02,-1.085065081715583801e-01,6.797943264245986938e-02,1.199646145105361938e-01,1.725828461349010468e-02,-1.725828461349010468e-02,1.725828461349010468e-02,1.725828461349010468e-02,0.000000000000000000e+00,0.000000000000000000e+00,0.000000000000000000e+00,0.000000000000000000e+00,2.992533892393112183e-02,-4.590602591633796692e-02,3.176616877317428589e-02,5.013200268149375916e-02,6.206836700439453125e-01,-1.660273969173431396e-01,6.390710473060607910e-01,3.097966313362121582e-01,2.702799998223781586e-02,1.244645845144987106e-02,2.702799998223781586e-02,1.984936185181140900e-02,0.000000000000000000e+00,0.000000000000000000e+00,0.000000000000000000e+00,0.000000000000000000e+00,3.802247112616896629e-03,1.118478481657803059e-03,3.838272532448172569e-03,1.163013046607375145e-03,8.352737873792648315e-02,1.333529502153396606e-02,8.430904895067214966e-02,1.432825438678264618e-02,3.969875106122344732e-04,-7.067511905916035175e-04,3.629338229075074196e-03,1.564294449053704739e-03,0.000000000000000000e+00,0.000000000000000000e+00,0.000000000000000000e+00,0.000000000000000000e+00
5.365389864891767502e-03,-7.135827327147126198e-04,5.784930195659399033e-03,1.363627961836755276e-03,5.968327820301055908e-02,-3.070364706218242645e-02,6.002322211861610413e-02,3.867908567190170288e-02,-1.865508593618869781e-02,-4.908148571848869324e-02,3.023168444633483887e-02,6.448455899953842163e-02,-3.443896304816007614e-03,-1.378998975269496441e-03,3.623134223744273186e-03,1.990328542888164520e-03,1.844015717506408691e-02,-4.879249609075486660e-04,1.932718232274055481e-02,1.131297927349805832e-02,3.388270139694213867e-01,4.742487147450447083e-02,3.388270139694213867e-01,2.082391828298568726e-01,1.305550783872604370e-01,2.702601552009582520e-01,1.596904695034027100e-01,3.672084212303161621e-01,-1.432726159691810608e-02,3.726009279489517212e-02,1.432726159691810608e-02,3.726009279489517212e-02,1.742004230618476868e-02,1.919957110658288002e-03,1.828115247189998627e-02,1.282666437327861786e-02,3.437912762165069580e-01,-1.124479472637176514e-01,3.437912762165069580e-01,1.258234977722167969e-01,1.931419372558593750e-01,-2.305816709995269775e-01,1.985030025243759155e-01,2.305816709995269775e-01,3.090134589001536369e-03,-6.341298576444387436e-03,1.271119434386491776e-02,2.439654245972633362e-02,3.370640100911259651e-03,4.516711051110178232e-04,3.561730263754725456e-03,1.793802250176668167e-03,3.211438655853271484e-02,9.829812683165073395e-03,3.211438655853271484e-02,1.229494251310825348e-02,1.631127297878265381e-02,-1.325015351176261902e-02,1.631127297878265381e-02,1.378997322171926498e-02,2.156574279069900513e-03,-4.042567685246467590e-03,2.156574279069900513e-03,4.042567685246467590e-03
0.000000000000000000e+00,0.000000000000000000e+00,0.000000000000000000e+00,0.000000000000000000e+00,0.000000000000000000e+00,0.000000000000000000e+00,0.000000000000000000e+00,0.000000000000000000e+00,3.205601125955581665e-03,-2.286915667355060577e-03,3.205601125955581665e-03,2.961030229926109314e-03,1.478140708059072495e-02,-3.267184831202030182e-03,1.501933299005031586e-02,9.000198915600776672e-03,0.000000000000000000e+00,0.000000000000000000e+00,0.000000000000000000e+00,0.000000000000000000e+00,1.406722068786621094e-01,1.627613157033920288e-01,1.406722068786621094e-01,1.627613157033920288e-01,-6.749790161848068237e-03,3.193951845169067383e-01,2.943177521228790283e-01,3.815957009792327881e-01,4.552724957466125488e-02,3.572219610214233398e-02,8.584076166152954102e-02,1.462484747171401978e-01,0.000000000000000000e+00,0.000000000000000000e+00,0.000000000000000000e+00,0.000000000000000000e+00,1.406722068786621094e-01,-1.627613157033920288e-01,1.406722068786621094e-01,1.627613157033920288e-01,1.140783280134201050e-01,-2.374375015497207642e-01,4.681294858455657959e-01,3.749091327190399170e-01,1.864422857761383057e-02,-2.073935978114604950e-02,6.974474340677261353e-02,1.088057532906532288e-01,0.000000000000000000e+00,0.000000000000000000e+00,0.000000000000000000e+00,0.000000000000000000e+00,0.000000000000000000e+00,0.000000000000000000e+00,0.000000000000000000e+00,0.000000000000000000e+00,1.820764131844043732e-02,-4.700824618339538574e-03,1.820764131844043732e-02,1.825192943215370178e-02,7.069014944136142731e-03,-3.544077742844820023e-03,1.475748419761657715e-02,5.920080468058586121e-03
2.874686651921365410e-05,-2.585043257568031549e-04,7.167096191551536322e-05,7.612314657308161259e-04,4.825533181428909302e-02,2.156605187337845564e-04,4.879149794578552246e-02,6.645401939749717712e-03,3.170278668403625488e-02,3.413458820432424545e-03,5.431295558810234070e-02,2.149379253387451172e-02,-9.386723831994459033e-06,-9.089546074392274022e-05,3.025817277375608683e-04,3.269366861786693335e-04,-5.522487335838377476e-04,2.393833361566066742e-03,1.589029678143560886e-03,6.281957961618900299e-03,3.561145663261413574e-01,-5.184891168028116226e-03,3.599183261394500732e-01,6.643995642662048340e-02,2.004057765007019043e-01,-5.347511917352676392e-02,4.279493689537048340e-01,1.943690031766891479e-01,-1.082999864593148232e-03,7.255670498125255108e-04,1.558757852762937546e-03,2.674008952453732491e-03,-5.636894002236658707e-06,-2.099691890180110931e-03,1.440544729121029377e-03,4.579842090606689453e-03,2.836030125617980957e-01,-1.404511090368032455e-02,2.865126430988311768e-01,7.966958731412887573e-02,2.792201042175292969e-01,4.678447544574737549e-02,4.106376171112060547e-01,1.866868883371353149e-01,-4.771860258188098669e-04,8.747119572944939137e-04,4.771860258188098669e-04,9.974144631996750832e-04,-3.079750968026928604e-05,-1.095844418159686029e-04,7.955318869790062308e-05,1.989394222619011998e-04,1.048896554857492447e-02,-5.698943510651588440e-03,1.325448416173458099e-02,6.835532374680042267e-03,6.406966596841812134e-02,-2.390238456428050995e-02,8.676978945732116699e-02,2.689463458955287933e-02,-1.970622397493571043e-04,1.481496292399242520e-04,1.980975939659401774e-04,1.715502876322716475e-04
5.820472724735736847e-04,-1.048809936037287116e-04,5.820472724735736847e-04,1.505157997598871589e-04,1.903705671429634094e-02,-2.743710763752460480e-03,1.903705671429634094e-02,4.155648872256278992e-03,3.211363777518272400e-02,9.467625990509986877e-03,3.378312662243843079e-02,2.323666960000991821e-02,3.175992285832762718e-03,6.300370208919048309e-03,5.966912955045700073e-03,6.315872538834810257e-03,7.114130421541631222e-04,4.828570818062871695e-04,1.797183183953166008e-03,1.370312180370092392e-03,1.061369329690933228e-01,1.044524088501930237e-02,1.061369329690933228e-01,3.106690198183059692e-02,4.528098404407501221e-01,9.414313733577728271e-02,4.907254278659820557e-01,1.014526039361953735e-01,1.537035033106803894e-02,5.408301483839750290e-03,4.298182576894760132e-02,8.719821460545063019e-03,-8.784841047599911690e-04,6.291453028097748756e-04,3.344969125464558601e-03,1.582170138135552406e-03,8.545053750276565552e-02,-1.433320995420217514e-02,9.505197405815124512e-02,2.985527180135250092e-02,4.617483615875244141e-01,-5.995027348399162292e-02,5.059031844139099121e-01,6.140415370464324951e-02,3.888239338994026184e-02,4.028848838061094284e-03,3.938312828540802002e-02,4.905653651803731918e-03,2.000126551138237119e-04,5.052813321526627988e-06,4.888678085990250111e-04,7.165955139498692006e-06,5.292447749525308609e-03,-1.364560303045436740e-04,5.292447749525308609e-03,2.074795629596337676e-04,6.381059437990188599e-02,-8.561321534216403961e-03,6.381059437990188599e-02,8.678206242620944977e-03,6.760668009519577026e-03,-7.633247878402471542e-04,7.482117973268032074e-03,1.712277764454483986e-03
2.275241859024390578e-04,4.359952872619032860e-04,1.599314040504395962e-03,1.408752636052668095e-03,6.422104686498641968e-02,2.503685420379042625e-03,8.434280753135681152e-02,4.002728965133428574e-03,1.731785247102379799e-03,2.246996853500604630e-03,1.837201998569071293e-03,2.415686845779418945e-03,-1.955534389708191156e-05,2.029335009865462780e-04,6.026500341249629855e-05,2.312269352842122316e-04,1.627841219305992126e-02,-9.008299093693494797e-04,2.893055230379104614e-02,2.851463481783866882e-02,3.627265691757202148e-01,3.711116733029484749e-03,6.196997165679931641e-01,5.892382934689521790e-02,2.142395079135894775e-02,-8.573440834879875183e-03,2.456470951437950134e-02,1.285373885184526443e-02,-8.070351032074540854e-05,0.000000000000000000e+00,8.070351032074540854e-05,0.000000000000000000e+00,-2.002307586371898651e-02,1.149880886077880859e-02,2.861458249390125275e-02,3.515772894024848938e-02,4.423080384731292725e-01,4.841705784201622009e-03,5.069736242294311523e-01,7.118689268827438354e-02,6.654689554125070572e-03,1.177753042429685593e-02,1.390881929546594620e-02,1.966895349323749542e-02,-3.222173108952119946e-05,1.428901014151051641e-04,3.222173108952119946e-05,9.802870918065309525e-04,-2.676513511687517166e-03,1.536487136036157608e-03,2.764839213341474533e-03,1.678056549280881882e-03,4.514539241790771484e-02,1.465803664177656174e-02,5.269347876310348511e-02,1.626100763678550720e-02,-1.891607098514214158e-04,1.740071020321920514e-04,3.672732273116707802e-04,5.439532687887549400e-04,-8.866007192409597337e-06,3.550377368810586631e-05,8.866007192409597337e-06,4.108521534362807870e-05
2.961880272778216749e-05,1.866670913841517176e-06,6.212075822986662388e-05,8.141490070556756109e-06,2.533617243170738220e-02,3.039273200556635857e-03,2.534261532127857208e-02,3.293237183243036270e-03,6.475020200014114380e-02,1.415783539414405823e-02,6.475020200014114380e-02,1.425035391002893448e-02,-5.561294965445995331e-04,-9.023219899972900748e-05,7.561923121102154255e-04,9.504672198090702295e-05,-2.844196278601884842e-04,7.674656808376312256e-04,6.213627057150006294e-04,7.674656808376312256e-04,3.774394989013671875e-01,1.134617552161216736e-01,3.774394989013671875e-01,1.158422902226448059e-01,2.542382478713989258e-01,1.094058752059936523e-01,2.597439289093017578e-01,1.164974793791770935e-01,-3.729827585630118847e-04,1.650114310905337334e-03,5.113530438393354416e-03,2.266800962388515472e-03,-9.619310731068253517e-04,8.446478022960945964e-05,1.198553130961954594e-03,6.530251703225076199e-04,4.609795510768890381e-01,-7.582427561283111572e-02,4.609795510768890381e-01,8.320292085409164429e-02,1.763026863336563110e-01,-6.551159173250198364e-02,1.841484904289245605e-01,7.683090120553970337e-02,4.230905324220657349e-03,-1.578829484060406685e-03,5.846921354532241821e-03,2.703394042328000069e-03,5.569194327108561993e-04,4.065986140631139278e-04,6.041761371307075024e-04,5.177110433578491211e-04,3.814100101590156555e-02,4.762684926390647888e-03,3.814100101590156555e-02,8.753839880228042603e-03,4.975504055619239807e-02,1.837205491028726101e-03,5.013575777411460876e-02,8.877730928361415863e-03,1.341120805591344833e-04,7.538937643403187394e-05,5.449544405564665794e-04,4.747984348796308041e-04
1.643406925722956657e-03,-4.354954231530427933e-03,2.321005566045641899e-03,4.737590905278921127e-03,5.884959548711776733e-02,-6.485822051763534546e-02,5.884959548711776733e-02,6.530587375164031982e-02,5.216529592871665955e-03,-3.868215484544634819e-03,6.356166210025548935e-03,4.203400574624538422e-03,-2.437060720694717020e-05,2.867410694307181984e-05,4.188400052953511477e-04,7.599572563776746392e-05,-7.772787939757108688e-03,-2.648934721946716309e-03,9.297725744545459747e-03,5.133307073265314102e-03,3.723950386047363281e-01,-9.020152688026428223e-02,3.769326806068420410e-01,9.241913259029388428e-02,2.781636714935302734e-01,-2.668762393295764923e-02,2.790769040584564209e-01,4.121606424450874329e-02,5.202884203754365444e-04,7.171624456532299519e-04,6.878371350467205048e-04,9.973992127925157547e-04,-1.674581691622734070e-02,-4.524421412497758865e-03,1.708652637898921967e-02,5.324073135852813721e-03,4.328693747520446777e-01,6.692510098218917847e-02,4.328693747520446777e-01,7.350661605596542358e-02,2.511709332466125488e-01,3.078164719045162201e-02,2.524670362472534180e-01,3.599412366747856140e-02,3.761303087230771780e-04,-6.263083196245133877e-04,3.761303087230771780e-04,6.263083196245133877e-04,-4.921012441627681255e-04,-6.108013330958783627e-04,1.664754003286361694e-03,7.245324668474495411e-04,8.210968971252441406e-02,2.357425168156623840e-02,8.210968971252441406e-02,2.377737313508987427e-02,8.863378316164016724e-03,9.991832775995135307e-04,1.144388597458600998e-02,4.501823335886001587e-03,2.558149863034486771e-04,1.062539449776522815e-04,2.558149863034486771e-04,1.216446325997821987e-04
0.000000000000000000e+00,0.000000000000000000e+00,0.000000000000000000e+00,0.000000000000000000e+00,0.000000000000000000e+00,0.000000000000000000e+00,0.000000000000000000e+00,0.000000000000000000e+00,0.000000000000000000e+00,0.000000000000000000e+00,0.000000000000000000e+00,0.000000000000000000e+00,0.000000000000000000e+00,0.000000000000000000e+00,0.000000000000000000e+00,0.000000000000000000e+00,9.206847287714481354e-03,-1.188537999987602234e-01,3.362497314810752869e-02,1.188537999987602234e-01,-1.535514555871486664e-02,-8.468725532293319702e-02,1.213299483060836792e-01,1.356128901243209839e-01,7.290183752775192261e-02,-4.232016205787658691e-02,7.290183752775192261e-02,5.021782219409942627e-02,0.000000000000000000e+00,0.000000000000000000e+00,0.000000000000000000e+00,0.000000000000000000e+00,2.195242196321487427e-01,-1.765325516462326050e-01,4.321168661117553711e-01,1.979761272668838501e-01,3.734855949878692627e-01,-2.108644694089889526e-02,6.162270307540893555e-01,1.752372533082962036e-01,1.118184253573417664e-01,2.381215244531631470e-02,1.149712353944778442e-01,1.089245378971099854e-01,-1.454031298635527492e-04,1.195585005916655064e-03,1.603624317795038223e-03,1.467124442569911480e-03,4.420707747340202332e-02,-1.772012934088706970e-02,5.217097699642181396e-02,1.773589290678501129e-02,8.841332048177719116e-02,-5.418593063950538635e-03,8.950514346361160278e-02,8.964565582573413849e-03,9.240246727131307125e-04,2.061865525320172310e-03,1.920042210258543491e-03,2.313091885298490524e-03,9.346522710984572768e-05,-3.622802250902168453e-05,3.155081067234277725e-04,1.856182789197191596e-04
0.000000000000000000e+00,0.000000000000000000e+00,0.000000000000000000e+00,0.000000000000000000e+00,0.000000000000000000e+00,0.000000000000000000e+00,0.000000000000000000e+00,0.000000000000000000e+00,9.155438281595706940e-03,5.332281347364187241e-03,9.155438281595706940e-03,5.834863521158695221e-03,2.965800091624259949e-02,2.928967587649822235e-02,3.528473898768424988e-02,2.975074946880340576e-02,0.000000000000000000e+00,0.000000000000000000e+00,0.000000000000000000e+00,0.000000000000000000e+00,5.692537501454353333e-02,6.465099751949310303e-02,5.692537501454353333e-02,6.465099751949310303e-02,6.481952965259552002e-02,1.804203838109970093e-01,1.814664006233215332e-01,2.940081954002380371e-01,3.784077167510986328e-01,-3.714080899953842163e-02,4.130534231662750244e-01,2.540099918842315674e-01,0.000000000000000000e+00,0.000000000000000000e+00,0.000000000000000000e+00,0.000000000000000000e+00,1.101054996252059937e-01,-5.687953531742095947e-02,1.101054996252059937e-01,8.569159358739852905e-02,-1.734320190735161304e-03,-1.464875042438507080e-01,1.680270135402679443e-01,2.745568752288818359e-01,3.444957733154296875e-01,1.169828884303569794e-02,3.613822758197784424e-01,1.753993481397628784e-01,0.000000000000000000e+00,0.000000000000000000e+00,0.000000000000000000e+00,0.000000000000000000e+00,0.000000000000000000e+00,0.000000000000000000e+00,0.000000000000000000e+00,0.000000000000000000e+00,5.587810184806585312e-03,-4.767959471791982651e-03,8.546644821763038635e-03,7.273609749972820282e-03,4.617904126644134521e-02,-1.637845113873481750e-02,4.689362272620201111e-02,1.935932785272598267e-02
9.065169841051101685e-03,1.883804425597190857e-02,1.004691328853368759e-02,2.102813497185707092e-02,6.328888982534408569e-02,1.530087273567914963e-02,7.656604051589965820e-02,3.255902975797653198e-02,9.368052706122398376e-03,2.035263692960143089e-03,1.039896532893180847e-02,3.954424057155847549e-03,2.911352748924400657e-05,-9.050934295373735949e-07,8.264585630968213081e-05,5.168685311218723655e-05,6.972512230277061462e-03,-2.122039161622524261e-02,2.573257312178611755e-02,2.543179504573345184e-02,4.781936705112457275e-01,-5.279217660427093506e-02,5.144411921501159668e-01,7.008495926856994629e-02,3.773185610771179199e-02,-1.033956930041313171e-02,4.309298098087310791e-02,3.030558675527572632e-02,-2.905091423599515110e-05,1.217970293510006741e-05,2.905091423599515110e-05,1.217970293510006741e-05,1.595189422369003296e-02,8.191485889256000519e-03,5.308963358402252197e-02,1.382480468600988388e-02,4.546471536159515381e-01,8.718008548021316528e-02,4.932861030101776123e-01,9.888407588005065918e-02,4.161666333675384521e-02,1.258309464901685715e-02,5.248105525970458984e-02,3.720118850469589233e-02,1.410813652910292149e-03,-5.164663307368755341e-04,1.410813652910292149e-03,1.287199091166257858e-03,1.457032933831214905e-02,6.948796100914478302e-03,1.677729561924934387e-02,9.026592597365379333e-03,3.633286058902740479e-02,1.322878524661064148e-02,3.688820824027061462e-02,1.422926317900419235e-02,9.617550531402230263e-04,-1.078781206160783768e-03,5.137266125530004501e-03,4.545406438410282135e-03,1.374862767988815904e-04,1.931789010995998979e-04,1.374862767988815904e-04,1.931789010995998979e-04
8.312438614666461945e-03,6.840492133051156998e-03,9.610909037292003632e-03,7.028208579868078232e-03,6.917487829923629761e-02,-3.515522554516792297e-02,7.135076820850372314e-02,4.016293212771415710e-02,7.314117625355720520e-03,-4.895446356385946274e-03,1.400248054414987564e-02,8.928298950195312500e-03,1.568924926687031984e-05,-1.224053703481331468e-04,4.120379890082404017e-05,2.577653503976762295e-04,1.606697402894496918e-02,-2.510971855372190475e-03,1.917136833071708679e-02,7.099983748048543930e-03,1.390098333358764648e-01,-6.643051654100418091e-02,1.999321132898330688e-01,9.033156186342239380e-02,4.298052191734313965e-01,-9.913925826549530029e-02,4.361155331134796143e-01,1.094069182872772217e-01,4.502251977100968361e-05,5.133677041158080101e-04,4.502251977100968361e-05,5.133677041158080101e-04,2.085649967193603516e-02,8.411172777414321899e-03,2.501449361443519592e-02,9.269102476537227631e-03,1.143758669495582581e-01,1.193855553865432739e-01,2.244400680065155029e-01,1.362243890762329102e-01,4.314482510089874268e-01,1.103983074426651001e-01,4.453384876251220703e-01,1.163820177316665649e-01,0.000000000000000000e+00,8.958844118751585484e-04,0.000000000000000000e+00,8.958844118751585484e-04,5.248551256954669952e-03,3.906928002834320068e-03,5.877268500626087189e-03,4.625461064279079437e-03,4.237230122089385986e-02,5.267811939120292664e-02,4.250188171863555908e-02,5.272547528147697449e-02,8.163535036146640778e-03,5.385297350585460663e-03,1.691937260329723358e-02,7.461265660822391510e-03,-4.757877832162193954e-05,-7.794025441398844123e-05,4.757877832162193954e-05,2.418168442090973258e-04
5.084744771011173725e-04,-1.935872365720570087e-03,1.553639885969460011e-03,2.612470649182796478e-03,6.010733172297477722e-02,-6.726332474499940872e-03,6.010733172297477722e-02,1.007795799523591995e-02,5.791260045953094959e-04,-1.163126202300190926e-03,2.538940869271755219e-03,1.218421850353479385e-03,0.000000000000000000e+00,0.000000000000000000e+00,0.000000000000000000e+00,0.000000000000000000e+00,7.022522389888763428e-03,-2.587186871096491814e-03,7.412493228912353516e-03,4.479419440031051636e-03,4.584053754806518555e-01,-6.287048012018203735e-02,5.109480023384094238e-01,8.132406324148178101e-02,3.575995191931724548e-02,-6.543798372149467468e-03,3.914458304643630981e-02,1.472724974155426025e-02,8.787999977357685566e-04,2.149407810065895319e-04,8.787999977357685566e-04,7.123622926883399487e-04,9.720969013869762421e-03,3.133315593004226685e-03,1.003321353346109390e-02,1.268432475626468658e-02,4.806232154369354248e-01,8.222216367721557617e-02,4.866548776626586914e-01,1.697498857975006104e-01,2.150276862084865570e-02,1.275744475424289703e-02,2.150276862084865570e-02,1.275744475424289703e-02,0.000000000000000000e+00,0.000000000000000000e+00,0.000000000000000000e+00,0.000000000000000000e+00,6.819341797381639481e-03,1.590732671320438385e-02,6.822891533374786377e-03,1.590926945209503174e-02,1.957040466368198395e-02,2.488045766949653625e-02,1.957040466368198395e-02,2.494689822196960449e-02,6.405186722986400127e-04,4.212926723994314671e-04,6.405186722986400127e-04,4.212926723994314671e-04,0.000000000000000000e+00,0.000000000000000000e+00,0.000000000000000000e+00,0.000000000000000000e+00
-6.316200597211718559e-05,1.114235637942329049e-04,1.155328820459544659e-03,7.904177182354032993e-04,6.900022178888320923e-02,-3.973499312996864319e-02,6.900022178888320923e-02,3.997512161731719971e-02,8.594174287281930447e-04,-2.586575690656900406e-03,5.891790147870779037e-03,3.003143938258290291e-03,-8.765597158344462514e-05,-9.155780426226556301e-04,1.904478267533704638e-04,9.155780426226556301e-04,-3.764097113162279129e-03,2.913598669692873955e-03,3.764097113162279129e-03,2.913598669692873955e-03,3.957933485507965088e-01,-1.522025465965270996e-01,4.559326767921447754e-01,1.653106659650802612e-01,2.133067846298217773e-01,-5.587651953101158142e-02,2.425670772790908813e-01,6.922753900289535522e-02,-3.526592336129397154e-04,-9.739303030073642731e-03,2.870896831154823303e-03,1.571050658822059631e-02,-3.789301728829741478e-03,2.116976073011755943e-03,4.307029303163290024e-03,3.549152752384543419e-03,3.197043836116790771e-01,1.485275030136108398e-01,3.526249229907989502e-01,1.516935974359512329e-01,2.839279770851135254e-01,4.968094825744628906e-02,2.977946102619171143e-01,6.529173254966735840e-02,-1.133544486947357655e-03,1.226974558085203171e-02,1.296552713029086590e-03,1.380716171115636826e-02,1.776114571839570999e-03,3.930049017071723938e-03,2.216789638623595238e-03,3.976431209594011307e-03,5.189580842852592468e-02,5.482798442244529724e-02,5.211642384529113770e-02,5.509479716420173645e-02,1.957181608304381371e-03,1.597261172719299793e-03,4.552436061203479767e-03,3.349068108946084976e-03,7.072511834849137813e-06,1.782228791853412986e-04,7.618920062668621540e-05,4.302323213778436184e-04
-6.721753015881404281e-05,4.661292678065365180e-06,1.388525706715881824e-04,2.036299338215030730e-05,5.100953578948974609e-02,1.702960289549082518e-04,5.100953578948974609e-02,8.630505762994289398e-04,4.776592552661895752e-02,3.907821665052324533e-04,4.828192666172981262e-02,1.473877462558448315e-03,-6.601996574318036437e-05,4.984488441550638527e-06,1.301533193327486515e-04,8.010025339899584651e-06,-4.159595991950482130e-04,-2.414879709249362350e-04,4.945208784192800522e-04,3.268333675805479288e-04,4.092653095722198486e-01,6.814879365265369415e-03,4.092653095722198486e-01,1.135927997529506683e-02,2.715148031711578369e-01,5.678216926753520966e-03,2.840516567230224609e-01,1.164936181157827377e-02,9.032017551362514496e-04,-1.218639008584432304e-04,1.230285619385540485e-03,5.354352761059999466e-04,0.000000000000000000e+00,0.000000000000000000e+00,0.000000000000000000e+00,0.000000000000000000e+00,4.124909639358520508e-01,-7.785285357385873795e-03,4.124909639358520508e-01,8.407369256019592285e-03,2.704382538795471191e-01,-3.204625565558671951e-03,2.773280143737792969e-01,1.196110341697931290e-02,9.345412254333496094e-04,1.460335915908217430e-04,1.009808504022657871e-03,2.646846114657819271e-04,-4.602969966072123498e-06,1.788932763702177908e-06,4.602969966072123498e-06,1.788932763702177908e-06,4.849659651517868042e-02,-1.227576052770018578e-03,4.849659651517868042e-02,1.825334387831389904e-03,5.026565492153167725e-02,-2.010070020332932472e-03,5.055368691682815552e-02,2.187373116612434387e-03,8.083377906586974859e-05,-5.210825293033849448e-06,1.283898600377142429e-04,4.234525840729475021e-05
2.377328230068087578e-03,4.080686194356530905e-04,2.377328230068087578e-03,4.080686194356530905e-04,2.752345753833651543e-03,-1.584687153808772564e-03,3.938823472708463669e-03,1.967125805094838142e-03,2.138809487223625183e-02,5.639176350086927414e-03,2.550388686358928680e-02,5.850146524608135223e-03,7.520961575210094452e-03,1.635914086364209652e-03,7.520961575210094452e-03,1.635914086364209652e-03,9.962187148630619049e-03,-2.202470786869525909e-03,1.306600868701934814e-02,8.667539805173873901e-03,-5.122636631131172180e-02,-1.769330799579620361e-01,7.458098977804183960e-02,1.858408898115158081e-01,3.027102351188659668e-01,-7.828325033187866211e-02,3.370141983032226562e-01,1.139597445726394653e-01,3.775044903159141541e-02,7.846506312489509583e-03,3.801120445132255554e-02,8.052259683609008789e-03,-1.206292212009429932e-02,-1.140484679490327835e-02,1.334008853882551193e-02,1.190109923481941223e-02,-7.303177565336227417e-02,-6.892027705907821655e-02,1.044349446892738342e-01,7.425779849290847778e-02,5.599898099899291992e-01,1.096934229135513306e-01,5.599898099899291992e-01,1.096934229135513306e-01,2.431640028953552246e-02,4.835290834307670593e-03,2.462234534323215485e-02,5.047996528446674347e-03,-2.033019438385963440e-03,-1.625523087568581104e-03,2.033019438385963440e-03,1.625523087568581104e-03,1.414102129638195038e-02,1.096862833946943283e-02,2.299353294074535370e-02,1.704979501664638519e-02,8.376254141330718994e-02,3.306045383214950562e-02,8.376254141330718994e-02,3.306045383214950562e-02,1.434869482181966305e-03,1.475957833463326097e-04,1.466702087782323360e-03,1.803462218958884478e-04
