0.000000000000000000e+00,0.000000000000000000e+00,0.000000000000000000e+00,0.000000000000000000e+00,2.356621203944087029e-03,4.786975216120481491e-03,3.106608986854553223e-03,4.786975216120481491e-03,1.407468765974044800e-01,6.629840005189180374e-03,1.692464947700500488e-01,6.343454867601394653e-02,1.811851002275943756e-02,-8.734126575291156769e-03,2.028339914977550507e-02,1.455932110548019409e-02,6.267904536798596382e-04,-5.739529296988621354e-05,6.267904536798596382e-04,6.267904536798596382e-04,6.408246606588363647e-02,2.775897085666656494e-02,7.902170717716217041e-02,8.117127418518066406e-02,2.613442838191986084e-01,-2.684924602508544922e-01,5.585497021675109863e-01,5.647528171539306641e-01,1.641159653663635254e-01,-1.436002403497695923e-01,1.715019494295120239e-01,1.485136151313781738e-01,0.000000000000000000e+00,0.000000000000000000e+00,0.000000000000000000e+00,0.000000000000000000e+00,5.888118594884872437e-02,-4.542586952447891235e-02,6.285247951745986938e-02,6.892184168100357056e-02,-2.783350273966789246e-02,-5.164344236254692078e-02,9.114941209554672241e-02,1.125446781516075134e-01,7.822392135858535767e-02,-2.159797772765159607e-02,9.090796113014221191e-02,6.928510218858718872e-02,0.000000000000000000e+00,0.000000000000000000e+00,0.000000000000000000e+00,0.000000000000000000e+00,9.661318035796284676e-04,-2.161440934287384152e-04,9.661318035796284676e-04,2.161440934287384152e-04,1.630961778573691845e-03,-2.150304382666945457e-03,3.319055307656526566e-03,4.195838235318660736e-03,8.956700912676751614e-04,-4.092517483513802290e-04,1.681839814409613609e-03,1.205782638862729073e-03
-1.393795595504343510e-03,2.930554619524627924e-04,1.428224612027406693e-03,3.315345093142241240e-04,-6.098276004195213318e-03,-1.821759506128728390e-03,1.426527556031942368e-02,2.811365760862827301e-03,7.409581542015075684e-02,-1.602079719305038452e-02,7.409581542015075684e-02,1.602079719305038452e-02,-1.161414402304217219e-04,-8.170251385308802128e-04,1.466788526158779860e-04,8.742890204302966595e-04,-8.186863735318183899e-03,-7.493512704968452454e-03,8.348254486918449402e-03,7.541844155639410019e-03,-2.860054001212120056e-02,-5.446668341755867004e-02,7.192238420248031616e-02,5.963591858744621277e-02,4.752164781093597412e-01,-7.995492219924926758e-02,4.785180091857910156e-01,9.579846262931823730e-02,8.229820523411035538e-04,8.126082830131053925e-03,8.229820523411035538e-04,8.126082830131053925e-03,-1.641425490379333496e-02,4.607217758893966675e-02,1.691642217338085175e-02,4.607217758893966675e-02,8.049765601754188538e-04,2.670623958110809326e-01,5.828193947672843933e-02,2.759415507316589355e-01,3.781814873218536377e-01,9.074545651674270630e-02,4.189711809158325195e-01,1.067058816552162170e-01,1.214495394378900528e-03,1.663358695805072784e-02,1.214495394378900528e-03,1.663358695805072784e-02,-5.984784569591283798e-03,-4.048787057399749756e-03,6.123229861259460449e-03,5.484368186444044113e-03,-1.960197277367115021e-02,-3.458632528781890869e-02,2.149283140897750854e-02,3.594130650162696838e-02,5.776428431272506714e-02,-4.542264156043529510e-03,5.859703198075294495e-02,1.661556400358676910e-02,2.122470643371343613e-03,4.569558426737785339e-03,2.122470643371343613e-03,4.569558426737785339e-03
-3.471069969236850739e-03,-1.299276296049356461e-02,3.474101424217224121e-03,1.300658285617828369e-02,2.778918482363224030e-02,-7.264150679111480713e-02,2.971605025231838226e-02,7.324746251106262207e-02,1.796523295342922211e-02,-1.002391707152128220e-02,1.796523295342922211e-02,1.002391707152128220e-02,0.000000000000000000e+00,0.000000000000000000e+00,0.000000000000000000e+00,0.000000000000000000e+00,1.519373967312276363e-03,3.250244481023401022e-04,4.003902431577444077e-03,9.443962015211582184e-03,3.421229124069213867e-02,-1.568941585719585419e-02,9.309865534305572510e-02,8.177992701530456543e-02,4.774341285228729248e-01,-6.022498384118080139e-02,4.774341285228729248e-01,7.760505378246307373e-02,0.000000000000000000e+00,0.000000000000000000e+00,0.000000000000000000e+00,0.000000000000000000e+00,1.034328993409872055e-02,4.787786677479743958e-02,1.093334890902042389e-02,4.787786677479743958e-02,4.221192747354507446e-02,3.764795362949371338e-01,1.130873635411262512e-01,3.764795362949371338e-01,2.845474481582641602e-01,1.272428035736083984e-01,2.941695153713226318e-01,1.320119947195053101e-01,0.000000000000000000e+00,0.000000000000000000e+00,0.000000000000000000e+00,0.000000000000000000e+00,1.061934963217936456e-04,1.181687461212277412e-03,2.771296130958944559e-04,1.206185901537537575e-03,-1.918141264468431473e-03,1.559182419441640377e-03,4.070466849952936172e-03,1.927408389747142792e-03,1.391657046042382717e-03,-3.166530514135956764e-04,8.313203230500221252e-03,1.263700309209525585e-03,1.465311561332782730e-05,-1.149687886936590075e-05,1.465311561332782730e-05,1.149687886936590075e-05
-2.568567730486392975e-02,2.874661982059478760e-02,2.597126364707946777e-02,3.069892711937427521e-02,4.441170021891593933e-02,5.191885828971862793e-01,1.101031899452209473e-01,5.236983895301818848e-01,1.003568246960639954e-01,1.592633724212646484e-01,1.359308809041976929e-01,1.606186777353286743e-01,-1.545783161418512464e-04,1.383960992097854614e-02,3.971144556999206543e-03,1.449514646083116531e-02,-9.583970531821250916e-03,1.677081547677516937e-02,1.208177581429481506e-02,2.199785038828849792e-02,-9.622539579868316650e-02,-2.701174095273017883e-02,1.680352240800857544e-01,3.020838499069213867e-01,1.768698394298553467e-01,-5.829055979847908020e-02,2.185981422662734985e-01,1.810952126979827881e-01,-8.195837144739925861e-04,4.234357271343469620e-03,1.457476406358182430e-03,4.234357271343469620e-03,0.000000000000000000e+00,0.000000000000000000e+00,0.000000000000000000e+00,0.000000000000000000e+00,-1.124327331781387329e-01,1.329565048217773438e-01,1.124327331781387329e-01,1.329565048217773438e-01,1.144947707653045654e-01,1.144947707653045654e-01,1.144947707653045654e-01,1.144947707653045654e-01,0.000000000000000000e+00,0.000000000000000000e+00,0.000000000000000000e+00,0.000000000000000000e+00,0.000000000000000000e+00,0.000000000000000000e+00,0.000000000000000000e+00,0.000000000000000000e+00,0.000000000000000000e+00,0.000000000000000000e+00,0.000000000000000000e+00,0.000000000000000000e+00,0.000000000000000000e+00,0.000000000000000000e+00,0.000000000000000000e+00,0.000000000000000000e+00,0.000000000000000000e+00,0.000000000000000000e+00,0.000000000000000000e+00,0.000000000000000000e+00
1.234973897226154804e-03,1.029715058393776417e-04,1.237250980921089649e-03,3.846995241474360228e-04,6.666149944067001343e-02,-9.617276489734649658e-03,6.666149944067001343e-02,1.321988832205533981e-02,9.849593043327331543e-03,-1.353308325633406639e-03,1.047068461775779724e-02,2.500815317034721375e-03,7.040215132292360067e-05,-5.259420959191629663e-06,1.284563768422231078e-04,5.966008757241070271e-05,-6.685664411634206772e-03,3.487910376861691475e-03,1.211893558502197266e-02,1.351835299283266068e-02,4.672642350196838379e-01,-8.067953586578369141e-02,4.698756933212280273e-01,9.697512537240982056e-02,1.417059004306793213e-01,-1.622482575476169586e-02,1.423782110214233398e-01,2.528009004890918732e-02,-2.327555266674607992e-04,2.844967239070683718e-04,6.565036601386964321e-04,2.844967239070683718e-04,-4.995243623852729797e-02,3.708655759692192078e-02,6.303264200687408447e-02,3.800537809729576111e-02,4.154458642005920410e-01,6.551950424909591675e-02,4.673835337162017822e-01,7.623665779829025269e-02,1.824095696210861206e-01,1.665055751800537109e-02,1.866604536771774292e-01,2.559264749288558960e-02,-4.015082595287822187e-05,-3.697244101203978062e-04,8.471810724586248398e-04,9.377619717270135880e-04,-1.120288483798503876e-02,1.784599735401570797e-03,1.373295485973358154e-02,2.136414637789130211e-03,6.820423901081085205e-02,2.849902398884296417e-02,8.856544643640518188e-02,2.849902398884296417e-02,2.581747248768806458e-03,1.503096194937825203e-03,3.797901328653097153e-03,1.744823413901031017e-03,1.757706013449933380e-05,-1.036763933370821178e-04,9.978719026548787951e-05,2.168283535866066813e-04
-7.201005355454981327e-04,-1.337250415235757828e-02,1.433982048183679581e-03,1.340129040181636810e-02,2.380275912582874298e-02,-5.185565724968910217e-02,2.395040541887283325e-02,5.195888876914978027e-02,9.276992641389369965e-04,-9.765013237483799458e-04,2.575410995632410049e-03,1.756465411745011806e-03,4.249221819918602705e-05,-6.370400114974472672e-06,1.290184736717492342e-04,1.254743838217109442e-04,-1.276615075767040253e-03,-7.775606121867895126e-03,3.718626219779253006e-03,1.456961873918771744e-02,2.921311259269714355e-01,-2.274879664182662964e-01,3.147904872894287109e-01,2.465744167566299438e-01,3.061662316322326660e-01,-9.780336916446685791e-02,3.091991841793060303e-01,1.027938127517700195e-01,1.435523969121277332e-03,4.543391332845203578e-05,1.435523969121277332e-03,1.557133626192808151e-03,-3.559823380783200264e-03,4.089812282472848892e-03,4.920609295368194580e-03,9.764035232365131378e-03,2.360285371541976929e-01,1.419679224491119385e-01,2.688117921352386475e-01,1.500442326068878174e-01,3.777627050876617432e-01,7.661520689725875854e-02,3.824117481708526611e-01,8.667949587106704712e-02,3.649340942502021790e-04,-8.747834363020956516e-04,1.348936813883483410e-03,4.719933960586786270e-03,-2.249558223411440849e-03,1.227774936705827713e-02,2.364357933402061462e-03,1.231274567544460297e-02,3.819809108972549438e-02,7.014779746532440186e-02,3.832502663135528564e-02,7.061118632555007935e-02,3.444682108238339424e-03,2.868879819288849831e-03,4.054304677993059158e-03,4.923840519040822983e-03,-2.348270390939433128e-05,-9.384578152094036341e-05,9.689329453976824880e-05,3.503907355479896069e-04
0.000000000000000000e+00,0.000000000000000000e+00,0.000000000000000000e+00,0.000000000000000000e+00,0.000000000000000000e+00,0.000000000000000000e+00,0.000000000000000000e+00,0.000000000000000000e+00,2.403769455850124359e-02,6.433698814362287521e-03,4.234700277447700500e-02,1.611989736557006836e-02,7.911487668752670288e-02,-5.598725751042366028e-03,1.013988256454467773e-01,1.867474801838397980e-02,0.000000000000000000e+00,0.000000000000000000e+00,0.000000000000000000e+00,0.000000000000000000e+00,1.557990908622741699e-01,6.956785917282104492e-02,1.557990908622741699e-01,8.790215849876403809e-02,-1.861135475337505341e-02,5.727110430598258972e-03,1.908637136220932007e-01,2.220148146152496338e-01,3.490684032440185547e-01,-9.171104431152343750e-02,3.751202821731567383e-01,2.183371782302856445e-01,0.000000000000000000e+00,0.000000000000000000e+00,0.000000000000000000e+00,0.000000000000000000e+00,7.831040769815444946e-02,-6.683074682950973511e-02,1.034926176071166992e-01,9.775615483522415161e-02,1.824059635400772095e-01,-3.830302506685256958e-02,3.981368541717529297e-01,3.147140741348266602e-01,2.443082034587860107e-01,7.992127537727355957e-02,2.699277102947235107e-01,2.059083729982376099e-01,0.000000000000000000e+00,0.000000000000000000e+00,0.000000000000000000e+00,0.000000000000000000e+00,0.000000000000000000e+00,0.000000000000000000e+00,0.000000000000000000e+00,0.000000000000000000e+00,5.806935206055641174e-02,1.913778856396675110e-02,5.806935206055641174e-02,2.477731741964817047e-02,2.612979151308536530e-02,1.519997604191303253e-02,3.186793997883796692e-02,1.997807435691356659e-02
4.220285045448690653e-04,-8.826762787066400051e-04,5.298106116242706776e-04,9.620636701583862305e-04,1.135142636485397816e-03,-1.434101257473230362e-03,1.455650664865970612e-03,1.434101257473230362e-03,0.000000000000000000e+00,0.000000000000000000e+00,0.000000000000000000e+00,0.000000000000000000e+00,0.000000000000000000e+00,0.000000000000000000e+00,0.000000000000000000e+00,0.000000000000000000e+00,1.797067746520042419e-02,-7.880250364542007446e-02,2.851425856351852417e-02,9.042454510927200317e-02,4.053691029548645020e-01,-2.211660742759704590e-01,4.353180229663848877e-01,2.219014167785644531e-01,1.841918192803859711e-02,-1.384860463440418243e-02,2.648279070854187012e-02,2.213379181921482086e-02,0.000000000000000000e+00,0.000000000000000000e+00,0.000000000000000000e+00,0.000000000000000000e+00,2.593305148184299469e-02,2.221907861530780792e-02,3.082506544888019562e-02,2.503222972154617310e-02,4.676396548748016357e-01,1.851315796375274658e-01,4.883714616298675537e-01,1.858669221401214600e-01,1.524406298995018005e-02,1.430502440780401230e-02,1.524406298995018005e-02,1.430502440780401230e-02,0.000000000000000000e+00,0.000000000000000000e+00,0.000000000000000000e+00,0.000000000000000000e+00,1.472394354641437531e-02,1.306262332946062088e-02,1.472394354641437531e-02,1.306262332946062088e-02,9.968080557882785797e-03,8.961419574916362762e-03,9.968080557882785797e-03,8.961419574916362762e-03,0.000000000000000000e+00,0.000000000000000000e+00,0.000000000000000000e+00,0.000000000000000000e+00,0.000000000000000000e+00,0.000000000000000000e+00,0.000000000000000000e+00,0.000000000000000000e+00
4.220285045448690653e-04,-8.826762787066400051e-04,5.298106116242706776e-04,9.620636701583862305e-04,1.135142636485397816e-03,-1.434101257473230362e-03,1.455650664865970612e-03,1.434101257473230362e-03,0.000000000000000000e+00,0.000000000000000000e+00,0.000000000000000000e+00,0.000000000000000000e+00,0.000000000000000000e+00,0.000000000000000000e+00,0.000000000000000000e+00,0.000000000000000000e+00,1.797067746520042419e-02,-7.880250364542007446e-02,2.851425856351852417e-02,9.042454510927200317e-02,4.053691029548645020e-01,-2.211660742759704590e-01,4.353180229663848877e-01,2.219014167785644531e-01,1.841918192803859711e-02,-1.384860463440418243e-02,2.648279070854187012e-02,2.213379181921482086e-02,0.000000000000000000e+00,0.000000000000000000e+00,0.000000000000000000e+00,0.000000000000000000e+00,2.593305148184299469e-02,2.221907861530780792e-02,3.082506544888019562e-02,2.503222972154617310e-02,4.676396548748016357e-01,1.851315796375274658e-01,4.883714616298675537e-01,1.858669221401214600e-01,1.524406298995018005e-02,1.430502440780401230e-02,1.524406298995018005e-02,1.430502440780401230e-02,0.000000000000000000e+00,0.000000000000000000e+00,0.000000000000000000e+00,0.000000000000000000e+00,1.472394354641437531e-02,1.306262332946062088e-02,1.472394354641437531e-02,1.306262332946062088e-02,9.968080557882785797e-03,8.961419574916362762e-03,9.968080557882785797e-03,8.961419574916362762e-03,0.000000000000000000e+00,0.000000000000000000e+00,0.000000000000000000e+00,0.000000000000000000e+00,0.000000000000000000e+00,0.000000000000000000e+00,0.000000000000000000e+00,0.000000000000000000e+00
2.037048339843750000e-03,-4.222736693918704987e-03,2.216751920059323311e-03,5.406577140092849731e-03,2.845214447006583214e-03,-4.887254443019628525e-03,3.300368087366223335e-03,5.709661170840263367e-03,4.605297290254384279e-04,-2.687170403078198433e-03,2.350290538743138313e-03,2.687170403078198433e-03,0.000000000000000000e+00,0.000000000000000000e+00,0.000000000000000000e+00,0.000000000000000000e+00,2.846583665814250708e-04,1.743737980723381042e-02,2.786326967179775238e-02,8.043363690376281738e-02,3.060467839241027832e-01,-2.100818306207656860e-01,5.275601744651794434e-01,2.919556796550750732e-01,3.002345748245716095e-02,-1.103258877992630005e-02,4.503958299756050110e-02,3.440368175506591797e-02,2.256196748930960894e-04,2.066002707579173148e-05,2.256196748930960894e-04,2.256196748930960894e-04,-1.015110872685909271e-02,-2.383579686284065247e-02,2.575199864804744720e-02,4.960444942116737366e-02,3.022500872611999512e-01,2.110624909400939941e-01,5.156590342521667480e-01,2.795814871788024902e-01,2.607718855142593384e-02,2.403047494590282440e-02,2.607718855142593384e-02,2.403047494590282440e-02,0.000000000000000000e+00,0.000000000000000000e+00,0.000000000000000000e+00,0.000000000000000000e+00,5.087856668978929520e-03,1.063591893762350082e-02,5.087856668978929520e-03,1.075721997767686844e-02,4.903807304799556732e-03,6.878738757222890854e-03,4.903807304799556732e-03,6.878738757222890854e-03,0.000000000000000000e+00,0.000000000000000000e+00,0.000000000000000000e+00,0.000000000000000000e+00,0.000000000000000000e+00,0.000000000000000000e+00,0.000000000000000000e+00,0.000000000000000000e+00
1.441634143702685833e-03,-1.391361374408006668e-02,1.764755696058273315e-03,1.506939623504877090e-02,2.720762789249420166e-02,-6.039087101817131042e-02,2.732749469578266144e-02,6.100473925471305847e-02,1.502229017205536366e-03,-1.930143916979432106e-03,2.393828472122550011e-03,2.474511507898569107e-03,-1.897235779324546456e-05,-2.202876494266092777e-04,1.515785552328452468e-04,2.443591947667300701e-04,-3.833804046735167503e-03,-3.133483696728944778e-03,7.201130036264657974e-03,1.196471974253654480e-02,2.435254007577896118e-01,-1.792004704475402832e-01,2.679723799228668213e-01,1.995979249477386475e-01,3.760344684123992920e-01,-9.863301366567611694e-02,3.779206275939941406e-01,1.062311306595802307e-01,2.418930234853178263e-04,8.185848128050565720e-04,8.180542499758303165e-04,1.249570865184068680e-03,-1.973944948986172676e-03,1.071708276867866516e-03,4.895253106951713562e-03,9.906508028507232666e-03,2.732620835304260254e-01,1.740400940179824829e-01,2.892495989799499512e-01,1.879356205463409424e-01,3.272624909877777100e-01,9.217570722103118896e-02,3.415120244026184082e-01,1.235451847314834595e-01,2.042584586888551712e-03,-6.904299370944499969e-03,2.138527575880289078e-03,8.136254735291004181e-03,9.412884712219238281e-03,5.683422554284334183e-03,9.431204758584499359e-03,6.489434745162725449e-03,3.385205194354057312e-02,6.195123121142387390e-02,3.601336851716041565e-02,6.212774664163589478e-02,-1.596883754245936871e-03,3.252607537433505058e-03,5.526802502572536469e-03,6.217319052666425705e-03,9.396790846949443221e-05,1.920109731145203114e-03,3.335690707899630070e-04,2.389076631516218185e-03
0.000000000000000000e+00,0.000000000000000000e+00,0.000000000000000000e+00,0.000000000000000000e+00,1.822588406503200531e-02,-2.593381796032190323e-03,2.186132222414016724e-02,2.593381796032190323e-03,-1.135611720383167267e-02,1.498886500485241413e-03,3.105661273002624512e-02,5.408610217273235321e-03,-2.063190797343850136e-03,2.314059529453516006e-04,2.346986904740333557e-03,2.959843841381371021e-04,0.000000000000000000e+00,0.000000000000000000e+00,0.000000000000000000e+00,0.000000000000000000e+00,9.194849431514739990e-02,2.291919104754924774e-02,9.194849431514739990e-02,7.679153978824615479e-02,2.528332471847534180e-01,3.348596766591072083e-02,3.733739852905273438e-01,2.947554588317871094e-01,-4.451614804565906525e-03,5.727048963308334351e-02,5.980727076530456543e-02,2.020423710346221924e-01,0.000000000000000000e+00,0.000000000000000000e+00,0.000000000000000000e+00,0.000000000000000000e+00,6.373830139636993408e-02,-3.196807950735092163e-02,8.737043291330337524e-02,4.951172694563865662e-02,4.363127052783966064e-01,-2.938427769549889490e-06,5.606059432029724121e-01,2.372889816761016846e-01,1.054762378334999084e-01,1.006714180111885071e-01,1.064398139715194702e-01,1.382441371679306030e-01,0.000000000000000000e+00,0.000000000000000000e+00,0.000000000000000000e+00,0.000000000000000000e+00,8.193343877792358398e-03,1.452232012525200844e-03,8.193343877792358398e-03,3.666732693091034889e-03,5.199832469224929810e-02,6.796327885240316391e-03,6.078293547034263611e-02,1.225458551198244095e-02,2.341441996395587921e-02,1.136072023655287921e-04,2.361116744577884674e-02,1.749016344547271729e-03
7.348985224962234497e-02,-4.948921129107475281e-02,7.385841012001037598e-02,5.105247721076011658e-02,4.320245236158370972e-02,-1.688044890761375427e-02,4.320245236158370972e-02,1.688044890761375427e-02,0.000000000000000000e+00,0.000000000000000000e+00,0.000000000000000000e+00,0.000000000000000000e+00,0.000000000000000000e+00,0.000000000000000000e+00,0.000000000000000000e+00,0.000000000000000000e+00,4.659547209739685059e-01,2.819528579711914062e-01,4.798035919666290283e-01,2.992954850196838379e-01,3.070764243602752686e-01,4.194089025259017944e-02,4.084965586662292480e-01,1.819936484098434448e-01,4.713752865791320801e-02,-4.144504293799400330e-02,4.713752865791320801e-02,4.144504293799400330e-02,0.000000000000000000e+00,0.000000000000000000e+00,0.000000000000000000e+00,0.000000000000000000e+00,5.345223098993301392e-02,1.013081967830657959e-01,6.362114846706390381e-02,1.029919162392616272e-01,5.814785603433847427e-03,4.630078747868537903e-02,9.871013462543487549e-02,1.131384670734405518e-01,4.169476404786109924e-02,4.169476404786109924e-02,4.169476404786109924e-02,4.169476404786109924e-02,0.000000000000000000e+00,0.000000000000000000e+00,0.000000000000000000e+00,0.000000000000000000e+00,3.629870770964771509e-04,1.031457912176847458e-03,1.223072875291109085e-03,1.061382121406495571e-03,1.152181648649275303e-03,1.152181648649275303e-03,1.152181648649275303e-03,1.152181648649275303e-03,0.000000000000000000e+00,0.000000000000000000e+00,0.000000000000000000e+00,0.000000000000000000e+00,0.000000000000000000e+00,0.000000000000000000e+00,0.000000000000000000e+00,0.000000000000000000e+00
1.282801572233438492e-02,2.121220750268548727e-04,2.362553402781486511e-02,6.968978326767683029e-03,4.249388724565505981e-02,-4.708530032075941563e-04,1.246499270200729370e-01,5.213772505521774292e-02,4.722033627331256866e-03,-2.258020220324397087e-03,4.722033627331256866e-03,3.140935208648443222e-03,0.000000000000000000e+00,0.000000000000000000e+00,0.000000000000000000e+00,0.000000000000000000e+00,8.584862947463989258e-02,4.429442062973976135e-02,1.045387461781501770e-01,5.378444865345954895e-02,1.249602660536766052e-01,5.527641996741294861e-02,5.489584207534790039e-01,8.593057841062545776e-02,8.756601065397262573e-02,-1.473011635243892670e-02,8.756601065397262573e-02,2.658236958086490631e-02,0.000000000000000000e+00,0.000000000000000000e+00,0.000000000000000000e+00,0.000000000000000000e+00,2.196342311799526215e-02,1.241996511816978455e-02,2.253493480384349823e-02,1.345896720886230469e-02,1.120004281401634216e-01,-9.140109643340110779e-03,7.447746396064758301e-01,1.633647531270980835e-01,6.708920001983642578e-02,1.358317770063877106e-02,6.708920001983642578e-02,2.925417572259902954e-02,0.000000000000000000e+00,0.000000000000000000e+00,0.000000000000000000e+00,0.000000000000000000e+00,-3.421402652747929096e-04,-2.810441073961555958e-04,1.567655708640813828e-03,8.714909781701862812e-04,1.297230366617441177e-02,-2.378823468461632729e-03,7.748688757419586182e-02,2.293851040303707123e-02,1.006326731294393539e-02,5.169873475097119808e-04,1.006326731294393539e-02,1.279003685340285301e-03,0.000000000000000000e+00,0.000000000000000000e+00,0.000000000000000000e+00,0.000000000000000000e+00
1.758281607180833817e-03,2.166272024624049664e-04,2.779546193778514862e-03,1.934692380018532276e-03,3.719013882800936699e-03,3.004006342962384224e-03,4.649682343006134033e-02,8.314451202750205994e-03,3.104774467647075653e-02,-3.479322185739874840e-03,4.285177588462829590e-02,1.048222184181213379e-02,-3.069197991862893105e-04,-6.639203638769686222e-04,9.637461625970900059e-04,1.753972959704697132e-03,1.934419968165457249e-03,8.863773196935653687e-03,1.468122005462646484e-02,1.051906030625104904e-02,-2.044345140457153320e-01,3.634864091873168945e-02,2.418647259473800659e-01,6.279450654983520508e-02,4.113668501377105713e-01,-3.834089264273643494e-02,4.569053053855895996e-01,1.104511246085166931e-01,1.356186228804290295e-03,1.078332029283046722e-02,7.213043048977851868e-03,1.620279811322689056e-02,-8.335324935615062714e-03,2.020878950133919716e-03,9.743924252688884735e-03,4.934970289468765259e-03,-1.693953126668930054e-01,8.621258288621902466e-02,1.693953126668930054e-01,1.005608811974525452e-01,4.055709838867187500e-01,6.700991839170455933e-02,4.886984527111053467e-01,8.508469164371490479e-02,5.108914803713560104e-03,1.465773861855268478e-02,1.073309872299432755e-02,1.465773861855268478e-02,-2.092646667733788490e-03,5.343649536371231079e-04,2.092646667733788490e-03,5.343649536371231079e-04,-9.510205127298831940e-03,5.163704976439476013e-03,1.044392120093107224e-02,5.666180048137903214e-03,3.816723451018333435e-02,-1.448566466569900513e-02,6.016847491264343262e-02,2.132365852594375610e-02,-4.900735075352713466e-05,-1.313402317464351654e-04,1.032329513691365719e-03,2.062191924778744578e-04
2.631375798955559731e-03,2.399171644356101751e-04,2.751450752839446068e-03,9.831179631873965263e-04,2.767089381814002991e-02,-1.731749251484870911e-02,2.767089381814002991e-02,1.751128211617469788e-02,1.685015857219696045e-02,-6.005667150020599365e-03,1.685015857219696045e-02,6.710256449878215790e-03,3.443375171627849340e-04,9.991238766815513372e-05,3.443375171627849340e-04,2.700643963180482388e-04,5.508205853402614594e-03,-1.703224331140518188e-02,2.144868485629558563e-02,2.673853747546672821e-02,1.435855180025100708e-01,-6.599924713373184204e-02,1.455037295818328857e-01,8.579642325639724731e-02,2.272511273622512817e-01,-7.823153282515704632e-04,2.272511273622512817e-01,4.840628430247306824e-02,2.419099910184741020e-03,8.419813821092247963e-04,2.419099910184741020e-03,8.419813821092247963e-04,-2.954149059951305389e-02,-4.535927623510360718e-02,3.610622137784957886e-02,6.402605772018432617e-02,5.899356007575988770e-01,-7.671349495649337769e-02,5.899356007575988770e-01,2.270925194025039673e-01,1.013662144541740417e-01,9.712513536214828491e-02,1.313075274229049683e-01,1.014139577746391296e-01,1.130108605138957500e-03,-6.513158441521227360e-04,1.988377654924988747e-03,1.652001636102795601e-03,-1.067445240914821625e-02,1.162535790354013443e-02,1.184455770999193192e-02,1.172564085572957993e-02,9.571212530136108398e-02,-4.816906154155731201e-02,1.031475588679313660e-01,5.455835536122322083e-02,1.748405769467353821e-02,-1.716740056872367859e-02,2.877304330468177795e-02,2.051237970590591431e-02,2.739284827839583158e-04,-2.801977680064737797e-04,4.290374636184424162e-04,3.701281675603240728e-04
-7.592355366796255112e-03,2.571611199527978897e-03,8.041707798838615417e-03,2.696356503292918205e-03,6.424742192029953003e-02,-1.810996793210506439e-02,6.424742192029953003e-02,1.810996793210506439e-02,1.391772832721471786e-02,-4.738749936223030090e-03,1.404382754117250443e-02,5.013844463974237442e-03,-4.392806658870540559e-05,1.100504960049875081e-04,5.232216062722727656e-05,1.314733963226899505e-04,-9.381624311208724976e-02,2.937663160264492035e-02,9.426781535148620605e-02,2.945990860462188721e-02,2.251207679510116577e-01,-8.994339406490325928e-02,2.699687182903289795e-01,1.113548874855041504e-01,3.355859816074371338e-01,-8.288027346134185791e-02,3.431601524353027344e-01,9.229410439729690552e-02,-8.343268418684601784e-04,-1.096675172448158264e-03,8.343268418684601784e-04,2.755220513790845871e-03,-5.685358867049217224e-02,2.177261188626289368e-02,5.748187750577926636e-02,2.223272807896137238e-02,2.117461115121841431e-01,3.173590600490570068e-01,4.751999676227569580e-01,3.413271903991699219e-01,1.588510721921920776e-01,1.188361495733261108e-01,1.656137108802795410e-01,1.274017691612243652e-01,-1.117117237299680710e-03,-6.075044511817395687e-04,1.117117237299680710e-03,3.532139118760824203e-03,-5.054252687841653824e-04,-3.103983908658847213e-05,6.525926291942596436e-04,1.913130981847643852e-04,9.577642194926738739e-03,1.110348850488662720e-03,5.066241323947906494e-02,7.570535410195589066e-03,7.870351895689964294e-03,8.481046825181692839e-05,8.550290018320083618e-03,2.817398635670542717e-03,-2.560562097642105073e-05,4.278199921827763319e-04,2.560562097642105073e-05,4.414288268890231848e-04
9.918627329170703888e-04,-1.509001158410683274e-04,1.594653702341020107e-03,4.363319312687963247e-04,6.590227037668228149e-02,-1.778308302164077759e-02,7.136831432580947876e-02,1.875752024352550507e-02,3.027038881555199623e-03,-1.940284855663776398e-03,4.591332748532295227e-03,1.983598573133349419e-03,-3.731491597136482596e-05,2.351288458157796413e-05,8.089809125522151589e-05,4.865061055170372128e-05,1.201590523123741150e-02,1.535178627818822861e-02,1.346751209348440170e-02,2.391252852976322174e-02,2.308352738618850708e-01,-4.425885528326034546e-02,3.395354449748992920e-01,1.549808830022811890e-01,2.665490508079528809e-01,-8.702699095010757446e-02,2.668983936309814453e-01,8.702699095010757446e-02,6.826272001489996910e-04,-2.009421768889296800e-05,9.916394483298063278e-04,8.263248309958726168e-05,-2.694606082513928413e-03,-4.473107680678367615e-02,1.380909327417612076e-02,7.509410381317138672e-02,3.613427281379699707e-01,1.852803081274032593e-01,3.928435444831848145e-01,4.341718554496765137e-01,2.240890711545944214e-01,9.387578815221786499e-02,2.243797779083251953e-01,9.699621051549911499e-02,6.702266982756555080e-04,9.747361764311790466e-05,7.054002489894628525e-04,7.207922171801328659e-04,6.326940841972827911e-03,1.625514775514602661e-02,6.359588354825973511e-03,1.631899178028106689e-02,1.426977105438709259e-02,2.570523135364055634e-02,1.436770427972078323e-02,2.655127272009849548e-02,8.752363501116633415e-04,-7.014579023234546185e-05,1.299508847296237946e-03,9.598647011443972588e-04,4.689474735641852021e-05,-1.564557351230178028e-05,4.689474735641852021e-05,1.952790444192942232e-05
7.674256805330514908e-03,6.597568280994892120e-03,1.198888383805751801e-02,6.970906164497137070e-03,3.554281592369079590e-02,3.193030715920031071e-04,8.585594594478607178e-02,1.588787883520126343e-02,8.385915309190750122e-03,4.425516235642135143e-04,9.684588760137557983e-03,3.120445413514971733e-03,1.556321658426895738e-04,1.139932719524949789e-04,2.298365434398874640e-04,3.717602812685072422e-04,1.001353655010461807e-02,8.736204355955123901e-03,1.613530516624450684e-02,1.282651349902153015e-02,-6.456648558378219604e-02,1.284885853528976440e-01,4.931195676326751709e-01,2.291654199361801147e-01,2.952558696269989014e-01,-1.505019329488277435e-02,3.223229646682739258e-01,7.377159595489501953e-02,-8.360455394722521305e-04,2.718076575547456741e-04,1.429028226993978024e-03,1.149266958236694336e-03,-3.816993907094001770e-03,-2.145350677892565727e-03,1.110551226884126663e-02,5.683861672878265381e-03,9.316375479102134705e-03,-5.735354870557785034e-02,5.468029975891113281e-01,2.084840983152389526e-01,2.437609881162643433e-01,7.744919043034315109e-03,2.585346698760986328e-01,1.769189909100532532e-02,1.719332940410822630e-04,-4.444537335075438023e-04,1.267965300939977169e-03,7.834013085812330246e-04,-3.307894803583621979e-04,-3.155970480293035507e-04,1.204238622449338436e-03,4.391959810163825750e-04,-6.798462476581335068e-03,-1.976068830117583275e-03,4.181856289505958557e-02,1.320081576704978943e-02,3.354999050498008728e-02,-2.689085667952895164e-03,3.421918675303459167e-02,3.932413645088672638e-03,-1.133023179136216640e-04,1.711646837065927684e-05,3.044038603547960520e-04,8.684213389642536640e-05
-6.463840138167142868e-03,1.290410291403532028e-04,7.232512347400188446e-03,1.938751083798706532e-03,5.231689289212226868e-02,2.507721539586782455e-03,7.145538181066513062e-02,4.596071783453226089e-03,2.256817929446697235e-02,7.594579365104436874e-04,2.256817929446697235e-02,8.248944068327546120e-04,0.000000000000000000e+00,0.000000000000000000e+00,0.000000000000000000e+00,0.000000000000000000e+00,-5.615519359707832336e-02,1.180202979594469070e-02,5.633227154612541199e-02,1.197754684835672379e-02,3.639381229877471924e-01,-1.609146781265735626e-02,5.413992404937744141e-01,3.786766529083251953e-02,1.368922740221023560e-01,2.678432734683156013e-03,1.368922740221023560e-01,1.055179815739393234e-02,0.000000000000000000e+00,0.000000000000000000e+00,0.000000000000000000e+00,0.000000000000000000e+00,-6.503376364707946777e-02,8.093824610114097595e-03,6.503376364707946777e-02,1.058887876570224762e-02,3.435542881488800049e-01,3.228436410427093506e-02,5.911374688148498535e-01,5.465387180447578430e-02,1.231598556041717529e-01,2.057504374533891678e-03,1.231598556041717529e-01,1.600090041756629944e-02,0.000000000000000000e+00,0.000000000000000000e+00,0.000000000000000000e+00,0.000000000000000000e+00,-1.316956151276826859e-02,-3.281831042841076851e-03,1.316956151276826859e-02,3.676518099382519722e-03,5.370208993554115295e-02,-6.169012747704982758e-03,6.729368865489959717e-02,9.095506742596626282e-03,2.128214575350284576e-02,-3.112485865131020546e-04,2.128214575350284576e-02,1.374230370856821537e-03,0.000000000000000000e+00,0.000000000000000000e+00,0.000000000000000000e+00,0.000000000000000000e+00
-3.072323743253946304e-03,4.556319210678339005e-03,7.327783387154340744e-03,4.715468268841505051e-03,6.788278371095657349e-02,-1.622190885245800018e-02,8.609355241060256958e-02,1.844886317849159241e-02,1.126513443887233734e-02,-2.445684047415852547e-03,1.126513443887233734e-02,2.445684047415852547e-03,0.000000000000000000e+00,0.000000000000000000e+00,0.000000000000000000e+00,0.000000000000000000e+00,-8.622914552688598633e-03,-2.726032584905624390e-02,2.224355936050415039e-02,2.797001414000988007e-02,4.203593730926513672e-01,-5.041502043604850769e-02,4.719518721103668213e-01,7.466883212327957153e-02,2.039608359336853027e-01,-1.786847598850727081e-02,2.039608359336853027e-01,1.786847598850727081e-02,0.000000000000000000e+00,0.000000000000000000e+00,0.000000000000000000e+00,0.000000000000000000e+00,-4.179048910737037659e-02,3.481832519173622131e-02,6.209459528326988220e-02,3.481832519173622131e-02,4.245499074459075928e-01,6.111166253685951233e-02,4.500695466995239258e-01,6.296903640031814575e-02,2.042609751224517822e-01,1.396924816071987152e-02,2.042609751224517822e-01,2.208728529512882233e-02,0.000000000000000000e+00,0.000000000000000000e+00,0.000000000000000000e+00,0.000000000000000000e+00,-8.783931843936443329e-03,-2.694188151508569717e-03,1.354054547846317291e-02,3.621987299993634224e-03,6.553652137517929077e-02,5.431729368865489960e-03,7.422088086605072021e-02,7.110187318176031113e-03,1.852995902299880981e-02,-9.632951696403324604e-05,1.852995902299880981e-02,1.495879841968417168e-03,0.000000000000000000e+00,0.000000000000000000e+00,0.000000000000000000e+00,0.000000000000000000e+00
5.754100624471902847e-03,-2.969848224893212318e-03,6.532837636768817902e-03,3.349843434989452362e-03,5.250094458460807800e-02,-9.370556101202964783e-03,7.214514166116714478e-02,1.849294267594814301e-02,-1.469433773308992386e-02,8.934609591960906982e-03,2.515357360243797302e-02,1.270324178040027618e-02,7.216529455035924911e-03,1.002238248474895954e-03,7.262570783495903015e-03,2.337273210287094116e-03,1.595685258507728577e-02,-5.951249040663242340e-03,2.469022385776042938e-02,1.000574789941310883e-02,2.977228760719299316e-01,-1.852191798388957977e-02,3.621694743633270264e-01,2.483385056257247925e-01,1.714279651641845703e-01,4.024134203791618347e-02,1.994465589523315430e-01,2.964195311069488525e-01,1.177368406206369400e-02,7.507689762860536575e-03,1.408036239445209503e-02,1.138846483081579208e-02,2.532266313210129738e-03,2.287033013999462128e-03,4.944461863487958908e-03,7.928085513412952423e-03,2.596478164196014404e-01,-1.111844703555107117e-01,3.047996461391448975e-01,2.210938930511474609e-01,2.651233971118927002e-01,-2.520265579223632812e-01,3.115577101707458496e-01,2.969762086868286133e-01,1.120393048040568829e-03,-1.901019737124443054e-02,1.315521728247404099e-02,2.673032507300376892e-02,5.101308925077319145e-04,-3.212701121810823679e-04,8.888616575859487057e-04,7.852870621718466282e-04,1.294776890426874161e-02,1.416012551635503769e-02,3.220234066247940063e-02,3.060311637818813324e-02,1.134935114532709122e-02,-1.614554598927497864e-02,3.653701767325401306e-02,4.615443199872970581e-02,4.436790477484464645e-03,3.516401629894971848e-03,6.828201469033956528e-03,7.547751069068908691e-03
6.947938818484544754e-03,-1.771204988472163677e-04,9.076827205717563629e-03,2.240596571937203407e-03,3.441128879785537720e-02,-1.274857576936483383e-02,4.679075628519058228e-02,3.071533143520355225e-02,-1.997574046254158020e-02,-9.593815542757511139e-03,2.307412400841712952e-02,1.928064227104187012e-02,0.000000000000000000e+00,-3.025924321264028549e-03,0.000000000000000000e+00,3.545700572431087494e-03,2.174787595868110657e-02,1.591573585756123066e-03,3.798752650618553162e-02,1.516566704958677292e-02,3.442567586898803711e-01,-4.847581294598057866e-06,3.655772507190704346e-01,1.802697926759719849e-01,-9.469575434923171997e-02,1.598306931555271149e-02,1.905399113893508911e-01,2.298711687326431274e-01,0.000000000000000000e+00,4.110610112547874451e-03,0.000000000000000000e+00,2.997190319001674652e-02,-1.113590551540255547e-03,-1.454797293990850449e-02,1.020606607198715210e-02,1.514761988073587418e-02,4.658217728137969971e-01,-8.151374012231826782e-02,4.692451953887939453e-01,1.251432597637176514e-01,-2.086499482393264771e-01,-2.389930002391338348e-02,2.582335770130157471e-01,1.553474366664886475e-01,0.000000000000000000e+00,-1.049488876014947891e-02,0.000000000000000000e+00,3.354227542877197266e-02,4.734407993964850903e-04,1.952015212737023830e-03,2.582836896181106567e-03,2.202513162046670914e-03,5.787231773138046265e-02,1.700259745121002197e-02,5.858415365219116211e-02,1.916137896478176117e-02,-1.931039802730083466e-02,-5.531729198992252350e-03,5.003500357270240784e-02,3.469998389482498169e-02,0.000000000000000000e+00,-6.733502727001905441e-03,0.000000000000000000e+00,8.812606334686279297e-03
-3.072323743253946304e-03,4.556319210678339005e-03,7.327783387154340744e-03,4.715468268841505051e-03,6.788278371095657349e-02,-1.622190885245800018e-02,8.609355241060256958e-02,1.844886317849159241e-02,1.126513443887233734e-02,-2.445684047415852547e-03,1.126513443887233734e-02,2.445684047415852547e-03,0.000000000000000000e+00,0.000000000000000000e+00,0.000000000000000000e+00,0.000000000000000000e+00,-8.622914552688598633e-03,-2.726032584905624390e-02,2.224355936050415039e-02,2.797001414000988007e-02,4.203593730926513672e-01,-5.041502043604850769e-02,4.719518721103668213e-01,7.466883212327957153e-02,2.039608359336853027e-01,-1.786847598850727081e-02,2.039608359336853027e-01,1.786847598850727081e-02,0.000000000000000000e+00,0.000000000000000000e+00,0.000000000000000000e+00,0.000000000000000000e+00,-4.179048910737037659e-02,3.481832519173622131e-02,6.209459528326988220e-02,3.481832519173622131e-02,4.245499074459075928e-01,6.111166253685951233e-02,4.500695466995239258e-01,6.296903640031814575e-02,2.042609751224517822e-01,1.396924816071987152e-02,2.042609751224517822e-01,2.208728529512882233e-02,0.000000000000000000e+00,0.000000000000000000e+00,0.000000000000000000e+00,0.000000000000000000e+00,-8.783931843936443329e-03,-2.694188151508569717e-03,1.354054547846317291e-02,3.621987299993634224e-03,6.553652137517929077e-02,5.431729368865489960e-03,7.422088086605072021e-02,7.110187318176031113e-03,1.852995902299880981e-02,-9.632951696403324604e-05,1.852995902299880981e-02,1.495879841968417168e-03,0.000000000000000000e+00,0.000000000000000000e+00,0.000000000000000000e+00,0.000000000000000000e+00
1.271038781851530075e-02,-1.100497692823410034e-02,1.287040300667285919e-02,1.102498359978199005e-02,6.898229010403156281e-03,-4.613049328327178955e-03,6.952498108148574829e-03,5.390071310102939606e-03,-1.732906530378386378e-04,-1.526957566966302693e-05,1.467064837925136089e-03,1.179893733933568001e-03,-1.281007735087769106e-05,-3.736456710612401366e-05,1.281007735087769106e-05,3.736456710612401366e-05,2.603731863200664520e-02,-2.198589779436588287e-02,2.991800568997859955e-02,2.250407449901103973e-02,4.032762348651885986e-01,-1.821431517601013184e-01,4.245513677597045898e-01,1.821431517601013184e-01,1.685384847223758698e-02,-6.579651031643152237e-03,1.977170631289482117e-02,1.479350216686725616e-02,8.518901449861004949e-05,4.661345446947962046e-04,8.518901449861004949e-05,4.661345446947962046e-04,-1.019777543842792511e-02,1.984918490052223206e-02,1.753436587750911713e-02,2.008692733943462372e-02,5.183159112930297852e-01,1.025120094418525696e-01,5.331445336341857910e-01,1.400821655988693237e-01,1.176916621625423431e-02,1.127585768699645996e-02,1.176916621625423431e-02,1.176916621625423431e-02,0.000000000000000000e+00,0.000000000000000000e+00,0.000000000000000000e+00,0.000000000000000000e+00,6.737416610121726990e-03,1.229729596525430679e-02,6.866193842142820358e-03,1.237410958856344223e-02,1.882156915962696075e-02,1.704105176031589508e-02,2.045007050037384033e-02,1.761440746486186981e-02,1.365684787742793560e-03,-3.329249448142945766e-04,1.365684787742793560e-03,6.538251182064414024e-04,0.000000000000000000e+00,0.000000000000000000e+00,0.000000000000000000e+00,0.000000000000000000e+00
1.015788642689585686e-03,-3.292305860668420792e-03,1.235772157087922096e-03,4.893552511930465698e-03,-7.070262799970805645e-04,3.719506086781620979e-03,1.150724943727254868e-03,3.719506086781620979e-03,1.555531751364469528e-03,5.133115337230265141e-04,1.555531751364469528e-03,6.709561566822230816e-04,3.766228619497269392e-04,5.424902701633982360e-05,3.766228619497269392e-04,5.424902701633982360e-05,-1.823873072862625122e-02,-4.121436551213264465e-02,1.225431710481643677e-01,1.376636028289794922e-01,3.462135195732116699e-01,-1.351762413978576660e-01,4.338335394859313965e-01,2.743071913719177246e-01,1.689146831631660461e-02,-7.118318974971771240e-02,6.627228856086730957e-02,1.387927830219268799e-01,3.592338413000106812e-03,-2.413713227724656463e-04,3.592338413000106812e-03,2.951177302747964859e-03,1.388435959815979004e-01,-1.090701445937156677e-01,2.253994196653366089e-01,1.378811597824096680e-01,3.448356986045837402e-01,1.101135015487670898e-01,4.763351082801818848e-01,2.067421972751617432e-01,5.454287305474281311e-02,6.531979888677597046e-02,7.599302381277084351e-02,1.090946421027183533e-01,3.645902732387185097e-03,2.513574727345257998e-04,3.645902732387185097e-03,1.362805953249335289e-03,4.607879742980003357e-02,1.073201280087232590e-02,5.571721866726875305e-02,1.232684403657913208e-02,1.857794262468814850e-02,6.064672488719224930e-03,2.718929387629032135e-02,7.570366375148296356e-03,1.780259888619184494e-03,4.480816714931279421e-04,1.780259888619184494e-03,1.532412599772214890e-03,3.943456104025244713e-04,7.074766472214832902e-05,3.943456104025244713e-04,8.102790889097377658e-05
4.494769091252237558e-04,1.757258360157720745e-05,1.673739287070930004e-03,6.686667911708354950e-04,-2.109747566282749176e-02,8.772679575486108661e-05,3.555091470479965210e-02,4.105049185454845428e-03,3.172463178634643555e-02,3.560391487553715706e-04,3.203988820314407349e-02,2.137188566848635674e-03,5.081259296275675297e-04,8.175076072802767158e-05,5.081259296275675297e-04,1.095650877687148750e-04,3.449400188401341438e-03,-5.230018869042396545e-04,1.929780840873718262e-02,2.906732028350234032e-03,-2.582361996173858643e-01,-3.768828511238098145e-02,3.210789561271667480e-01,4.390738159418106079e-02,3.526717126369476318e-01,3.437874838709831238e-03,3.593205809593200684e-01,4.304238408803939819e-02,4.572595644276589155e-04,-9.878567652776837349e-04,4.572595644276589155e-04,1.902375719510018826e-03,3.937063273042440414e-03,7.745458860881626606e-04,1.687741279602050781e-02,2.507642842829227448e-03,-3.086570203304290771e-01,-4.050998389720916748e-02,3.330518007278442383e-01,4.608401283621788025e-02,4.157403707504272461e-01,-8.237815462052822113e-03,4.180234074592590332e-01,2.406952157616615295e-02,-1.291821710765361786e-03,-1.798725803382694721e-03,1.291821710765361786e-03,1.798725803382694721e-03,4.820055910386145115e-04,-5.700642941519618034e-04,1.311733038164675236e-03,8.668556693010032177e-04,-2.851443737745285034e-02,-6.911429576575756073e-03,5.644735693931579590e-02,8.018600754439830780e-03,4.790581390261650085e-02,5.754603073000907898e-03,4.868608340620994568e-02,6.053488701581954956e-03,-3.105882206000387669e-04,4.102673265151679516e-04,3.505741478875279427e-04,4.767501959577202797e-04
8.265543729066848755e-03,-3.379211761057376862e-03,1.047889143228530884e-02,5.582212936133146286e-03,4.685295862145721912e-04,-9.383001597598195076e-04,8.862163522280752659e-04,2.009566640481352806e-03,-9.389072074554860592e-04,3.802420687861740589e-04,2.606134396046400070e-03,1.430990640074014664e-03,-1.863080433395225555e-05,-2.461624717398080975e-05,1.863080433395225555e-05,2.461624717398080975e-05,2.065929919481277466e-01,-5.766748264431953430e-02,2.207088768482208252e-01,6.306583434343338013e-02,-1.670403219759464264e-02,3.159476444125175476e-02,1.165262982249259949e-01,7.634351402521133423e-02,-1.779998466372489929e-02,2.094086818397045135e-02,2.882240712642669678e-02,2.821783348917961121e-02,-1.207526889629662037e-03,1.056500594131648540e-03,1.207526889629662037e-03,1.056500594131648540e-03,1.475031822919845581e-01,-8.812839537858963013e-02,1.662029474973678589e-01,9.208206832408905029e-02,4.231214225292205811e-01,-2.367005199193954468e-01,6.118465065956115723e-01,4.076220095157623291e-01,-2.535413205623626709e-02,-1.272569410502910614e-02,4.882609471678733826e-02,5.583338439464569092e-02,-1.351914717815816402e-03,1.462027779780328274e-03,1.509167486801743507e-03,1.478463178500533104e-03,4.432040266692638397e-03,4.376559518277645111e-03,1.099491026252508163e-02,6.982903461903333664e-03,9.604194015264511108e-02,-3.755949065089225769e-02,1.107534989714622498e-01,8.157171308994293213e-02,4.916681442409753799e-03,-6.469212006777524948e-03,2.137196622788906097e-02,1.404238678514957428e-02,1.534558396087959409e-04,-5.525708274944918230e-06,7.277820259332656860e-04,6.359722465276718140e-04
-8.286449010483920574e-04,-2.582918386906385422e-04,9.618021431379020214e-04,3.690655576065182686e-04,-9.213988669216632843e-03,-3.583690617233514786e-03,1.264533307403326035e-02,3.981431014835834503e-03,2.715139836072921753e-02,1.055157184600830078e-02,3.326557204127311707e-02,1.325643714517354965e-02,-7.945419638417661190e-04,-3.625863464549183846e-04,1.022210228256881237e-03,3.979447064921259880e-04,-2.428832091391086578e-02,-6.964594125747680664e-03,2.494966611266136169e-02,7.927487604320049286e-03,-9.928585588932037354e-02,-2.708592712879180908e-01,2.196709662675857544e-01,2.859904766082763672e-01,3.549074828624725342e-01,-1.767638176679611206e-01,3.779153525829315186e-01,1.775884330272674561e-01,-1.647648750804364681e-03,5.038948729634284973e-03,3.592236898839473724e-03,5.038948729634284973e-03,-3.678273409605026245e-02,7.280924823135137558e-03,3.721883893013000488e-02,1.088140625506639481e-02,-7.091679424047470093e-02,2.194999158382415771e-01,1.631312370300292969e-01,2.365125268697738647e-01,3.743762373924255371e-01,1.204617768526077271e-01,3.743762373924255371e-01,1.254431158304214478e-01,2.092862268909811974e-03,1.901593641377985477e-03,3.390429308637976646e-03,3.147003008052706718e-03,2.797011402435600758e-04,8.545306627638638020e-04,3.397179243620485067e-04,1.272164401598274708e-03,1.337302615866065025e-03,2.798946015536785126e-02,1.488216593861579895e-02,2.823518402874469757e-02,8.541163988411426544e-03,8.713613264262676239e-03,8.730909787118434906e-03,8.857046253979206085e-03,2.597856509964913130e-04,2.843924157787114382e-04,2.977744152303785086e-04,2.859934756997972727e-04
3.182790806022239849e-06,-1.569388987263664603e-04,4.688329136115498841e-05,1.583318808116018772e-04,-2.829851873684674501e-04,-4.213929641991853714e-04,2.829851873684674501e-04,4.213929641991853714e-04,-5.877896328456699848e-04,-4.046731919515877962e-04,1.493731630034744740e-03,1.381157548166811466e-03,2.139235039066988975e-05,-4.070628165209200233e-06,2.406731364317238331e-04,5.434927879832684994e-04,-4.744671285152435303e-03,-8.002462796866893768e-03,5.619975738227367401e-03,8.338672108948230743e-03,-1.439943313598632812e-01,-4.079813957214355469e-01,1.445744335651397705e-01,4.079813957214355469e-01,1.869392842054367065e-01,-2.070580869913101196e-01,1.941820979118347168e-01,2.106419354677200317e-01,4.717843257822096348e-04,-1.505938242189586163e-03,2.452885964885354042e-03,5.477543454617261887e-03,-1.698293164372444153e-02,-6.253256648778915405e-02,1.794081553816795349e-02,6.253256648778915405e-02,-1.524819154292345047e-02,-5.103329569101333618e-02,1.299449950456619263e-01,1.134171709418296814e-01,4.367977380752563477e-01,1.313337087631225586e-01,4.371041059494018555e-01,1.313337087631225586e-01,8.339243358932435513e-04,2.615595003589987755e-03,1.225963118486106396e-03,2.620511222630739212e-03,5.180463776923716068e-04,3.950432408601045609e-03,8.381511433981359005e-04,4.094197880476713181e-03,4.550679400563240051e-02,3.741130977869033813e-02,4.651473835110664368e-02,3.810977190732955933e-02,1.775768771767616272e-02,1.003018114715814590e-02,1.781558990478515625e-02,1.015003770589828491e-02,-1.997006074816454202e-05,-4.101386730326339602e-05,7.588585140183568001e-05,9.890106593957170844e-05
4.301255568861961365e-03,-4.825513809919357300e-03,4.456841852515935898e-03,5.360585171729326248e-03,-1.101756002753973007e-02,-1.002720650285482407e-02,2.974741719663143158e-02,1.211566012352705002e-02,1.715322211384773254e-02,7.515385281294584274e-03,4.722498357295989990e-02,3.019423969089984894e-02,1.332927378825843334e-03,1.918296562507748604e-03,3.196329809725284576e-03,2.231414895504713058e-03,1.785441674292087555e-02,-1.963932625949382782e-02,4.484174400568008423e-02,2.788570336997509003e-02,-5.133034661412239075e-02,-1.704547088593244553e-03,4.323019385337829590e-01,1.096073314547538757e-01,3.514136373996734619e-01,1.472441107034683228e-02,3.982689678668975830e-01,1.686537861824035645e-01,2.023924514651298523e-02,1.007024198770523071e-02,2.304815128445625305e-02,1.665752753615379333e-02,1.598915830254554749e-02,2.061516046524047852e-02,4.254639148712158203e-02,2.344060875475406647e-02,8.548025786876678467e-02,1.404528021812438965e-01,3.934643566608428955e-01,1.986842602491378784e-01,1.670028120279312134e-01,-2.198459208011627197e-02,4.091398119926452637e-01,2.052521109580993652e-01,-1.822215621359646320e-03,-1.373209059238433838e-02,2.727230638265609741e-02,3.846491873264312744e-02,4.444540012627840042e-03,6.745213177055120468e-03,5.560874007642269135e-03,7.765526417642831802e-03,1.912528648972511292e-02,-9.974971413612365723e-03,6.525380164384841919e-02,2.982222102582454681e-02,-1.810225099325180054e-02,2.546517178416252136e-02,6.985583156347274780e-02,3.998279199004173279e-02,4.616622347384691238e-03,5.987934768199920654e-03,4.850507713854312897e-03,6.523585878312587738e-03
-3.314573259558528662e-04,-6.502383039332926273e-04,9.540303144603967667e-04,8.628540672361850739e-04,1.017094869166612625e-02,-2.453154884278774261e-04,5.439472198486328125e-02,2.250795625150203705e-02,7.840190082788467407e-03,4.205240402370691299e-03,8.146209642291069031e-03,4.395703319460153580e-03,-1.146160284406505525e-04,-7.924479723442345858e-05,2.806227712426334620e-04,1.385787909384816885e-04,-6.485097110271453857e-02,-6.730597466230392456e-02,6.525925546884536743e-02,6.739436835050582886e-02,4.470256865024566650e-01,-1.416291445493698120e-01,5.492495894432067871e-01,1.823641806840896606e-01,2.229715511202812195e-02,-1.071436912752687931e-03,4.065765440464019775e-02,4.174742102622985840e-02,1.219514990225434303e-03,4.197791568003594875e-04,1.219514990225434303e-03,4.197791568003594875e-04,6.376553326845169067e-03,5.761755630373954773e-02,2.189224585890769958e-02,8.642753958702087402e-02,2.984578907489776611e-01,2.911454737186431885e-01,3.717427551746368408e-01,3.055594861507415771e-01,3.302269801497459412e-02,1.981735462322831154e-03,3.456092625856399536e-02,1.928341574966907501e-02,1.438430510461330414e-03,-2.776456312858499587e-05,1.457899576053023338e-03,5.041054682806134224e-04,1.969680888578295708e-04,-2.345748245716094971e-03,6.049533840268850327e-04,2.644303953275084496e-03,3.415945451706647873e-03,-1.152756251394748688e-02,5.997208878397941589e-03,1.540384441614151001e-02,2.499681198969483376e-03,-8.910314179956912994e-03,3.105141920968890190e-03,1.015042234212160110e-02,2.816033374983817339e-04,-7.978999055922031403e-04,2.992896770592778921e-04,8.385711698792874813e-04
8.558350236853584647e-05,3.904224431607872248e-04,6.668079295195639133e-04,1.691129640676081181e-03,2.433144859969615936e-02,1.055569853633642197e-02,2.696024999022483826e-02,2.061191573739051819e-02,-9.725538548082113266e-04,-5.134286475367844105e-04,6.864234060049057007e-02,1.894478127360343933e-02,-2.487198682501912117e-03,-1.303627621382474899e-03,2.639149315655231476e-03,1.377209788188338280e-03,1.535417279228568077e-03,-3.173308447003364563e-03,2.227583201602101326e-03,5.832287948578596115e-03,1.488884836435317993e-01,2.516317740082740784e-02,1.679987311363220215e-01,2.040826529264450073e-01,-1.833624951541423798e-02,9.979623556137084961e-02,5.893522500991821289e-01,2.214098274707794189e-01,1.373405940830707550e-02,2.005953341722488403e-02,1.522797346115112305e-02,2.200084179639816284e-02,8.277668384835124016e-04,8.279902976937592030e-04,1.848309300839900970e-03,3.553689224645495415e-03,1.508808135986328125e-01,-8.488912135362625122e-02,1.602989733219146729e-01,1.049542650580406189e-01,1.609019190073013306e-01,-1.654109917581081390e-02,5.649188160896301270e-01,2.558490335941314697e-01,1.906522549688816071e-02,1.884847879409790039e-02,4.448260366916656494e-02,5.706134811043739319e-02,1.801521284505724907e-04,1.399634056724607944e-04,2.950813504867255688e-04,3.846646577585488558e-04,-5.190717638470232487e-05,4.813415871467441320e-04,2.161490730941295624e-03,2.976201241835951805e-03,2.773521468043327332e-02,-4.245407879352569580e-02,6.676957756280899048e-02,4.283400997519493103e-02,-1.414441852830350399e-03,-6.085825618356466293e-03,1.528823864646255970e-03,6.163415964692831039e-03
-6.486271508038043976e-03,7.390445098280906677e-04,6.491153966635465622e-03,1.164635526947677135e-03,-5.110696074552834034e-04,-8.348594419658184052e-04,4.507417324930429459e-03,1.673707156442105770e-03,8.093056082725524902e-02,-6.964816711843013763e-03,8.256305754184722900e-02,7.971180602908134460e-03,3.047487931326031685e-03,-1.130119635490700603e-04,3.221778431907296181e-03,8.716047159396111965e-04,-4.160299897193908691e-02,-9.099666029214859009e-03,4.225059598684310913e-02,1.211880147457122803e-02,1.475639641284942627e-03,4.927042871713638306e-03,3.341042250394821167e-02,3.173358365893363953e-02,5.604701638221740723e-01,6.197799369692802429e-02,5.785647630691528320e-01,8.443949371576309204e-02,1.630376279354095459e-02,-1.958652585744857788e-02,1.654217764735221863e-02,2.104929834604263306e-02,-1.249633636325597763e-02,-5.464118439704179764e-03,1.279318053275346756e-02,6.424119230359792709e-03,1.323567610234022141e-02,-9.638627059757709503e-03,2.507533878087997437e-02,1.689364016056060791e-02,3.453418314456939697e-01,-1.218175813555717468e-01,3.668436110019683838e-01,1.822597980499267578e-01,3.074315190315246582e-02,-8.220063894987106323e-02,3.074315190315246582e-02,8.220063894987106323e-02,-8.217950380640104413e-05,9.288784349337220192e-05,1.688129559624940157e-04,1.854055153671652079e-04,2.560199704021215439e-03,2.015799283981323242e-03,4.215638618916273117e-03,2.560303779318928719e-03,8.184311911463737488e-03,-6.773240864276885986e-03,8.956540375947952271e-03,1.231820229440927505e-02,2.079432364553213120e-03,-4.124052356928586960e-03,2.133414382115006447e-03,4.192135296761989594e-03
-3.436799859628081322e-03,1.942719565704464912e-03,6.472489330917596817e-03,2.571760909631848335e-03,6.006093323230743408e-02,-9.603227488696575165e-03,6.270477175712585449e-02,1.383443176746368408e-02,1.529617817141115665e-03,2.423974656267091632e-04,6.173977628350257874e-03,2.993616508319973946e-03,8.650755626149475574e-05,-1.250915465789148584e-05,2.856744395103305578e-04,2.466185542289167643e-04,-5.992253497242927551e-02,1.344404555857181549e-02,6.032077595591545105e-02,1.582172513008117676e-02,5.003641843795776367e-01,-7.900484651327133179e-02,5.447238087654113770e-01,9.014192968606948853e-02,2.572959102690219879e-02,-1.813910715281963348e-02,4.187756404280662537e-02,3.837551176548004150e-02,1.040169008774682879e-04,2.359850477660074830e-04,1.040169008774682879e-04,2.359850477660074830e-04,-5.919346213340759277e-02,4.827864840626716614e-02,5.932542681694030762e-02,4.827864840626716614e-02,3.796047866344451904e-01,1.867420375347137451e-01,4.351019859313964844e-01,1.917646229267120361e-01,2.385802753269672394e-02,1.916116848587989807e-02,2.494874410331249237e-02,2.025188505649566650e-02,0.000000000000000000e+00,0.000000000000000000e+00,0.000000000000000000e+00,0.000000000000000000e+00,-2.229339588666334748e-04,1.379359629936516285e-03,3.081952454522252083e-04,1.381239737384021282e-03,6.111483671702444553e-04,2.033209195360541344e-03,1.873045112006366253e-03,2.033209195360541344e-03,-4.413894566823728383e-05,4.413894566823728383e-05,4.413894566823728383e-05,4.413894566823728383e-05,0.000000000000000000e+00,0.000000000000000000e+00,0.000000000000000000e+00,0.000000000000000000e+00
9.161223657429218292e-03,2.032691845670342445e-03,1.086778100579977036e-02,6.627067923545837402e-03,1.305490639060735703e-02,-1.415938138961791992e-02,1.344546210020780563e-02,1.481547113507986069e-02,2.175683621317148209e-04,-5.584825994446873665e-04,1.360798254609107971e-03,1.398153835907578468e-03,1.185723886010237038e-04,-1.851008273661136627e-04,1.185723886010237038e-04,2.051161427516490221e-04,2.887359121814370155e-03,-2.271666936576366425e-02,3.246587142348289490e-02,4.868421331048011780e-02,1.399772763252258301e-01,-3.045470714569091797e-01,4.068430662155151367e-01,3.131094574928283691e-01,2.527178525924682617e-01,-6.674275547266006470e-02,2.563301920890808105e-01,7.039208710193634033e-02,-8.526317542418837547e-04,-3.727982693817466497e-04,2.245251089334487915e-03,3.219297621399164200e-03,-2.212658524513244629e-02,-1.177708338946104050e-02,2.536511234939098358e-02,4.720054194331169128e-02,3.339302539825439453e-01,1.540919840335845947e-01,4.515213966369628906e-01,1.957431882619857788e-01,1.877921968698501587e-01,7.177133113145828247e-02,1.999085098505020142e-01,8.873121440410614014e-02,5.213467738940380514e-05,-1.722315064398571849e-04,2.589066745713353157e-03,2.774497959762811661e-03,-1.017148897517472506e-04,4.653043113648891449e-03,7.580897654406726360e-04,5.056245252490043640e-03,5.992199108004570007e-02,4.243893548846244812e-02,6.035790219902992249e-02,4.255835339426994324e-02,-6.333352648653090000e-04,4.630653711501508951e-05,2.792062005028128624e-03,4.005849827080965042e-03,2.684160608623642474e-05,-1.592354237800464034e-04,4.547987773548811674e-04,5.977237597107887268e-04
4.817496519535779953e-04,-9.952767752110958099e-03,4.919769708067178726e-04,9.979473426938056946e-03,2.876271866261959076e-02,-4.626040533185005188e-02,2.898619323968887329e-02,4.648319631814956665e-02,-1.024446170777082443e-02,-7.764963898807764053e-03,1.139293517917394638e-02,8.983741514384746552e-03,-9.210473508574068546e-04,-9.663484990596771240e-03,1.227660803124308586e-03,9.924707934260368347e-03,3.134593716822564602e-04,-1.682832808000966907e-04,1.102977199479937553e-03,1.375947496853768826e-03,2.698895931243896484e-01,-3.641067072749137878e-02,2.780441939830780029e-01,1.610182076692581177e-01,-9.435258805751800537e-02,-7.103376090526580811e-02,3.387808799743652344e-01,3.069022893905639648e-01,-5.273708608001470566e-03,-5.022837780416011810e-03,5.610746797174215317e-03,5.862027872353792191e-03,8.656821446493268013e-04,1.615462679183110595e-04,1.524969586171209812e-03,1.290069078095257282e-03,2.692396044731140137e-01,-4.254163056612014771e-02,2.749388515949249268e-01,8.239155262708663940e-02,-1.884599477052688599e-01,-1.332588195800781250e-01,5.237264037132263184e-01,3.196472525596618652e-01,-3.325671423226594925e-04,3.302987606730312109e-04,1.860602525994181633e-03,9.855226380750536919e-04,2.615949779283255339e-04,1.283390611206414178e-05,4.035211168229579926e-04,2.176719681301619858e-05,-8.563050650991499424e-04,2.793415114865638316e-05,1.131450408138334751e-03,4.207293750368990004e-05,1.146525796502828598e-02,9.411112114321440458e-05,7.916904240846633911e-02,1.618379610590636730e-04,5.404881085269153118e-05,-2.848645863195997663e-06,2.524816081859171391e-04,4.770406121679116040e-06
4.196044057607650757e-03,1.261885743588209152e-03,4.196044057607650757e-03,1.492604264058172703e-03,7.275729440152645111e-03,1.058775465935468674e-02,1.827855035662651062e-02,1.552770473062992096e-02,-8.532065898180007935e-02,1.816215924918651581e-02,8.715181052684783936e-02,2.652075141668319702e-02,-6.584133207798004150e-02,1.945053413510322571e-02,6.584133207798004150e-02,1.947516575455665588e-02,3.337059542536735535e-02,-6.892630830407142639e-03,3.337059542536735535e-02,7.994189858436584473e-03,1.985301226377487183e-01,6.281866133213043213e-02,2.018254846334457397e-01,9.958034753799438477e-02,-2.791824638843536377e-01,1.417032480239868164e-01,3.166559934616088867e-01,1.582126915454864502e-01,-3.914823830127716064e-01,1.749630719423294067e-01,3.914823830127716064e-01,1.756253838539123535e-01,2.757573127746582031e-02,-6.541384500451385975e-04,2.757573127746582031e-02,5.457269027829170227e-03,1.899737715721130371e-01,-7.340313494205474854e-02,1.968435347080230713e-01,7.701541483402252197e-02,-9.332179278135299683e-02,9.747185395099222660e-04,3.385999202728271484e-01,1.358945518732070923e-01,-1.541256010532379150e-01,5.405336245894432068e-02,1.572633832693099976e-01,5.633570998907089233e-02,2.953695598989725113e-03,-2.791335864458233118e-04,2.953695598989725113e-03,8.196173585020005703e-04,2.509361878037452698e-02,-9.034323738887906075e-04,2.509361878037452698e-02,5.452102981507778168e-03,4.188953433185815811e-03,1.000845339149236679e-02,1.498250942677259445e-02,1.538671832531690598e-02,-7.746132556349039078e-03,6.014965008944272995e-03,9.993769228458404541e-03,6.130435504019260406e-03
-8.810864761471748352e-03,1.763991545885801315e-03,8.810864761471748352e-03,1.803026883862912655e-03,7.108307629823684692e-02,-1.413449458777904510e-02,7.282435894012451172e-02,1.586965471506118774e-02,2.980488352477550507e-02,-6.331645883619785309e-03,3.044085577130317688e-02,6.538862828165292740e-03,3.142233181279152632e-04,-4.599539170158095658e-05,3.142233181279152632e-04,5.640369636239483953e-05,-7.099911570549011230e-02,9.466186165809631348e-03,7.130844146013259888e-02,9.466186165809631348e-03,3.442307114601135254e-01,-4.467007238417863846e-03,3.877936303615570068e-01,4.204547777771949768e-02,3.372397124767303467e-01,-1.185128092765808105e-02,3.381313979625701904e-01,2.024852484464645386e-02,8.736255113035440445e-04,2.679198514670133591e-04,8.736255113035440445e-04,2.679198514670133591e-04,-7.759999483823776245e-02,8.168870583176612854e-03,7.859573513269424438e-02,8.168870583176612854e-03,2.887110114097595215e-01,3.825852647423744202e-02,3.522572517395019531e-01,3.825852647423744202e-02,3.492014110088348389e-01,7.451787125319242477e-03,3.501911163330078125e-01,2.291518077254295349e-02,8.366288384422659874e-04,-1.032784712151624262e-04,8.366288384422659874e-04,5.776978214271366596e-04,-1.097140647470951080e-02,1.490654976805672050e-04,1.106125954538583755e-02,1.866547536337748170e-04,5.499942600727081299e-02,1.137830223888158798e-02,6.340631842613220215e-02,1.187528017908334732e-02,3.219978511333465576e-02,4.353724420070648193e-03,3.241527080535888672e-02,4.843711387366056442e-03,1.508303248556330800e-04,-5.867337222298374400e-06,1.508303248556330800e-04,5.867337222298374400e-06
-1.555192575324326754e-04,1.171258743852376938e-03,6.664450047537684441e-04,1.687211683019995689e-03,1.140103396028280258e-02,3.984398674219846725e-03,2.103801444172859192e-02,1.693497970700263977e-02,1.164666935801506042e-02,2.587191388010978699e-02,3.637320920825004578e-02,3.213505446910858154e-02,6.728465203195810318e-03,1.084412541240453720e-02,7.171032484620809555e-03,1.086091902107000351e-02,-1.471698284149169922e-03,3.166036913171410561e-04,3.768083872273564339e-03,8.726354688405990601e-03,3.977783620357513428e-01,-6.418303400278091431e-02,4.032778441905975342e-01,1.536514461040496826e-01,1.903130561113357544e-01,1.324443668127059937e-01,2.071394324302673340e-01,2.099441289901733398e-01,6.514626089483499527e-03,1.072268933057785034e-02,6.665222812443971634e-03,1.124455872923135757e-02,-5.347304046154022217e-03,1.088500581681728363e-02,7.517294492572546005e-03,1.693894714117050171e-02,3.794724345207214355e-01,2.095868438482284546e-01,3.865066170692443848e-01,2.270038723945617676e-01,2.260767966508865356e-01,3.983127325773239136e-02,2.326749414205551147e-01,5.347560718655586243e-02,-1.033359090797603130e-03,-8.232725667767226696e-04,2.630603266879916191e-03,1.747108879499137402e-03,-2.094503026455640793e-03,1.304212864488363266e-02,2.243093913421034813e-03,1.309549994766712189e-02,2.388044632971286774e-02,5.105781555175781250e-02,2.493522875010967255e-02,5.156082287430763245e-02,1.810168178053572774e-04,5.646313657052814960e-04,4.675282165408134460e-03,1.240220153704285622e-03,-2.845620329026132822e-04,1.310462394030764699e-04,5.675046122632920742e-04,2.574535028543323278e-04
4.006474919151514769e-04,-1.198160694912075996e-03,6.072183605283498764e-04,1.214492018334567547e-03,8.635868434794247150e-04,-9.398304391652345657e-04,8.635868434794247150e-04,9.398304391652345657e-04,0.000000000000000000e+00,0.000000000000000000e+00,0.000000000000000000e+00,0.000000000000000000e+00,0.000000000000000000e+00,0.000000000000000000e+00,0.000000000000000000e+00,0.000000000000000000e+00,3.561117500066757202e-02,-1.121134683489799500e-01,5.823935195803642273e-02,1.121134683489799500e-01,3.670041561126708984e-01,-2.650464475154876709e-01,3.922946453094482422e-01,2.650464475154876709e-01,1.336742378771305084e-02,-2.218304201960563660e-02,1.648003794252872467e-02,2.218304201960563660e-02,0.000000000000000000e+00,0.000000000000000000e+00,0.000000000000000000e+00,0.000000000000000000e+00,2.751916460692882538e-02,6.987690180540084839e-02,5.373999848961830139e-02,7.180796563625335693e-02,4.399492442607879639e-01,2.284704148769378662e-01,4.675790965557098389e-01,2.434446066617965698e-01,1.621884480118751526e-02,2.045690640807151794e-02,2.218296192586421967e-02,2.317186258733272552e-02,0.000000000000000000e+00,0.000000000000000000e+00,0.000000000000000000e+00,0.000000000000000000e+00,1.034522429108619690e-02,1.101488433778285980e-02,1.036593969911336899e-02,1.102577056735754013e-02,6.599873770028352737e-03,6.270145066082477570e-03,7.003351580351591110e-03,6.296853534877300262e-03,2.151511725969612598e-04,2.151511725969612598e-04,2.151511725969612598e-04,2.151511725969612598e-04,0.000000000000000000e+00,0.000000000000000000e+00,0.000000000000000000e+00,0.000000000000000000e+00
8.626264519989490509e-03,-6.198423216119408607e-05,9.132200852036476135e-03,4.575246013700962067e-03,4.015583917498588562e-02,1.031020190566778183e-02,6.184383854269981384e-02,3.158919140696525574e-02,7.451800163835287094e-03,3.287930274382233620e-03,8.115098811686038971e-03,1.807120814919471741e-02,8.117883699014782906e-04,-2.365040563745424151e-04,1.038592425175011158e-03,4.764385521411895752e-04,1.226213481277227402e-02,-9.494302794337272644e-04,2.434235624969005585e-02,2.753073163330554962e-02,3.700218498706817627e-01,-3.094878420233726501e-02,3.963828086853027344e-01,2.010234296321868896e-01,1.893546879291534424e-01,5.629348382353782654e-02,2.036731988191604614e-01,1.179818138480186462e-01,2.939177211374044418e-03,-5.743770161643624306e-04,5.762776359915733337e-03,6.259064655750989914e-03,-3.065325785428285599e-03,-5.470508243888616562e-03,1.398736890405416489e-02,1.447822619229555130e-02,3.037854433059692383e-01,5.684927105903625488e-03,3.046831488609313965e-01,3.542453944683074951e-01,2.664172351360321045e-01,-8.829361945390701294e-02,2.784819900989532471e-01,2.915862798690795898e-01,-2.728712279349565506e-04,1.354804495349526405e-03,2.905503381043672562e-03,2.059545600786805153e-03,2.521299757063388824e-03,2.241853158921003342e-03,2.587634837254881859e-03,2.319978550076484680e-03,3.593271225690841675e-02,2.429350465536117554e-02,5.662984028458595276e-02,4.831343144178390503e-02,1.594859547913074493e-02,-1.421760069206357002e-03,2.917181700468063354e-02,2.012255042791366577e-02,-1.135383063228800893e-04,8.376930782105773687e-05,1.135383063228800893e-04,1.829847751650959253e-04
8.626264519989490509e-03,-6.198423216119408607e-05,9.132200852036476135e-03,4.575246013700962067e-03,4.015583917498588562e-02,1.031020190566778183e-02,6.184383854269981384e-02,3.158919140696525574e-02,7.451800163835287094e-03,3.287930274382233620e-03,8.115098811686038971e-03,1.807120814919471741e-02,8.117883699014782906e-04,-2.365040563745424151e-04,1.038592425175011158e-03,4.764385521411895752e-04,1.226213481277227402e-02,-9.494302794337272644e-04,2.434235624969005585e-02,2.753073163330554962e-02,3.700218498706817627e-01,-3.094878420233726501e-02,3.963828086853027344e-01,2.010234296321868896e-01,1.893546879291534424e-01,5.629348382353782654e-02,2.036731988191604614e-01,1.179818138480186462e-01,2.939177211374044418e-03,-5.743770161643624306e-04,5.762776359915733337e-03,6.259064655750989914e-03,-3.065325785428285599e-03,-5.470508243888616562e-03,1.398736890405416489e-02,1.447822619229555130e-02,3.037854433059692383e-01,5.684927105903625488e-03,3.046831488609313965e-01,3.542453944683074951e-01,2.664172351360321045e-01,-8.829361945390701294e-02,2.784819900989532471e-01,2.915862798690795898e-01,-2.728712279349565506e-04,1.354804495349526405e-03,2.905503381043672562e-03,2.059545600786805153e-03,2.521299757063388824e-03,2.241853158921003342e-03,2.587634837254881859e-03,2.319978550076484680e-03,3.593271225690841675e-02,2.429350465536117554e-02,5.662984028458595276e-02,4.831343144178390503e-02,1.594859547913074493e-02,-1.421760069206357002e-03,2.917181700468063354e-02,2.012255042791366577e-02,-1.135383063228800893e-04,8.376930782105773687e-05,1.135383063228800893e-04,1.829847751650959253e-04
6.049841977073810995e-05,2.121080615324899554e-05,6.049841977073810995e-05,4.131140667595900595e-05,2.120296284556388855e-02,-3.062377218157052994e-03,2.138242684304714203e-02,3.194849705323576927e-03,6.328958272933959961e-02,-8.162508718669414520e-03,6.664439290761947632e-02,8.177131414413452148e-03,-1.699496933724731207e-04,-1.731376396492123604e-04,2.473347703926265240e-04,3.752260527107864618e-04,-1.752201351337134838e-04,5.391176455304957926e-05,4.500985378399491310e-04,1.863842189777642488e-04,7.949857413768768311e-02,-4.679038189351558685e-03,8.973663300275802612e-02,2.052016556262969971e-02,4.847731888294219971e-01,-2.396057546138763428e-02,4.985886514186859131e-01,2.811382710933685303e-02,9.823771688388660550e-05,-5.856014904566109180e-04,8.757293107919394970e-04,1.887632533907890320e-03,-3.690624143928289413e-04,-1.021262942231260240e-04,4.643015854526311159e-04,3.474238910712301731e-04,7.624395936727523804e-02,4.087296780198812485e-03,8.502818644046783447e-02,2.349246293306350708e-02,4.840155839920043945e-01,5.313612637110054493e-04,4.842917621135711670e-01,3.732297569513320923e-02,-7.869637338444590569e-04,1.422766246832907200e-03,2.108289161697030067e-03,4.520909395068883896e-03,-3.055075285374186933e-05,-2.932014285761397332e-05,8.882174734026193619e-05,6.388655310729518533e-05,1.766728051006793976e-02,2.112107351422309875e-03,1.933100633323192596e-02,3.502228064462542534e-03,5.419628694653511047e-02,-8.792567998170852661e-03,5.419628694653511047e-02,1.420165877789258957e-02,7.746941410005092621e-04,-2.487179590389132500e-03,7.746941410005092621e-04,2.487179590389132500e-03
-3.916847053915262222e-04,8.056449005380272865e-04,7.228944450616836548e-04,3.342657117173075676e-03,-1.686668768525123596e-02,4.708198364824056625e-03,2.385202609002590179e-02,9.856694377958774567e-03,3.039711620658636093e-03,1.451645512133836746e-02,1.297015044838190079e-02,1.556284446269273758e-02,5.547770997509360313e-04,5.209862720221281052e-04,1.923279953189194202e-03,1.925793592818081379e-03,-4.296265542507171631e-03,-4.848858341574668884e-02,4.786364268511533737e-03,6.028045341372489929e-02,1.555558145046234131e-01,-3.794160112738609314e-02,3.182891905307769775e-01,3.261646330356597900e-01,2.842337358742952347e-03,1.663820743560791016e-01,2.058795541524887085e-01,1.899842768907546997e-01,3.687789291143417358e-02,4.511863738298416138e-02,4.109238088130950928e-02,7.355005294084548950e-02,-7.499864441342651844e-04,-3.548717126250267029e-03,9.513873374089598656e-04,1.079471316188573837e-02,1.583544164896011353e-01,-1.753539144992828369e-01,3.864913284778594971e-01,2.831474244594573975e-01,2.546076774597167969e-01,-2.039896100759506226e-01,3.738470077514648438e-01,3.171235620975494385e-01,-2.158385887742042542e-02,-2.241533063352108002e-02,5.641276016831398010e-02,4.173997789621353149e-02,-8.231268293457105756e-05,-3.268883156124502420e-04,9.803304419619962573e-05,3.563672071322798729e-04,1.444302499294281006e-03,-2.587055787444114685e-03,1.526123494841158390e-03,4.897247068583965302e-03,2.051895484328269958e-02,-3.318429365754127502e-02,2.792165428400039673e-02,3.683754801750183105e-02,1.143215410411357880e-02,-5.921198055148124695e-03,1.587243191897869110e-02,9.052496403455734253e-03
4.137769792578183115e-05,1.870946580311283469e-04,2.530637138988822699e-04,1.359649351797997952e-03,5.680203810334205627e-02,1.282470952719449997e-02,5.680203810334205627e-02,1.630711369216442108e-02,3.375317901372909546e-02,-3.485765308141708374e-02,6.082653254270553589e-02,3.653334453701972961e-02,-4.477410111576318741e-03,-5.331187509000301361e-03,4.477410111576318741e-03,5.331187509000301361e-03,-7.469044066965579987e-03,-5.649023223668336868e-03,1.331636216491460800e-02,1.155918650329113007e-02,4.726172089576721191e-01,2.655461430549621582e-02,4.726172089576721191e-01,6.802701950073242188e-02,-2.008194476366043091e-01,-2.228294312953948975e-01,2.108786106109619141e-01,2.398681342601776123e-01,-2.552891522645950317e-02,-3.461862727999687195e-02,2.614112570881843567e-02,3.545124456286430359e-02,5.890757776796817780e-03,8.481185883283615112e-03,1.485976204276084900e-02,1.067655626684427261e-02,1.776071637868881226e-01,-1.163736581802368164e-01,2.337626516819000244e-01,1.985893994569778442e-01,-2.277250736951828003e-01,-1.974191665649414062e-01,2.382059097290039062e-01,2.221828103065490723e-01,5.417923908680677414e-03,-6.340557243674993515e-03,8.225128054618835449e-03,8.825624361634254456e-03,-9.712208702694624662e-05,-7.572354516014456749e-04,4.623878630809485912e-04,8.671900723129510880e-04,1.368484576232731342e-03,-1.489062514156103134e-02,5.419896915555000305e-03,1.501566357910633087e-02,5.806029774248600006e-03,-5.060760304331779480e-03,6.248304154723882675e-03,5.757958162575960159e-03,-1.130592194385826588e-03,1.017103204503655434e-03,1.616793219000101089e-03,1.398634747602045536e-03
9.409468038938939571e-04,4.622961860150098801e-04,9.610696579329669476e-04,5.397050408646464348e-04,8.410232514142990112e-02,7.407352793961763382e-03,8.410232514142990112e-02,7.579477038234472275e-03,6.185334641486406326e-03,1.067151082679629326e-03,8.758672513067722321e-03,2.105979248881340027e-03,-7.664326403755694628e-05,4.032468714285641909e-04,1.379793247906491160e-04,7.904837839305400848e-04,4.798142705112695694e-03,2.347991103306412697e-04,4.798142705112695694e-03,2.653396921232342720e-03,4.776279330253601074e-01,-9.516552090644836426e-02,4.864856898784637451e-01,1.132807508111000061e-01,1.602296829223632812e-01,-3.301386162638664246e-02,1.650097072124481201e-01,4.789992794394493103e-02,-4.872245772276073694e-04,1.342196599580347538e-03,7.610356551595032215e-04,5.239103455096483231e-03,5.116149317473173141e-03,1.276122522540390491e-03,5.116149317473173141e-03,5.001221317797899246e-03,3.514967262744903564e-01,9.693121165037155151e-02,3.597657382488250732e-01,9.899570792913436890e-02,2.779394984245300293e-01,1.519963238388299942e-02,2.840545475482940674e-01,4.017573967576026917e-02,6.524969194288132712e-06,-2.636209246702492237e-04,2.394494367763400078e-05,1.172719639725983143e-03,2.078173449262976646e-03,2.336788922548294067e-03,2.105115214362740517e-03,2.800941001623868942e-03,6.609859317541122437e-02,2.867573313415050507e-02,6.609859317541122437e-02,2.884823456406593323e-02,5.234012380242347717e-03,3.236637916415929794e-03,6.284859031438827515e-03,5.420018453150987625e-03,1.672685539233498275e-05,-5.662369076162576675e-04,2.344646600249689072e-05,9.489479125477373600e-04
-1.365662645548582077e-02,-2.656805096194148064e-03,1.716178841888904572e-02,5.371514242142438889e-03,-8.069100789725780487e-03,6.122953258454799652e-03,4.022709652781486511e-02,1.607646606862545013e-02,5.506889428943395615e-03,1.498821948189288378e-04,5.506889428943395615e-03,1.821185229346156120e-03,3.067838260903954506e-04,-1.720283471513539553e-04,3.074197447858750820e-04,1.726642803987488151e-04,-1.809101700782775879e-01,1.751060597598552704e-02,1.824929416179656982e-01,4.880975931882858276e-02,6.962953507900238037e-02,-1.329662650823593140e-01,4.958237707614898682e-01,1.955185234546661377e-01,1.199689134955406189e-01,-6.131746992468833923e-02,1.540475189685821533e-01,9.272854030132293701e-02,9.041220182552933693e-04,-6.551135447807610035e-04,1.949715544469654560e-03,6.851998623460531235e-04,-2.447539716958999634e-01,5.502469837665557861e-02,2.598771750926971436e-01,6.225616112351417542e-02,1.400812566280364990e-01,1.411593109369277954e-01,5.666217803955078125e-01,2.001941055059432983e-01,6.956951320171356201e-02,8.352789282798767090e-02,8.848478645086288452e-02,8.934149146080017090e-02,-1.857724040746688843e-03,2.060024125967174768e-04,3.225906053557991982e-03,2.476313384249806404e-03,-1.540104951709508896e-02,-1.897294074296951294e-03,1.831633411347866058e-02,5.117274820804595947e-03,-3.631593659520149231e-02,-1.780576072633266449e-02,7.130079716444015503e-02,3.042969666421413422e-02,1.120539382100105286e-02,-7.095959037542343140e-03,2.127422206103801727e-02,8.787476457655429840e-03,4.640854021999984980e-04,7.472772267647087574e-05,7.438063621520996094e-04,6.393385701812803745e-04
-1.365662645548582077e-02,-2.656805096194148064e-03,1.716178841888904572e-02,5.371514242142438889e-03,-8.069100789725780487e-03,6.122953258454799652e-03,4.022709652781486511e-02,1.607646606862545013e-02,5.506889428943395615e-03,1.498821948189288378e-04,5.506889428943395615e-03,1.821185229346156120e-03,3.067838260903954506e-04,-1.720283471513539553e-04,3.074197447858750820e-04,1.726642803987488151e-04,-1.809101700782775879e-01,1.751060597598552704e-02,1.824929416179656982e-01,4.880975931882858276e-02,6.962953507900238037e-02,-1.329662650823593140e-01,4.958237707614898682e-01,1.955185234546661377e-01,1.199689134955406189e-01,-6.131746992468833923e-02,1.540475189685821533e-01,9.272854030132293701e-02,9.041220182552933693e-04,-6.551135447807610035e-04,1.949715544469654560e-03,6.851998623460531235e-04,-2.447539716958999634e-01,5.502469837665557861e-02,2.598771750926971436e-01,6.225616112351417542e-02,1.400812566280364990e-01,1.411593109369277954e-01,5.666217803955078125e-01,2.001941055059432983e-01,6.956951320171356201e-02,8.352789282798767090e-02,8.848478645086288452e-02,8.934149146080017090e-02,-1.857724040746688843e-03,2.060024125967174768e-04,3.225906053557991982e-03,2.476313384249806404e-03,-1.540104951709508896e-02,-1.897294074296951294e-03,1.831633411347866058e-02,5.117274820804595947e-03,-3.631593659520149231e-02,-1.780576072633266449e-02,7.130079716444015503e-02,3.042969666421413422e-02,1.120539382100105286e-02,-7.095959037542343140e-03,2.127422206103801727e-02,8.787476457655429840e-03,4.640854021999984980e-04,7.472772267647087574e-05,7.438063621520996094e-04,6.393385701812803745e-04
-5.753405392169952393e-03,4.938303492963314056e-03,7.980844937264919281e-03,5.402978975325822830e-03,5.029930546879768372e-02,-7.351762149482965469e-03,6.804668903350830078e-02,2.316823974251747131e-02,2.103007165715098381e-03,4.301810695324093103e-04,4.378643818199634552e-03,1.372025348246097565e-03,9.543005035084206611e-06,2.439184027025476098e-05,1.070154667104361579e-05,2.439184027025476098e-05,-1.220839843153953552e-02,-5.964317824691534042e-03,4.722537100315093994e-02,2.398819476366043091e-02,2.930307388305664062e-01,-3.190400451421737671e-02,5.524616837501525879e-01,8.534405380487442017e-02,1.019864436239004135e-02,-5.700545385479927063e-03,1.246103178709745407e-02,1.622209325432777405e-02,5.517245517694391310e-05,2.637533179949969053e-04,5.517245517694391310e-05,2.637533179949969053e-04,-8.195354044437408447e-02,-1.931285671889781952e-02,8.208598941564559937e-02,1.932970434427261353e-02,4.938038289546966553e-01,-2.874022163450717926e-02,5.502611994743347168e-01,1.302640438079833984e-01,2.467839745804667473e-03,9.468054398894309998e-03,8.989086374640464783e-03,1.106225512921810150e-02,0.000000000000000000e+00,0.000000000000000000e+00,0.000000000000000000e+00,0.000000000000000000e+00,-1.081953383982181549e-02,-1.461809384636580944e-03,1.083061844110488892e-02,4.298103041946887970e-03,6.802470982074737549e-02,1.699756272137165070e-02,6.896794587373733521e-02,1.710340380668640137e-02,-1.005266312859021127e-04,3.588857944123446941e-04,1.005266312859021127e-04,3.588857944123446941e-04,-1.576091017341241241e-05,1.294437970500439405e-04,1.576091017341241241e-05,1.313495886279270053e-04
