8.281820191768929362e-05,7.204373832792043686e-05,8.452160545857623219e-05,8.906026778277009726e-05,8.100300095975399017e-03,-2.616102283354848623e-04,1.015744917094707489e-02,1.158628147095441818e-03,6.320075690746307373e-02,-1.385349431075155735e-03,6.323795765638351440e-02,1.879143528640270233e-03,8.382221130887046456e-05,7.936576002975925803e-05,1.779369194991886616e-04,9.678535570856183767e-05,3.774279903154820204e-04,4.502630326896905899e-04,3.975405707024037838e-04,4.502630326896905899e-04,-1.454097498208284378e-02,-1.720812288112938404e-03,3.280086815357208252e-02,1.002568006515502930e-02,5.014696717262268066e-01,-8.654027245938777924e-03,5.019699931144714355e-01,1.691229455173015594e-02,5.252268165349960327e-04,2.885449212044477463e-04,5.252268165349960327e-04,2.885449212044477463e-04,3.586931052268482745e-05,8.534031076123937964e-05,3.586931052268482745e-05,8.534031076123937964e-05,-4.708645865321159363e-03,4.199877381324768066e-03,1.748404838144779205e-02,1.043042633682489395e-02,4.878401160240173340e-01,-3.261255566030740738e-03,4.893321096897125244e-01,1.225118432193994522e-02,4.732807574328035116e-04,-6.435346440412104130e-04,9.259094949811697006e-04,7.635224610567092896e-04,0.000000000000000000e+00,7.932669177534990013e-06,0.000000000000000000e+00,7.932669177534990013e-06,4.363736603409051895e-03,6.597658502869307995e-04,4.519442096352577209e-03,6.597658502869307995e-04,6.519120186567306519e-02,9.211071883328258991e-04,6.548538804054260254e-02,1.209049602039158344e-03,1.445426896680146456e-04,2.993807811435544863e-06,1.445426896680146456e-04,2.993807811435544863e-06
-7.086520548909902573e-03,-1.945094700204208493e-04,7.120151072740554810e-03,4.190430045127868652e-04,-1.951612532138824463e-02,4.521943919826298952e-04,2.418991550803184509e-02,2.075460972264409065e-03,2.387419715523719788e-02,2.889274153858423233e-03,7.848485559225082397e-02,4.382404033094644547e-03,1.907902478706091642e-04,-4.784763950738124549e-05,2.909913309849798679e-04,1.394998398609459400e-04,-4.386824741959571838e-02,2.205269644036889076e-03,4.426531493663787842e-02,3.949706908315420151e-03,-1.157094463706016541e-01,-7.783684413880109787e-03,2.011545002460479736e-01,1.815023459494113922e-02,1.633593887090682983e-01,4.593044519424438477e-02,5.748174786567687988e-01,5.373693630099296570e-02,3.494674339890480042e-03,-9.261038212571293116e-05,4.165208898484706879e-03,4.424397484399378300e-04,-4.444055259227752686e-02,4.310671356506645679e-04,4.448503255844116211e-02,1.875392044894397259e-03,-1.412834078073501587e-01,1.455349568277597427e-02,1.838079243898391724e-01,1.809943281114101410e-02,2.166200131177902222e-01,1.757914386689662933e-02,6.728888750076293945e-01,4.772026091814041138e-02,5.508352536708116531e-03,-6.819606642238795757e-04,5.535446107387542725e-03,7.880649645812809467e-04,-5.061305593699216843e-03,2.754618762992322445e-04,5.061305593699216843e-03,3.410193603485822678e-04,-2.338211610913276672e-02,8.882209658622741699e-05,3.037290833890438080e-02,2.319087274372577667e-03,3.586044907569885254e-02,2.825845032930374146e-03,9.183403849601745605e-02,6.693498697131872177e-03,9.985927026718854904e-04,-1.106964482460170984e-04,1.218328834511339664e-03,2.682461054064333439e-04
6.230142753338441253e-05,-6.904574111104011536e-04,8.884487906470894814e-04,1.352120074443519115e-03,5.424766987562179565e-02,-1.189426332712173462e-02,6.837950646877288818e-02,1.574198529124259949e-02,2.404515631496906281e-02,-5.608159117400646210e-03,2.404515631496906281e-02,6.154962815344333649e-03,0.000000000000000000e+00,0.000000000000000000e+00,0.000000000000000000e+00,0.000000000000000000e+00,-6.491999141871929169e-03,-2.377737080678343773e-03,1.069711614400148392e-02,1.392408367246389389e-02,1.322159171104431152e-01,-6.136779114603996277e-02,3.058303296566009521e-01,1.121530234813690186e-01,4.119153022766113281e-01,-2.331794053316116333e-02,4.119153022766113281e-01,3.057232499122619629e-02,0.000000000000000000e+00,0.000000000000000000e+00,0.000000000000000000e+00,0.000000000000000000e+00,-5.719338543713092804e-03,7.575985975563526154e-03,1.002011075615882874e-02,1.532803662121295929e-02,6.050603836774826050e-02,7.051373273134231567e-02,2.010558843612670898e-01,9.157997369766235352e-02,4.751552343368530273e-01,7.877863012254238129e-03,4.791683852672576904e-01,3.385748341679573059e-02,6.270965677686035633e-04,-5.610545631498098373e-04,9.957359870895743370e-04,5.610545631498098373e-04,4.276488616596907377e-04,-7.878610049374401569e-04,1.991219585761427879e-03,2.044701483100652695e-03,1.831411384046077728e-02,-4.096266347914934158e-03,3.307699039578437805e-02,1.229193154722452164e-02,5.512234941124916077e-02,2.051604911684989929e-03,5.578840523958206177e-02,2.699748845770955086e-03,1.033690932672470808e-04,9.003259947348851711e-06,1.641346898395568132e-04,9.003259947348851711e-06
1.391324622090905905e-04,2.153475797967985272e-04,1.249403110705316067e-03,4.025298985652625561e-04,-2.361089456826448441e-03,-6.070273811928927898e-04,7.379343267530202866e-03,3.343971911817789078e-03,6.468122452497482300e-02,-1.346002914942800999e-03,6.468122452497482300e-02,2.709676744416356087e-03,1.991667959373444319e-04,0.000000000000000000e+00,1.991667959373444319e-04,0.000000000000000000e+00,-3.174109151586890221e-03,4.083284642547369003e-03,4.842189140617847443e-03,4.298625513911247253e-03,-7.031485438346862793e-02,1.793739385902881622e-02,9.193621575832366943e-02,3.324876353144645691e-02,4.912552535533905029e-01,-3.165656467899680138e-03,4.912552535533905029e-01,3.152713179588317871e-02,5.588072817772626877e-04,8.677323930896818638e-04,5.588072817772626877e-04,1.200247905217111111e-03,-1.906571211293339729e-03,7.386623183265328407e-04,5.081445444375276566e-03,3.775981487706303596e-03,-8.579367399215698242e-02,1.593743450939655304e-02,1.005936190485954285e-01,2.545276656746864319e-02,4.818288683891296387e-01,5.861159414052963257e-03,4.818288683891296387e-01,4.281875863671302795e-02,2.064313972368836403e-03,-3.279739466961473227e-04,2.064313972368836403e-03,3.279739466961473227e-04,-7.619728567078709602e-04,1.992269244510680437e-04,8.877168293111026287e-04,2.417167270323261619e-04,-5.951296072453260422e-03,-8.486890146741643548e-05,8.379315026104450226e-03,2.837770385667681694e-03,6.415694952011108398e-02,2.479005604982376099e-03,6.417360901832580566e-02,3.371664788573980331e-03,4.329677176428958774e-05,-8.535227243555709720e-05,1.888060796773061156e-04,2.508025499992072582e-04
-7.184603600762784481e-04,-1.390188554069027305e-04,7.184603600762784481e-04,1.390188554069027305e-04,-8.989562280476093292e-03,-1.547410618513822556e-03,8.989562280476093292e-03,1.547410618513822556e-03,4.424384236335754395e-02,8.062806911766529083e-03,4.561812803149223328e-02,8.084394969046115875e-03,1.023172007990069687e-04,5.509173206519335508e-05,1.942039525602012873e-04,8.674051059642806649e-05,-6.352423224598169327e-03,-1.557125360704958439e-03,6.455263122916221619e-03,1.783686806447803974e-03,-1.304247528314590454e-01,-3.150062263011932373e-02,1.320358812808990479e-01,3.651652112603187561e-02,3.989122211933135986e-01,-2.417725883424282074e-02,3.991266489028930664e-01,3.826727345585823059e-02,-8.808074635453522205e-04,-5.063447169959545135e-04,1.596484798938035965e-03,1.044616219587624073e-03,-7.127113174647092819e-03,-9.909308282658457756e-04,7.127113174647092819e-03,1.040261937305331230e-03,-2.156795263290405273e-01,-5.892627686262130737e-02,2.170631736516952515e-01,5.892627686262130737e-02,5.064149498939514160e-01,2.451339736580848694e-02,5.079789161682128906e-01,3.189588710665702820e-02,1.128640607930719852e-03,-1.443102664779871702e-04,1.752943033352494240e-03,1.489203423261642456e-03,-1.106868381612002850e-03,-2.555501996539533138e-04,1.110639539547264576e-03,2.642051549628376961e-04,-3.540587425231933594e-02,-1.635204069316387177e-02,5.851619690656661987e-02,1.811015605926513672e-02,8.971758931875228882e-02,8.285004645586013794e-03,8.971758931875228882e-02,8.400010876357555389e-03,8.219531082431785762e-06,1.687373005552217364e-04,9.654719906393438578e-05,2.942244755104184151e-04
-3.306402068119496107e-04,1.775423006620258093e-04,4.062483203597366810e-04,3.871813241858035326e-04,9.193768352270126343e-02,3.351786872372031212e-03,9.831435978412628174e-02,1.802126504480838776e-02,1.845724880695343018e-02,-6.097122095525264740e-03,1.961419917643070221e-02,6.768391001969575882e-03,1.143305053119547665e-04,-5.039431198383681476e-05,1.143305053119547665e-04,5.039431198383681476e-05,1.226994325406849384e-03,1.676500658504664898e-03,1.745062321424484253e-02,7.857485674321651459e-03,2.573966085910797119e-01,2.226044535636901855e-01,4.641190469264984131e-01,2.792933285236358643e-01,2.980561554431915283e-01,-3.437866643071174622e-02,3.064120411872863770e-01,4.575026780366897583e-02,1.306537073105573654e-03,-2.746036261669360101e-05,1.306537073105573654e-03,5.584577447734773159e-04,8.771903067827224731e-02,4.785879328846931458e-02,9.665476530790328979e-02,5.135848745703697205e-02,-1.201940476894378662e-01,7.677484303712844849e-02,3.247753679752349854e-01,1.070705428719520569e-01,3.255109786987304688e-01,-6.572468578815460205e-02,3.266694843769073486e-01,6.730985641479492188e-02,1.576272188685834408e-03,-3.470319206826388836e-04,1.576272188685834408e-03,6.005147588439285755e-04,5.843609571456909180e-03,3.490929724648594856e-03,7.494181394577026367e-03,4.407831467688083649e-03,-1.271498110145330429e-02,1.555148977786302567e-03,1.629500836133956909e-02,3.970019984990358353e-03,2.571956813335418701e-02,-7.366859354078769684e-03,5.466030165553092957e-02,9.936686605215072632e-03,2.097222604788839817e-04,1.327567151747643948e-04,2.097222604788839817e-04,1.327567151747643948e-04
-5.515619646757841110e-03,1.503856154158711433e-03,5.831372458487749100e-03,1.559149939566850662e-03,4.550765082240104675e-02,-4.820453468710184097e-03,7.731080800294876099e-02,1.270483527332544327e-02,9.373824286740273237e-05,-6.105730426497757435e-05,1.588664250448346138e-03,6.258454523049294949e-04,6.932982068974524736e-05,-1.072314262273721397e-06,6.932982068974524736e-05,1.072314262273721397e-06,-3.487432375550270081e-03,1.401976449415087700e-03,8.175686933100223541e-03,2.222196198999881744e-03,2.225245833396911621e-01,2.510411292314529419e-02,6.620197892189025879e-01,8.064857125282287598e-02,7.667033933103084564e-03,-4.687437321990728378e-03,1.658490486443042755e-02,8.821216411888599396e-03,2.667634180397726595e-05,2.667634180397726595e-05,2.667634180397726595e-05,2.667634180397726595e-05,-1.744656219671014696e-05,-8.518911781720817089e-04,2.373901195824146271e-03,1.045485725626349449e-03,1.482648849487304688e-01,5.540540069341659546e-02,6.800010204315185547e-01,6.346347928047180176e-02,1.889470964670181274e-02,3.758169477805495262e-03,2.329835295677185059e-02,8.761759847402572632e-03,4.831675032619386911e-04,-5.236298966337926686e-05,4.831675032619386911e-04,1.827486557886004448e-04,-3.677571367006748915e-04,7.972985622473061085e-05,3.934063133783638477e-04,1.300801086472347379e-04,1.308716461062431335e-02,2.205668762326240540e-02,5.089044570922851562e-02,2.261475659906864166e-02,1.113662845455110073e-03,1.785576023394241929e-05,3.633339656516909599e-03,5.300975753925740719e-04,3.805890810326673090e-05,-1.375112515233922750e-05,3.805890810326673090e-05,1.589575367688667029e-05
1.732686214381828904e-04,-3.048058133572340012e-04,4.329183720983564854e-04,3.568647080101072788e-04,-5.084668751806020737e-03,-2.874817233532667160e-03,6.590778473764657974e-03,4.382197279483079910e-03,2.138848043978214264e-02,-7.413262501358985901e-04,2.703857049345970154e-02,3.775972407311201096e-03,-2.802833623718470335e-04,1.540832454338669777e-04,7.718181586824357510e-04,4.476854810491204262e-04,-3.148469841107726097e-03,-6.782098859548568726e-02,4.961121827363967896e-03,6.782098859548568726e-02,2.926618233323097229e-02,-3.625490963459014893e-01,5.420264601707458496e-02,3.625490963459014893e-01,2.942498028278350830e-01,-5.769075453281402588e-02,3.231086134910583496e-01,9.801603853702545166e-02,7.396441651508212090e-04,-1.201604143716394901e-03,4.263269715011119843e-03,3.397775813937187195e-03,1.174235157668590546e-02,-3.254667855799198151e-03,1.174235157668590546e-02,1.096774358302354813e-02,1.452882587909698486e-01,1.414354424923658371e-02,1.452882587909698486e-01,6.215171888470649719e-02,4.756363928318023682e-01,6.477206945419311523e-02,4.756363928318023682e-01,6.477206945419311523e-02,1.081542577594518661e-03,1.325783669017255306e-03,4.748607985675334930e-03,1.325783669017255306e-03,2.438036259263753891e-03,5.045944126322865486e-04,2.438036259263753891e-03,5.744241061620414257e-04,2.318527176976203918e-02,7.331280037760734558e-03,2.318527176976203918e-02,7.363259792327880859e-03,6.953805685043334961e-02,9.865246713161468506e-03,7.099799066781997681e-02,1.014936249703168869e-02,3.646717232186347246e-04,5.724724815081572160e-06,3.763183776754885912e-04,4.633417847799137235e-05
-5.518870239029638469e-05,2.061184432022855617e-06,6.073505574022419751e-05,3.386844400665722787e-05,4.591907374560832977e-03,-5.138241685926914215e-04,6.520688999444246292e-03,9.736660867929458618e-04,6.518617272377014160e-02,-7.370716775767505169e-04,6.518617272377014160e-02,1.701493747532367706e-03,1.009544462249323260e-06,-8.508338396495673805e-06,3.555360672180540860e-05,2.324936394870746881e-05,-5.087311365059576929e-05,0.000000000000000000e+00,5.087311365059576929e-05,0.000000000000000000e+00,-1.484689395874738693e-02,-6.886950228363275528e-03,2.136223390698432922e-02,6.886950228363275528e-03,4.974888861179351807e-01,-5.921554751694202423e-03,4.991934895515441895e-01,1.288107223808765411e-02,4.297285340726375580e-04,-4.141047538723796606e-04,6.943837506696581841e-04,7.156371138989925385e-04,-3.196931720594875515e-05,3.423511807341128588e-04,3.196931720594875515e-05,3.423511807341128588e-04,-1.055552065372467041e-02,6.732271052896976471e-03,1.841994933784008026e-02,8.105288259685039520e-03,4.895155429840087891e-01,-2.479633782058954239e-03,4.949509501457214355e-01,1.703230664134025574e-02,1.407011179253458977e-03,-3.527542139636352658e-05,1.587122678756713867e-03,7.897356990724802017e-04,0.000000000000000000e+00,0.000000000000000000e+00,0.000000000000000000e+00,0.000000000000000000e+00,4.766112659126520157e-03,4.863872018177062273e-04,7.507004309445619583e-03,6.307553267106413841e-04,6.407813727855682373e-02,1.539215678349137306e-03,6.414201855659484863e-02,1.551940804347395897e-03,3.591232962207868695e-05,-1.035728109854971990e-05,1.059230708051472902e-04,1.035728109854971990e-05
0.000000000000000000e+00,0.000000000000000000e+00,0.000000000000000000e+00,0.000000000000000000e+00,0.000000000000000000e+00,0.000000000000000000e+00,0.000000000000000000e+00,0.000000000000000000e+00,0.000000000000000000e+00,0.000000000000000000e+00,0.000000000000000000e+00,0.000000000000000000e+00,0.000000000000000000e+00,0.000000000000000000e+00,0.000000000000000000e+00,0.000000000000000000e+00,0.000000000000000000e+00,0.000000000000000000e+00,0.000000000000000000e+00,0.000000000000000000e+00,1.208304092288017273e-01,1.208304092288017273e-01,1.208304092288017273e-01,1.208304092288017273e-01,-6.243836879730224609e-02,2.279382348060607910e-01,1.968197673559188843e-01,2.333114296197891235e-01,-2.995776943862438202e-03,5.736686289310455322e-03,1.445906143635511398e-02,3.419093042612075806e-02,0.000000000000000000e+00,0.000000000000000000e+00,0.000000000000000000e+00,0.000000000000000000e+00,1.208304166793823242e-01,-1.208304166793823242e-01,1.208304166793823242e-01,1.208304166793823242e-01,-2.133224345743656158e-02,-1.682687997817993164e-01,3.041092455387115479e-01,2.085387855768203735e-01,2.879193425178527832e-01,2.768715918064117432e-01,2.923307418823242188e-01,2.982788383960723877e-01,0.000000000000000000e+00,0.000000000000000000e+00,0.000000000000000000e+00,0.000000000000000000e+00,8.288879762403666973e-04,9.928665822371840477e-04,8.288879762403666973e-04,9.928665822371840477e-04,2.170579880475997925e-01,1.688016504049301147e-01,2.170579880475997925e-01,1.731097847223281860e-01,1.532608717679977417e-01,1.299693435430526733e-01,1.549013853073120117e-01,1.302390098571777344e-01
5.478116800077259541e-04,5.381834853324107826e-05,7.204118883237242699e-04,2.561408909969031811e-04,7.327762246131896973e-02,6.328879389911890030e-03,7.400541752576828003e-02,7.329223677515983582e-03,1.367826573550701141e-02,3.005172591656446457e-03,1.367826573550701141e-02,3.086650278419256210e-03,2.181634336011484265e-04,1.215333577420096844e-05,2.181634336011484265e-04,1.215333577420096844e-05,1.996638951823115349e-03,5.592273082584142685e-04,3.091328311711549759e-03,1.427763607352972031e-03,4.976197481155395508e-01,6.809235783293843269e-04,4.990502297878265381e-01,3.560407087206840515e-02,9.128792583942413330e-02,-1.456346455961465836e-02,9.128792583942413330e-02,2.030119113624095917e-02,1.058252877555787563e-03,-2.775884058792144060e-04,1.058252877555787563e-03,2.775884058792144060e-04,3.498222213238477707e-03,-5.067962920293211937e-04,3.975726198405027390e-03,1.580634620040655136e-03,4.638396799564361572e-01,2.284215064719319344e-03,4.641382694244384766e-01,2.756361477077007294e-02,1.209220290184020996e-01,1.176864467561244965e-02,1.209220290184020996e-01,1.176864467561244965e-02,8.647610666230320930e-04,1.623763819225132465e-04,8.647610666230320930e-04,1.623763819225132465e-04,5.459064268507063389e-04,3.342612180858850479e-04,7.921396754682064056e-04,3.405894676689058542e-04,7.832890003919601440e-02,9.127927944064140320e-03,7.851758599281311035e-02,9.136241860687732697e-03,4.768195562064647675e-03,6.138703902252018452e-04,5.355631466954946518e-03,1.216206233948469162e-03,1.776120479917153716e-04,-1.977856754820095375e-06,2.108435437548905611e-04,1.936542139446828514e-05
4.801928624510765076e-02,-7.357233669608831406e-03,4.988025501370429993e-02,7.919739931821823120e-03,1.390858367085456848e-02,-1.259279204532504082e-03,1.622124575078487396e-02,8.024289272725582123e-03,0.000000000000000000e+00,0.000000000000000000e+00,0.000000000000000000e+00,0.000000000000000000e+00,0.000000000000000000e+00,0.000000000000000000e+00,0.000000000000000000e+00,0.000000000000000000e+00,4.050944447517395020e-01,-3.954639658331871033e-02,4.262798130512237549e-01,4.602229967713356018e-02,1.171091943979263306e-01,-3.953758999705314636e-02,2.327704876661300659e-01,9.227246791124343872e-02,4.385772347450256348e-02,-4.385772347450256348e-02,4.385772347450256348e-02,4.385772347450256348e-02,0.000000000000000000e+00,0.000000000000000000e+00,0.000000000000000000e+00,0.000000000000000000e+00,3.982116281986236572e-01,-4.376460984349250793e-02,4.488728642463684082e-01,5.022519454360008240e-02,2.186084687709808350e-01,1.718845963478088379e-02,3.297235369682312012e-01,1.071572378277778625e-01,7.089269161224365234e-02,2.944076620042324066e-02,7.089269161224365234e-02,5.166071653366088867e-02,0.000000000000000000e+00,0.000000000000000000e+00,0.000000000000000000e+00,0.000000000000000000e+00,4.739893227815628052e-02,-2.838618122041225433e-03,5.438856035470962524e-02,5.489606410264968872e-03,5.778383091092109680e-02,-3.474757308140397072e-03,6.471177935600280762e-02,8.058511652052402496e-03,4.214742220938205719e-03,-5.177650018595159054e-04,1.231240294873714447e-02,3.829651512205600739e-03,0.000000000000000000e+00,0.000000000000000000e+00,0.000000000000000000e+00,0.000000000000000000e+00
0.000000000000000000e+00,5.522529590962221846e-06,0.000000000000000000e+00,2.969041524920612574e-04,4.802035912871360779e-02,8.044731221161782742e-04,4.824678599834442139e-02,3.829041495919227600e-03,-8.489691652357578278e-03,-2.248721197247505188e-03,7.999027520418167114e-02,4.669789690524339676e-03,-2.706913044676184654e-03,-9.197238250635564327e-05,2.733113477006554604e-03,1.910273131215944886e-04,0.000000000000000000e+00,-1.355030341073870659e-03,0.000000000000000000e+00,8.297710679471492767e-03,3.321416378021240234e-01,1.426110789179801941e-02,3.438222110271453857e-01,6.784801930189132690e-02,-8.029539883136749268e-02,-3.128030151128768921e-02,5.601589679718017578e-01,1.093983650207519531e-01,-1.854743808507919312e-02,5.253944545984268188e-03,1.861542090773582458e-02,5.291742272675037384e-03,0.000000000000000000e+00,9.639756171964108944e-04,0.000000000000000000e+00,1.962878741323947906e-03,8.017396181821823120e-02,-5.899724736809730530e-02,8.441328257322311401e-02,7.432117313146591187e-02,1.875923424959182739e-01,1.206048578023910522e-02,5.834954977035522461e-01,1.086260005831718445e-01,-1.967539452016353607e-02,4.373739473521709442e-03,1.993411220610141754e-02,4.373739473521709442e-03,0.000000000000000000e+00,-2.771264698822051287e-04,0.000000000000000000e+00,3.798186371568590403e-04,6.160688586533069611e-03,-4.270090721547603607e-05,7.415847387164831161e-03,2.186040626838803291e-03,3.576995804905891418e-02,-2.437483984977006912e-03,9.433036297559738159e-02,1.531828008592128754e-02,-1.811240217648446560e-03,3.987253876402974129e-04,1.813241513445973396e-03,4.471569263841956854e-04
3.141011577099561691e-03,-1.376684056594967842e-03,3.284776350483298302e-03,2.256791805848479271e-03,6.307328492403030396e-02,6.634861696511507034e-03,7.008101791143417358e-02,2.129394747316837311e-02,2.156344242393970490e-02,1.431961572961881757e-04,2.700019814074039459e-02,1.669097575359046459e-03,-1.427002571290358901e-04,-7.705625466769561172e-05,2.080508274957537651e-04,1.816652074921876192e-04,1.483347546309232712e-02,-3.692610422149300575e-03,1.528562419116497040e-02,1.508915796875953674e-02,4.107733666896820068e-01,2.090114727616310120e-02,4.642190039157867432e-01,1.850519925355911255e-01,1.932798027992248535e-01,-1.855970732867717743e-02,2.374562174081802368e-01,2.694226987659931183e-02,-1.231668400578200817e-03,2.960213168989866972e-04,1.715705147944390774e-03,7.107562851160764694e-04,7.250514812767505646e-03,9.177546016871929169e-03,9.640201926231384277e-03,1.900927908718585968e-02,4.240049719810485840e-01,-3.564440831542015076e-02,4.304746687412261963e-01,1.609036922454833984e-01,1.886500716209411621e-01,3.220688784494996071e-03,1.913978308439254761e-01,4.174865782260894775e-02,-9.836565004661679268e-05,3.030645020771771669e-04,1.647253229748457670e-04,3.030645020771771669e-04,1.714342855848371983e-03,5.363959353417158127e-04,1.896702684462070465e-03,1.931458595208823681e-03,4.620333015918731689e-02,-8.381832391023635864e-03,4.754780232906341553e-02,1.995895616710186005e-02,4.018534719944000244e-02,-5.794907337985932827e-04,4.024715349078178406e-02,5.902852863073348999e-03,7.306578027055365965e-06,6.418745215341914445e-06,9.526511348667554557e-06,1.374330167891457677e-05
3.141011577099561691e-03,-1.376684056594967842e-03,3.284776350483298302e-03,2.256791805848479271e-03,6.307328492403030396e-02,6.634861696511507034e-03,7.008101791143417358e-02,2.129394747316837311e-02,2.156344242393970490e-02,1.431961572961881757e-04,2.700019814074039459e-02,1.669097575359046459e-03,-1.427002571290358901e-04,-7.705625466769561172e-05,2.080508274957537651e-04,1.816652074921876192e-04,1.483347546309232712e-02,-3.692610422149300575e-03,1.528562419116497040e-02,1.508915796875953674e-02,4.107733666896820068e-01,2.090114727616310120e-02,4.642190039157867432e-01,1.850519925355911255e-01,1.932798027992248535e-01,-1.855970732867717743e-02,2.374562174081802368e-01,2.694226987659931183e-02,-1.231668400578200817e-03,2.960213168989866972e-04,1.715705147944390774e-03,7.107562851160764694e-04,7.250514812767505646e-03,9.177546016871929169e-03,9.640201926231384277e-03,1.900927908718585968e-02,4.240049719810485840e-01,-3.564440831542015076e-02,4.304746687412261963e-01,1.609036922454833984e-01,1.886500716209411621e-01,3.220688784494996071e-03,1.913978308439254761e-01,4.174865782260894775e-02,-9.836565004661679268e-05,3.030645020771771669e-04,1.647253229748457670e-04,3.030645020771771669e-04,1.714342855848371983e-03,5.363959353417158127e-04,1.896702684462070465e-03,1.931458595208823681e-03,4.620333015918731689e-02,-8.381832391023635864e-03,4.754780232906341553e-02,1.995895616710186005e-02,4.018534719944000244e-02,-5.794907337985932827e-04,4.024715349078178406e-02,5.902852863073348999e-03,7.306578027055365965e-06,6.418745215341914445e-06,9.526511348667554557e-06,1.374330167891457677e-05
1.735124364495277405e-02,-4.135463852435350418e-03,1.764983125030994415e-02,4.180002957582473755e-03,3.701328067108988762e-03,3.448592033237218857e-03,1.819356903433799744e-02,4.863952752202749252e-03,5.693595111370086670e-02,-5.919705145061016083e-03,5.693595111370086670e-02,5.981856957077980042e-03,0.000000000000000000e+00,0.000000000000000000e+00,0.000000000000000000e+00,0.000000000000000000e+00,1.610453277826309204e-01,-2.002576179802417755e-02,1.610453277826309204e-01,2.002576179802417755e-02,-3.840773552656173706e-02,1.175685133785009384e-02,1.286705434322357178e-01,3.238024935126304626e-02,4.665699601173400879e-01,-2.004082314670085907e-02,4.665699601173400879e-01,2.458727918565273285e-02,0.000000000000000000e+00,0.000000000000000000e+00,0.000000000000000000e+00,0.000000000000000000e+00,1.586303710937500000e-01,-1.248649787157773972e-02,1.586303710937500000e-01,1.399127952754497528e-02,1.634410955011844635e-02,1.282354816794395447e-02,2.038019746541976929e-01,3.861945495009422302e-02,4.352385997772216797e-01,1.428904850035905838e-02,4.352385997772216797e-01,1.994671858847141266e-02,0.000000000000000000e+00,0.000000000000000000e+00,0.000000000000000000e+00,0.000000000000000000e+00,2.193583548069000244e-02,-1.014823908917605877e-03,2.196262963116168976e-02,1.267716404981911182e-03,6.184090860188007355e-03,5.970039637759327888e-04,3.579954057931900024e-02,2.542921109125018120e-03,6.416785717010498047e-02,1.542592886835336685e-03,6.417969614267349243e-02,3.075249260291457176e-03,-2.312641445314511657e-04,-2.469911414664238691e-04,3.194702148903161287e-04,2.565736358519643545e-04
1.858512288890779018e-03,9.454292739974334836e-05,1.858512288890779018e-03,3.167657705489546061e-04,7.679244130849838257e-02,-1.095991767942905426e-02,7.679244130849838257e-02,1.114722061902284622e-02,1.633835211396217346e-02,-2.395051065832376480e-03,1.879790797829627991e-02,3.902911674231290817e-03,-3.096473301411606371e-05,-1.371167745674028993e-04,1.380524336127564311e-04,1.723025634419173002e-04,7.637252565473318100e-03,3.366671444382518530e-04,7.637252565473318100e-03,3.357673762366175652e-03,4.187611341476440430e-01,-6.378440558910369873e-02,4.187611341476440430e-01,6.887622177600860596e-02,2.490280568599700928e-01,-2.702640928328037262e-02,2.546876966953277588e-01,4.757572337985038757e-02,8.963645086623728275e-04,8.643977344036102295e-04,1.874246285296976566e-03,1.025994541123509407e-03,9.205973707139492035e-03,1.042251475155353546e-03,9.205973707139492035e-03,2.953554969280958176e-03,4.203070998191833496e-01,2.709855325520038605e-02,4.203070998191833496e-01,4.370950907468795776e-02,2.552993297576904297e-01,1.009186077862977982e-02,2.557192444801330566e-01,2.987115457653999329e-02,1.007287180982530117e-03,-6.098393350839614868e-04,1.062976079992949963e-03,6.098393350839614868e-04,1.199392951093614101e-03,2.459730894770473242e-04,1.199392951093614101e-03,3.166591341141611338e-04,6.147202476859092712e-02,1.984229078516364098e-03,6.147202476859092712e-02,3.682385431602597237e-03,3.461567312479019165e-02,2.496372908353805542e-03,3.562459349632263184e-02,3.259896766394376755e-03,2.169313120248261839e-05,-1.369445089949294925e-04,3.861643781419843435e-04,4.031604330521076918e-04
0.000000000000000000e+00,0.000000000000000000e+00,0.000000000000000000e+00,0.000000000000000000e+00,8.013891987502574921e-03,-1.307713054120540619e-02,2.473011240363121033e-02,2.119648270308971405e-02,2.120916396379470825e-01,-8.325729519128799438e-02,2.397935241460800171e-01,1.145782843232154846e-01,-2.893431298434734344e-02,-2.574308775365352631e-02,4.661825299263000488e-02,4.395174235105514526e-02,0.000000000000000000e+00,0.000000000000000000e+00,0.000000000000000000e+00,0.000000000000000000e+00,1.418355107307434082e-01,3.347818553447723389e-02,1.418355107307434082e-01,8.356042206287384033e-02,2.636796236038208008e-02,-9.737069159746170044e-02,2.178116142749786377e-01,2.963123917579650879e-01,2.848568260669708252e-01,-4.743563011288642883e-02,5.251124501228332520e-01,7.971552759408950806e-02,0.000000000000000000e+00,0.000000000000000000e+00,0.000000000000000000e+00,0.000000000000000000e+00,6.441551446914672852e-02,-6.441551446914672852e-02,6.441551446914672852e-02,6.441551446914672852e-02,-4.262146726250648499e-02,-1.022880375385284424e-01,1.541117578744888306e-01,1.548337191343307495e-01,2.331321835517883301e-01,-8.352191746234893799e-02,3.949073255062103271e-01,1.317819058895111084e-01,0.000000000000000000e+00,0.000000000000000000e+00,0.000000000000000000e+00,0.000000000000000000e+00,0.000000000000000000e+00,0.000000000000000000e+00,0.000000000000000000e+00,0.000000000000000000e+00,0.000000000000000000e+00,0.000000000000000000e+00,0.000000000000000000e+00,0.000000000000000000e+00,5.476144142448902130e-03,-4.695451061706990004e-04,5.476144142448902130e-03,1.088611083105206490e-03
8.116466051433235407e-05,6.864617171231657267e-05,3.393447550479322672e-04,1.368781522614881396e-04,7.142172008752822876e-02,2.999146701768040657e-03,7.267440855503082275e-02,5.144090857356786728e-03,1.404842594638466835e-03,4.354091652203351259e-04,1.878457958810031414e-03,1.107064890675246716e-03,1.025002711685374379e-04,3.130373079329729080e-05,1.025002711685374379e-04,1.010033665806986392e-04,-2.871357428375631571e-04,-4.197232483420521021e-04,2.491376362740993500e-03,1.363532734103500843e-03,4.811877310276031494e-01,-3.395344130694866180e-03,5.159272551536560059e-01,3.627391532063484192e-02,1.869373396039009094e-02,-3.774216398596763611e-03,2.321983315050601959e-02,1.383187714964151382e-02,3.333803615532815456e-04,8.971315401140600443e-05,3.333803615532815456e-04,4.879528714809566736e-04,-5.880979006178677082e-04,8.451153407804667950e-04,1.718844170682132244e-03,1.178994774818420410e-03,4.725706875324249268e-01,1.332265604287385941e-02,5.039840936660766602e-01,3.816259652376174927e-02,2.443502098321914673e-02,3.941535484045743942e-03,2.985822595655918121e-02,1.241158880293369293e-02,0.000000000000000000e+00,0.000000000000000000e+00,0.000000000000000000e+00,0.000000000000000000e+00,3.865149337798357010e-04,-1.264603779418393970e-04,4.134701739531010389e-04,3.008895146194845438e-04,6.480409204959869385e-02,6.030062679201364517e-03,6.713813543319702148e-02,7.021097466349601746e-03,1.508147921413183212e-03,6.095857243053615093e-04,2.211226848885416985e-03,9.221090003848075867e-04,0.000000000000000000e+00,0.000000000000000000e+00,0.000000000000000000e+00,0.000000000000000000e+00
3.140321467071771622e-03,1.079366993508301675e-04,3.140321467071771622e-03,1.261635043192654848e-04,4.189798980951309204e-02,-2.762529402389191091e-05,4.189798980951309204e-02,2.207782818004488945e-03,5.413396656513214111e-02,2.991522429510951042e-03,5.413396656513214111e-02,4.885563626885414124e-03,0.000000000000000000e+00,0.000000000000000000e+00,0.000000000000000000e+00,0.000000000000000000e+00,2.111306600272655487e-02,-6.576813175342977047e-04,2.111306600272655487e-02,1.629978651180863380e-03,2.399267852306365967e-01,-5.921735614538192749e-02,2.432690858840942383e-01,6.432944536209106445e-02,4.313146770000457764e-01,-2.933991327881813049e-02,4.313146770000457764e-01,3.717944025993347168e-02,0.000000000000000000e+00,0.000000000000000000e+00,0.000000000000000000e+00,0.000000000000000000e+00,1.879347488284111023e-02,-4.759909352287650108e-04,1.879347488284111023e-02,2.135894028469920158e-03,2.717021405696868896e-01,5.537718161940574646e-02,2.717021405696868896e-01,6.804126501083374023e-02,4.023040235042572021e-01,2.311693504452705383e-02,4.023040235042572021e-01,3.396565094590187073e-02,8.088941685855388641e-04,-5.839299992658197880e-04,8.088941685855388641e-04,7.683860021643340588e-04,2.736560767516493797e-03,-8.720246842131018639e-05,2.736560767516493797e-03,2.749518898781388998e-04,4.355443641543388367e-02,1.801045262254774570e-03,4.355443641543388367e-02,2.609523944556713104e-03,5.336534604430198669e-02,-8.019910310395061970e-04,5.354980379343032837e-02,2.099528675898909569e-03,1.603249111212790012e-04,9.970483370125293732e-05,1.904508098959922791e-04,1.660924463067203760e-04
1.683837268501520157e-03,2.635796554386615753e-04,1.699748332612216473e-03,5.815959884785115719e-04,7.179672271013259888e-02,-1.950593478977680206e-02,7.191100716590881348e-02,2.018828131258487701e-02,1.348631922155618668e-02,6.214388180524110794e-03,2.598465606570243835e-02,6.321988068521022797e-03,1.214227871969342232e-03,-4.970625377609394491e-05,1.214227871969342232e-03,6.555691361427307129e-04,1.681250892579555511e-02,5.516538862138986588e-03,1.681250892579555511e-02,5.620207171887159348e-03,4.417985379695892334e-01,-5.631960183382034302e-02,4.417985379695892334e-01,8.876490592956542969e-02,2.318386286497116089e-01,1.515238918364048004e-02,2.346815466880798340e-01,5.487603694200515747e-02,2.299388637766242027e-03,-6.666284753009676933e-05,2.406988525763154030e-03,3.310419851914048195e-03,2.099624834954738617e-02,3.332130843773484230e-03,2.100765332579612732e-02,4.769367165863513947e-03,3.275150656700134277e-01,3.304344788193702698e-02,3.275150656700134277e-01,4.125403240323066711e-02,3.493817150592803955e-01,3.214605525135993958e-02,3.493817150592803955e-01,3.969320654869079590e-02,4.417605669004842639e-05,-1.330898958258330822e-04,1.734661636874079704e-04,4.632866010069847107e-03,3.904662793502211571e-03,1.252070302143692970e-03,3.911869134753942490e-03,1.252070302143692970e-03,4.935563355684280396e-02,1.010835822671651840e-02,4.935563355684280396e-02,1.010835822671651840e-02,4.211922362446784973e-02,8.170463144779205322e-03,4.216260090470314026e-02,8.170463144779205322e-03,3.603038067012676038e-06,-3.603038067012676038e-06,3.603038067012676038e-06,3.603038067012676038e-06
-4.815203137695789337e-03,2.059243706753477454e-04,5.055280402302742004e-03,3.111308324150741100e-04,1.041151350364089012e-03,6.743136909790337086e-04,2.274252008646726608e-03,1.389190787449479103e-03,7.121782749891281128e-02,-1.215707161463797092e-03,7.127102464437484741e-02,1.575535628944635391e-03,0.000000000000000000e+00,-2.419035990897100419e-05,0.000000000000000000e+00,2.419035990897100419e-05,-3.446484357118606567e-02,3.438983403611928225e-04,3.535658866167068481e-02,1.710831769742071629e-03,-6.603873800486326218e-03,4.050449351780116558e-04,2.919617667794227600e-02,1.085083186626434326e-02,4.992718398571014404e-01,-6.404781248420476913e-03,4.992718398571014404e-01,1.475098636001348495e-02,0.000000000000000000e+00,-1.921521034091711044e-03,0.000000000000000000e+00,1.921521034091711044e-03,-3.388914838433265686e-02,-5.400796071626245975e-04,3.661626949906349182e-02,1.444009714759886265e-03,1.142210606485605240e-02,-1.958221662789583206e-03,4.276715964078903198e-02,1.316882111132144928e-02,4.830780029296875000e-01,1.283399201929569244e-02,4.880364239215850830e-01,2.157628722488880157e-02,0.000000000000000000e+00,1.832917914725840092e-03,0.000000000000000000e+00,2.338212216272950172e-03,-4.663574974983930588e-03,-2.291988203069195151e-04,4.864485934376716614e-03,2.966024621855467558e-04,-7.319300784729421139e-04,1.058110137819312513e-04,2.399630146101117134e-03,1.389488927088677883e-03,7.297135889530181885e-02,7.635729853063821793e-04,7.298405468463897705e-02,2.008880488574504852e-03,0.000000000000000000e+00,-1.224423467647284269e-04,0.000000000000000000e+00,2.888267918024212122e-04
2.825890900567173958e-03,-3.853181842714548111e-04,2.851670840755105019e-03,9.940327145159244537e-04,5.768829584121704102e-02,-7.123772054910659790e-03,5.768829584121704102e-02,8.362744934856891632e-03,5.317608360201120377e-03,-4.473797453101724386e-04,5.317608360201120377e-03,4.473797453101724386e-04,0.000000000000000000e+00,0.000000000000000000e+00,0.000000000000000000e+00,0.000000000000000000e+00,2.954658865928649902e-02,-1.797361485660076141e-02,3.139884769916534424e-02,1.997092366218566895e-02,4.485420286655426025e-01,-5.201685056090354919e-02,4.485420286655426025e-01,5.623618885874748230e-02,5.622873082756996155e-02,-6.300837267190217972e-03,5.622873082756996155e-02,8.265611715614795685e-03,0.000000000000000000e+00,0.000000000000000000e+00,0.000000000000000000e+00,0.000000000000000000e+00,3.067727200686931610e-03,2.793471328914165497e-02,3.673027828335762024e-02,5.592557415366172791e-02,5.229235291481018066e-01,5.553874000906944275e-02,5.240901112556457520e-01,1.075673699378967285e-01,2.824369259178638458e-02,1.183276623487472534e-02,2.824369259178638458e-02,1.318207755684852600e-02,0.000000000000000000e+00,0.000000000000000000e+00,0.000000000000000000e+00,0.000000000000000000e+00,3.671661019325256348e-03,-6.043980829417705536e-04,3.671661019325256348e-03,1.650452380999922752e-03,4.742826893925666809e-02,1.610660739243030548e-02,5.585977807641029358e-02,1.653975620865821838e-02,1.635219203308224678e-03,8.360116044059395790e-05,1.635219203308224678e-03,5.369874415919184685e-04,0.000000000000000000e+00,0.000000000000000000e+00,0.000000000000000000e+00,0.000000000000000000e+00
0.000000000000000000e+00,0.000000000000000000e+00,0.000000000000000000e+00,0.000000000000000000e+00,5.248989909887313843e-04,3.949507954530417919e-04,5.248989909887313843e-04,5.248989909887313843e-04,7.434500008821487427e-02,1.302287168800830841e-02,8.253651857376098633e-02,1.399244554340839386e-02,1.676100492477416992e-02,2.909165574237704277e-03,2.119035832583904266e-02,3.090371610596776009e-03,0.000000000000000000e+00,0.000000000000000000e+00,0.000000000000000000e+00,0.000000000000000000e+00,3.240325301885604858e-02,8.603733964264392853e-03,3.240325301885604858e-02,2.552560158073902130e-02,4.113883972167968750e-01,-2.521167695522308350e-02,4.972539246082305908e-01,1.572127342224121094e-01,9.726864844560623169e-02,-1.152402628213167191e-02,1.225625798106193542e-01,3.557314723730087280e-02,0.000000000000000000e+00,0.000000000000000000e+00,0.000000000000000000e+00,0.000000000000000000e+00,1.602146774530410767e-02,-9.815298952162265778e-03,1.602146774530410767e-02,1.368448231369256973e-02,4.197049736976623535e-01,-5.817929655313491821e-02,5.294584035873413086e-01,1.437470018863677979e-01,9.756781905889511108e-02,-1.828433014452457428e-02,1.305955946445465088e-01,4.204497486352920532e-02,0.000000000000000000e+00,0.000000000000000000e+00,0.000000000000000000e+00,0.000000000000000000e+00,2.235707594081759453e-03,1.021490665152668953e-03,2.591951517388224602e-03,2.284452319145202637e-03,4.919242486357688904e-02,1.426488254219293594e-02,5.267439037561416626e-02,1.635412685573101044e-02,9.739943780004978180e-03,4.679247271269559860e-03,1.275711413472890854e-02,4.807518329471349716e-03
9.476681007072329521e-04,-6.583424401469528675e-04,1.462215906940400600e-03,8.906911825761198997e-04,7.984537631273269653e-02,2.545108785852789879e-03,7.984537631273269653e-02,7.069856394082307816e-03,1.576320454478263855e-02,4.591441247612237930e-04,1.992803066968917847e-02,2.747080987319350243e-03,-2.133696689270436764e-04,6.663476597168482840e-07,3.119121829513460398e-04,4.540105146588757634e-05,1.424543879693374038e-04,2.410720335319638252e-03,7.479696068912744522e-03,4.829690791666507721e-03,5.105297565460205078e-01,8.210720121860504150e-02,5.224754214286804199e-01,1.464877575635910034e-01,1.138433590531349182e-01,-4.001134261488914490e-02,1.242173686623573303e-01,4.575601220130920410e-02,-3.225129330530762672e-04,1.010724925436079502e-03,1.310809049755334854e-03,1.468230737373232841e-03,3.752118209376931190e-03,2.744533820077776909e-03,1.185491681098937988e-02,5.093434825539588928e-03,3.658299744129180908e-01,2.291176933795213699e-04,3.897212147712707520e-01,5.734020844101905823e-02,2.072065770626068115e-01,2.395616471767425537e-02,2.257193475961685181e-01,3.861647844314575195e-02,-9.471704106545075774e-05,1.736705889925360680e-04,7.337579154409468174e-04,1.736705889925360680e-04,2.289847470819950104e-03,6.621586508117616177e-04,2.800068818032741547e-03,1.258963951840996742e-03,3.768893331289291382e-02,-1.970355166122317314e-03,5.566630512475967407e-02,1.683916151523590088e-02,3.534439578652381897e-02,-7.540758233517408371e-04,3.617997467517852783e-02,4.296831320971250534e-03,-1.791239192243665457e-04,-5.973487532173749059e-06,2.806457632686942816e-04,1.162208209279924631e-04
0.000000000000000000e+00,0.000000000000000000e+00,0.000000000000000000e+00,0.000000000000000000e+00,0.000000000000000000e+00,0.000000000000000000e+00,0.000000000000000000e+00,0.000000000000000000e+00,2.311283024027943611e-03,4.631416231859475374e-04,2.311283024027943611e-03,1.097625587135553360e-03,6.030591204762458801e-03,6.403103470802307129e-03,7.313404697924852371e-03,6.699301768094301224e-03,0.000000000000000000e+00,0.000000000000000000e+00,0.000000000000000000e+00,0.000000000000000000e+00,1.461443118751049042e-02,1.461443118751049042e-02,1.461443118751049042e-02,1.461443118751049042e-02,1.459715962409973145e-01,2.030380219221115112e-01,1.725716441869735718e-01,2.169180959463119507e-01,1.001202389597892761e-01,4.471544548869132996e-02,1.087163314223289490e-01,9.334120154380798340e-02,0.000000000000000000e+00,0.000000000000000000e+00,0.000000000000000000e+00,0.000000000000000000e+00,4.863791540265083313e-02,-2.288294490426778793e-03,5.118501186370849609e-02,2.908080071210861206e-02,5.000995397567749023e-01,1.055224090814590454e-01,6.013856530189514160e-01,3.486698567867279053e-01,7.754994928836822510e-02,7.146427035331726074e-02,1.007947623729705811e-01,1.280969679355621338e-01,1.727279050101060420e-05,1.727279050101060420e-05,1.727279050101060420e-05,1.727279050101060420e-05,1.013812026940286160e-03,-2.639925514813512564e-05,1.170000154525041580e-02,5.321046337485313416e-03,1.159846410155296326e-01,-1.449571270495653152e-02,1.422586590051651001e-01,6.879223883152008057e-02,5.116623826324939728e-03,2.307251794263720512e-03,7.145364303141832352e-03,1.259755250066518784e-02
-1.121190725825726986e-04,2.665301435627043247e-04,2.486011711880564690e-03,1.466357032768428326e-03,5.209579691290855408e-02,3.606006735935807228e-03,5.264599248766899109e-02,8.064166642725467682e-03,3.100938163697719574e-02,-3.144946414977312088e-03,3.100938163697719574e-02,3.191183321177959442e-03,-1.179102182504720986e-04,-2.221341565018519759e-04,1.988522708415985107e-04,3.393978404346853495e-04,-4.117589909583330154e-03,1.699049584567546844e-02,1.875545457005500793e-02,2.032552473247051239e-02,1.895282864570617676e-01,-1.724466495215892792e-02,4.617123305797576904e-01,8.624637126922607422e-02,3.309153914451599121e-01,-9.792476892471313477e-03,3.309153914451599121e-01,3.507775440812110901e-02,4.224083095323294401e-04,0.000000000000000000e+00,4.224083095323294401e-04,0.000000000000000000e+00,-4.281351715326309204e-02,6.030653044581413269e-02,4.398043453693389893e-02,6.571070849895477295e-02,5.136268679052591324e-03,-5.156319960951805115e-02,3.216713368892669678e-01,1.226903051137924194e-01,4.298524260520935059e-01,-1.029911264777183533e-02,4.298524260520935059e-01,3.682306036353111267e-02,7.974535692483186722e-04,1.107901916839182377e-03,7.974535692483186722e-04,1.107901916839182377e-03,-4.859547596424818039e-03,-9.201234206557273865e-03,5.954309366643428802e-03,9.433311410248279572e-03,9.304999373853206635e-03,-1.530315261334180832e-02,4.558046907186508179e-02,1.976196095347404480e-02,5.994520708918571472e-02,6.279062479734420776e-03,5.994520708918571472e-02,7.056282367557287216e-03,0.000000000000000000e+00,0.000000000000000000e+00,0.000000000000000000e+00,0.000000000000000000e+00
5.150876822881400585e-04,-1.210890826769173145e-03,6.412313668988645077e-04,1.684447168372571468e-03,-1.598506700247526169e-03,-1.506821904331445694e-02,2.175129391252994537e-02,2.529378794133663177e-02,4.407056793570518494e-02,-1.850485615432262421e-02,4.588491842150688171e-02,3.204163908958435059e-02,7.249962654896080494e-04,-2.065935259452089667e-04,7.367251091636717319e-04,3.500323800835758448e-04,4.536199558060616255e-04,-1.127849682234227657e-03,2.702145837247371674e-03,7.110311649739742279e-03,3.243774771690368652e-01,3.306078165769577026e-02,3.397803902626037598e-01,5.462540313601493835e-02,-2.385868690907955170e-02,-2.960340119898319244e-02,5.553191900253295898e-01,1.028025597333908081e-01,1.277450472116470337e-03,5.771463038399815559e-04,2.240169327706098557e-03,2.890754025429487228e-03,-2.995608141645789146e-03,7.469932083040475845e-03,3.579171374440193176e-03,1.019242499023675919e-02,1.475093066692352295e-01,-3.156767785549163818e-02,1.679626107215881348e-01,9.970427304506301880e-02,1.415137052536010742e-01,2.831633575260639191e-02,5.463717579841613770e-01,2.510164082050323486e-01,1.611899212002754211e-02,-5.077205598354339600e-03,1.611899212002754211e-02,5.077205598354339600e-03,5.760311614722013474e-04,-4.245032323524355888e-04,9.214984020218253136e-04,1.901187468320131302e-03,-4.483569879084825516e-03,-1.676891464740037918e-03,8.275447413325309753e-03,8.229307830333709717e-03,2.373458072543144226e-02,8.478291332721710205e-03,5.391742661595344543e-02,1.362541038542985916e-02,6.999748758971691132e-03,-1.599902985617518425e-03,7.116523105651140213e-03,1.971280667930841446e-03
-2.705051098018884659e-03,1.695755054242908955e-04,2.706036204472184181e-03,2.429956657579168677e-04,5.117282271385192871e-02,-1.357190194539725780e-03,5.165164917707443237e-02,5.155292339622974396e-03,4.452003911137580872e-02,-2.517319284379482269e-03,4.453638195991516113e-02,5.850407294929027557e-03,-5.181636879569850862e-05,1.675347157288342714e-04,9.294929623138159513e-05,2.669856185093522072e-04,-1.785861141979694366e-02,-9.035586117533966899e-05,1.802163384854793549e-02,1.498518977314233780e-03,4.305329918861389160e-01,2.580042555928230286e-02,4.365806579589843750e-01,5.090815201401710510e-02,2.430175989866256714e-01,5.339832603931427002e-02,2.430175989866256714e-01,6.642635911703109741e-02,4.314235993660986423e-04,-1.387681695632636547e-03,5.054466309957206249e-04,1.593233318999409676e-03,-1.406864635646343231e-02,6.878378189867362380e-05,1.406864635646343231e-02,1.739499159157276154e-03,3.913494348526000977e-01,-2.212103269994258881e-02,3.935446441173553467e-01,4.025131091475486755e-02,2.842778265476226807e-01,-1.230384968221187592e-02,2.864643335342407227e-01,3.819765895605087280e-02,-2.109489287249743938e-04,2.441036340314894915e-04,2.109489287249743938e-04,3.062660573050379753e-03,-1.077593653462827206e-03,1.253888040082529187e-04,1.077593653462827206e-03,4.366536450106650591e-04,3.448407724499702454e-02,-3.905267221853137016e-03,3.492789715528488159e-02,6.725625135004520416e-03,6.272566318511962891e-02,-1.037343405187129974e-03,6.279801577329635620e-02,5.300907418131828308e-03,3.362755160196684301e-05,-1.549919761600904167e-05,8.450489258393645287e-05,6.587874959222972393e-04
7.310012588277459145e-04,-6.494612898677587509e-04,1.674182945862412453e-03,1.149977440945804119e-03,6.580638140439987183e-02,-1.433016452938318253e-02,6.671609729528427124e-02,1.582754030823707581e-02,2.402794733643531799e-02,-8.519127964973449707e-03,2.402794733643531799e-02,8.519127964973449707e-03,1.161161999334581196e-04,-5.455419159261509776e-05,1.201907434733584523e-04,5.455419159261509776e-05,5.699339453713037074e-06,1.381320320069789886e-02,1.135665830224752426e-02,1.422103773802518845e-02,2.450167983770370483e-01,-5.482047423720359802e-02,3.227534592151641846e-01,1.202090010046958923e-01,4.024979472160339355e-01,-4.742057994008064270e-02,4.064986407756805420e-01,4.765221476554870605e-02,4.748462233692407608e-04,0.000000000000000000e+00,5.926757585257291794e-04,0.000000000000000000e+00,1.289260806515812874e-03,3.042342606931924820e-03,1.256348006427288055e-02,8.361649699509143829e-03,1.766695678234100342e-01,1.018238067626953125e-01,2.820369005203247070e-01,1.066178008913993835e-01,4.011326432228088379e-01,5.436147376894950867e-02,4.017128646373748779e-01,7.303036749362945557e-02,5.345115205273032188e-04,1.000610063783824444e-04,6.808832404203712940e-04,1.306495541939511895e-04,-1.748454640619456768e-03,1.748507202137261629e-04,3.235049545764923096e-03,8.978176047094166279e-04,6.332252919673919678e-02,4.289677739143371582e-02,6.332252919673919678e-02,4.412962123751640320e-02,1.225413382053375244e-02,6.383319851011037827e-03,1.243268232792615891e-02,6.584176328033208847e-03,1.122723406297154725e-04,2.037267904597683810e-06,1.511642476543784142e-04,2.037267904597683810e-06
2.475627232342958450e-03,8.686249202582985163e-05,2.475627232342958450e-03,1.193463176605291665e-04,6.842464208602905273e-02,-5.376964807510375977e-03,6.842464208602905273e-02,6.096854805946350098e-03,6.204565288498997688e-04,5.095369415357708931e-04,3.544344333931803703e-03,1.343347481451928616e-03,1.163749839179217815e-04,-2.603554275992792100e-05,1.163749839179217815e-04,2.603554275992792100e-05,1.810954697430133820e-02,-3.113865677732974291e-04,1.810954697430133820e-02,1.188668422400951385e-03,4.670785665512084961e-01,-2.628984395414590836e-03,5.178329944610595703e-01,3.199592232704162598e-02,2.650703676044940948e-02,-4.248012322932481766e-03,3.582406044006347656e-02,1.514850277453660965e-02,7.847103988751769066e-04,1.633687788853421807e-04,7.847103988751769066e-04,1.633687788853421807e-04,1.509625185281038284e-02,6.463063764385879040e-04,1.509625185281038284e-02,1.119107822887599468e-03,4.714686870574951172e-01,1.238663028925657272e-02,5.153201222419738770e-01,3.229157254099845886e-02,2.395812794566154480e-02,8.343100547790527344e-03,2.913312986493110657e-02,1.465287711471319199e-02,6.417776457965373993e-04,-4.312159580877050757e-05,6.417776457965373993e-04,3.150401171296834946e-04,2.729685278609395027e-03,2.466043515596538782e-04,2.729685278609395027e-03,3.081726317759603262e-04,6.709795445203781128e-02,4.848599433898925781e-03,6.734074652194976807e-02,5.362446885555982590e-03,1.197572855744510889e-04,2.930858463514596224e-04,1.369260367937386036e-03,1.086977659724652767e-03,0.000000000000000000e+00,0.000000000000000000e+00,0.000000000000000000e+00,0.000000000000000000e+00
0.000000000000000000e+00,0.000000000000000000e+00,0.000000000000000000e+00,0.000000000000000000e+00,9.751333855092525482e-04,6.853720988146960735e-04,9.751333855092525482e-04,9.751333855092525482e-04,8.857041597366333008e-02,-1.541171688586473465e-02,9.218733757734298706e-02,3.025003895163536072e-02,3.733580699190497398e-03,-2.140097087249159813e-03,1.070873811841011047e-02,1.143427658826112747e-02,0.000000000000000000e+00,0.000000000000000000e+00,0.000000000000000000e+00,0.000000000000000000e+00,4.887695610523223877e-02,1.434156298637390137e-02,4.887695610523223877e-02,1.893674023449420929e-02,4.111991524696350098e-01,7.119020819664001465e-02,5.001724958419799805e-01,1.581856459379196167e-01,5.032607540488243103e-02,1.918334513902664185e-02,1.008068844676017761e-01,4.620930179953575134e-02,0.000000000000000000e+00,0.000000000000000000e+00,0.000000000000000000e+00,0.000000000000000000e+00,3.663600608706474304e-02,-1.477275136858224869e-02,3.663600608706474304e-02,2.612044662237167358e-02,4.486281275749206543e-01,-8.941899240016937256e-02,4.905927479267120361e-01,1.986654996871948242e-01,2.624351345002651215e-02,-2.376352436840534210e-02,6.097576394677162170e-02,8.525115996599197388e-02,0.000000000000000000e+00,0.000000000000000000e+00,0.000000000000000000e+00,0.000000000000000000e+00,4.816258791834115982e-03,1.843426609411835670e-03,4.816258791834115982e-03,2.309331204742193222e-03,5.432308465242385864e-02,-7.521094754338264465e-03,6.014621630311012268e-02,1.409384422004222870e-02,7.868825457990169525e-03,4.208680766168981791e-04,9.858373552560806274e-03,8.610562421381473541e-03
1.125550988945178688e-04,5.914936191402375698e-04,2.837113861460238695e-04,5.914936191402375698e-04,-1.768319867551326752e-03,3.353625768795609474e-03,2.473001834005117416e-03,3.353625768795609474e-03,6.619072705507278442e-02,3.098113927990198135e-03,6.619072705507278442e-02,3.708584466949105263e-03,1.103193426388315856e-04,-2.520505177017184906e-06,2.585715556051582098e-04,4.326764246798120439e-05,8.885771967470645905e-04,-2.683639060705900192e-03,1.207006978802382946e-03,2.756595611572265625e-03,-1.472048927098512650e-02,-2.786089107394218445e-02,1.649372652173042297e-02,3.240764886140823364e-02,4.744755923748016357e-01,6.999824661761522293e-03,4.744755923748016357e-01,2.655620500445365906e-02,1.167691196314990520e-03,6.402063299901783466e-04,1.528651686385273933e-03,6.402063299901783466e-04,7.172840996645390987e-04,-5.229850299656391144e-03,1.285996520891785622e-03,5.229850299656391144e-03,-8.078961633145809174e-03,-2.705126814544200897e-02,1.886582188308238983e-02,2.705126814544200897e-02,5.114942789077758789e-01,1.226459164172410965e-02,5.114942789077758789e-01,1.330972742289304733e-02,-2.569877251517027617e-04,-5.678880843333899975e-04,1.321488525718450546e-03,5.817496567033231258e-04,2.728655235841870308e-04,-5.336593603715300560e-04,2.843763795681297779e-04,5.336593603715300560e-04,1.637873356230556965e-03,-2.234263811260461807e-03,3.809698391705751419e-03,2.289037918671965599e-03,7.814024388790130615e-02,6.000095978379249573e-03,7.814024388790130615e-02,6.000095978379249573e-03,2.709489854169078171e-05,8.486126898787915707e-05,2.135899412678554654e-04,8.486126898787915707e-05
-3.294644702691584826e-04,-2.172711974708363414e-04,3.755846119020134211e-04,2.648538502398878336e-04,-2.342767780646681786e-03,-4.021211643703281879e-04,5.081566981971263885e-03,3.703054506331682205e-03,6.605465710163116455e-02,5.356494802981615067e-04,6.605465710163116455e-02,5.114842671900987625e-03,4.071822331752628088e-05,1.783393781806807965e-05,4.316322883823886514e-05,2.590110671008005738e-05,-1.218128367327153683e-03,3.687183198053389788e-04,1.218128367327153683e-03,5.641651805490255356e-04,-5.352409929037094116e-02,-1.321663055568933487e-02,8.838832378387451172e-02,3.619362041354179382e-02,4.896516799926757812e-01,-1.624180749058723450e-02,4.896516799926757812e-01,4.615938290953636169e-02,3.532356640789657831e-04,-8.118486148305237293e-04,3.532356640789657831e-04,8.118486148305237293e-04,-1.713858917355537415e-03,-6.905870395712554455e-04,1.713858917355537415e-03,6.905870395712554455e-04,-5.649140849709510803e-02,1.242258679121732712e-02,6.012066081166267395e-02,3.114630468189716339e-02,4.882478117942810059e-01,1.973780803382396698e-02,4.882478117942810059e-01,4.268828406929969788e-02,9.569120011292397976e-04,2.012264303630217910e-04,2.270940225571393967e-03,2.210271777585148811e-03,7.239053957164287567e-05,7.928055856609717011e-05,4.154694906901568174e-04,1.361466420348733664e-04,-6.184229627251625061e-03,3.130022378172725439e-04,1.450349669903516769e-02,5.245882086455821991e-03,7.019592821598052979e-02,3.633158848970197141e-05,7.050436735153198242e-02,3.998056985437870026e-03,-6.760114047210663557e-05,-8.998349221656098962e-05,2.849509764928370714e-04,1.586374564794823527e-04
-2.250291618111077696e-05,1.707082992652431130e-05,2.250291618111077696e-05,1.707082992652431130e-05,1.397310569882392883e-02,-4.865973314736038446e-04,2.582900039851665497e-02,7.041510543785989285e-04,-2.419950254261493683e-02,-4.730276486952789128e-05,6.717203557491302490e-02,1.251942594535648823e-04,-6.047484930604696274e-03,2.328079572180286050e-04,7.330331485718488693e-03,2.782479859888553619e-04,0.000000000000000000e+00,-9.231150150299072266e-03,0.000000000000000000e+00,9.231150150299072266e-03,1.814454942941665649e-01,3.006903454661369324e-02,2.165101319551467896e-01,7.763062417507171631e-02,-1.101805865764617920e-01,1.266076415777206421e-01,5.995612740516662598e-01,1.346600353717803955e-01,-8.957442641258239746e-02,5.484648281708359718e-04,9.868944436311721802e-02,1.432199589908123016e-02,3.170412310282699764e-05,-8.581547444919124246e-05,8.995477401185780764e-05,4.707782063633203506e-03,1.708747446537017822e-01,-9.284672141075134277e-02,2.037276923656463623e-01,1.000390201807022095e-01,1.005374714732170105e-01,7.821500301361083984e-02,5.718442797660827637e-01,9.684976935386657715e-02,-1.181832477450370789e-01,2.393382787704467773e-02,1.214851662516593933e-01,2.555601298809051514e-02,-1.211946255352813751e-05,-3.708709846250712872e-04,2.298363506270106882e-05,7.275113021023571491e-04,2.699994365684688091e-04,-6.422485224902629852e-03,6.985849235206842422e-03,7.260872982442378998e-03,5.041148513555526733e-02,-3.317141905426979065e-03,9.125424176454544067e-02,1.171405985951423645e-02,-9.481146931648254395e-03,4.797586239874362946e-03,9.492011740803718567e-03,4.863808397203683853e-03
-2.652304247021675110e-03,-5.598046816885471344e-03,3.941966686397790909e-03,5.976766813546419144e-03,4.745896160602569580e-02,-4.019642993807792664e-02,6.118438020348548889e-02,4.271068796515464783e-02,4.809633269906044006e-02,-4.260430112481117249e-03,5.268032476305961609e-02,6.473904475569725037e-03,3.179620834998786449e-04,-1.090484438464045525e-04,6.348312599584460258e-04,2.780107315629720688e-04,-5.729891825467348099e-03,2.716999128460884094e-02,1.956668682396411896e-02,3.508668020367622375e-02,3.668234348297119141e-01,9.976898133754730225e-02,3.902556002140045166e-01,1.926150768995285034e-01,2.982273995876312256e-01,2.342681400477886200e-02,3.293019533157348633e-01,4.571264609694480896e-02,2.303859684616327286e-03,-1.932255341671407223e-03,3.859563730657100677e-03,3.568464191630482674e-03,-6.413806974887847900e-02,5.006909370422363281e-02,6.459456682205200195e-02,5.073475092649459839e-02,2.721323370933532715e-01,4.876600578427314758e-02,3.794305026531219482e-01,8.309680968523025513e-02,2.996479570865631104e-01,-2.537546306848526001e-02,3.232041299343109131e-01,5.275683104991912842e-02,-2.140309428796172142e-03,1.451210933737456799e-03,6.412355229258537292e-03,3.784674219787120819e-03,-2.603921573609113693e-03,2.078812569379806519e-03,3.902403637766838074e-03,2.476712921634316444e-03,-8.422920480370521545e-03,3.462564572691917419e-02,5.966291576623916626e-02,3.463236987590789795e-02,4.712016135454177856e-02,-3.586311941035091877e-04,4.763238131999969482e-02,2.928280737251043320e-03,2.205389864684548229e-05,3.199029015377163887e-04,4.482735821511596441e-04,3.819402190856635571e-04
7.106035482138395309e-03,-3.022033954039216042e-03,7.607145700603723526e-03,3.088870318606495857e-03,3.235939890146255493e-02,-1.268202625215053558e-02,3.409655764698982239e-02,1.268202625215053558e-02,7.918802439235150814e-04,-3.490429662633687258e-04,7.918802439235150814e-04,3.490429662633687258e-04,0.000000000000000000e+00,0.000000000000000000e+00,0.000000000000000000e+00,0.000000000000000000e+00,4.693348600994795561e-04,-8.918486419133841991e-04,3.821064718067646027e-03,3.970657009631395340e-03,4.282959699630737305e-01,-1.805283427238464355e-01,4.945052266120910645e-01,1.811677217483520508e-01,5.089331790804862976e-02,-1.267541665583848953e-02,5.089331790804862976e-02,1.973587088286876678e-02,0.000000000000000000e+00,0.000000000000000000e+00,0.000000000000000000e+00,0.000000000000000000e+00,-2.355179283767938614e-03,1.324259210377931595e-03,4.234610591083765030e-03,4.022704903036355972e-03,4.451178610324859619e-01,1.293154358863830566e-01,4.973607957363128662e-01,1.625038236379623413e-01,4.918523505330085754e-02,3.492087591439485550e-03,5.479611456394195557e-02,3.523782640695571899e-02,0.000000000000000000e+00,0.000000000000000000e+00,0.000000000000000000e+00,0.000000000000000000e+00,5.496781319379806519e-03,3.123700153082609177e-03,5.828281864523887634e-03,3.551147878170013428e-03,2.933197841048240662e-02,1.150285359472036362e-02,3.518196567893028259e-02,1.518052536994218826e-02,1.194421853870153427e-02,-2.292186487466096878e-03,1.194421853870153427e-02,3.219844773411750793e-03,0.000000000000000000e+00,0.000000000000000000e+00,0.000000000000000000e+00,0.000000000000000000e+00
-4.335174744483083487e-04,-1.600538962520658970e-04,6.448236526921391487e-04,3.490801900625228882e-04,3.017633687704801559e-03,-1.320642069913446903e-03,4.224711563438177109e-03,3.922870848327875137e-03,3.468068689107894897e-02,-3.858007490634918213e-02,3.573324531316757202e-02,3.858007490634918213e-02,5.418038927018642426e-03,-6.894664838910102844e-03,5.537756253033876419e-03,7.036033552139997482e-03,-5.808216053992509842e-03,3.378364257514476776e-03,6.522629410028457642e-03,4.577954299747943878e-03,2.476981282234191895e-01,1.124383583664894104e-01,2.490164488554000854e-01,1.383261978626251221e-01,-2.156529873609542847e-01,3.037421405315399170e-01,2.425918430089950562e-01,3.358090519905090332e-01,1.964117586612701416e-02,-2.856322750449180603e-02,1.990344561636447906e-02,2.971702255308628082e-02,-1.542561873793601990e-02,1.223164517432451248e-02,1.761903427541255951e-02,1.223164517432451248e-02,3.833709359169006348e-01,-8.224380016326904297e-02,4.030169546604156494e-01,9.270893037319183350e-02,-3.207662375643849373e-03,1.560344994068145752e-01,3.182072341442108154e-01,2.385953664779663086e-01,-3.406982123851776123e-02,5.806367844343185425e-02,3.418515995144844055e-02,5.845686420798301697e-02,-2.117321593686938286e-03,1.589513500221073627e-03,2.473552478477358818e-03,1.589513500221073627e-03,9.630929678678512573e-03,-4.263156093657016754e-03,2.732435427606105804e-02,9.650177322328090668e-03,6.149690970778465271e-02,-1.218938361853361130e-02,6.250160932540893555e-02,1.275224797427654266e-02,-1.412822748534381390e-04,1.423338399035856128e-04,4.121235106140375137e-04,9.124426287598907948e-04
0.000000000000000000e+00,0.000000000000000000e+00,0.000000000000000000e+00,0.000000000000000000e+00,2.070377813652157784e-03,-1.185781875392422080e-04,3.542702179402112961e-03,2.317149890586733818e-03,6.338284164667129517e-02,9.270644746720790863e-03,1.069386973977088928e-01,1.321269385516643524e-02,1.164849381893873215e-02,1.330282073467969894e-03,1.227572560310363770e-02,1.914528431370854378e-03,0.000000000000000000e+00,-1.519869430921971798e-03,0.000000000000000000e+00,8.755070157349109650e-03,1.080235186964273453e-02,6.856600288301706314e-03,3.806327283382415771e-02,3.691374883055686951e-02,2.928551137447357178e-01,-1.672668159008026123e-01,4.762546718120574951e-01,2.132542282342910767e-01,8.429338037967681885e-02,-4.785068798810243607e-03,8.463904261589050293e-02,1.430795993655920029e-02,0.000000000000000000e+00,6.238012574613094330e-04,0.000000000000000000e+00,2.499980852007865906e-03,3.272107243537902832e-02,-1.476772502064704895e-02,3.474671021103858948e-02,2.503563463687896729e-02,3.589051067829132080e-01,2.020587325096130371e-01,5.623186230659484863e-01,2.415086925029754639e-01,7.820428162813186646e-02,8.547066710889339447e-03,7.933606207370758057e-02,8.789196610450744629e-03,2.304035842826124281e-05,3.102317714365199208e-05,5.156319093657657504e-05,2.120668796123936772e-04,6.055602570995688438e-04,-5.870965469512157142e-05,1.624798867851495743e-03,1.728862174786627293e-03,7.705767452716827393e-02,5.193112418055534363e-03,1.200518608093261719e-01,1.014076359570026398e-02,3.972805105149745941e-03,7.884399383328855038e-04,4.527662415057420731e-03,8.866319549269974232e-04
0.000000000000000000e+00,0.000000000000000000e+00,0.000000000000000000e+00,0.000000000000000000e+00,5.091772181913256645e-04,5.641262760036624968e-05,5.091772181913256645e-04,4.063178494106978178e-04,1.106652338057756424e-02,4.400427266955375671e-02,4.502318054437637329e-02,4.688214883208274841e-02,6.510038860142230988e-03,-6.206613965332508087e-03,6.510038860142230988e-03,6.292215548455715179e-03,0.000000000000000000e+00,0.000000000000000000e+00,0.000000000000000000e+00,0.000000000000000000e+00,1.892707198858261108e-01,3.749754652380943298e-02,1.892707198858261108e-01,3.749754652380943298e-02,3.175004720687866211e-01,1.898946613073348999e-01,4.878998100757598877e-01,2.004175335168838501e-01,-5.757618322968482971e-02,6.144715473055839539e-02,6.124409288167953491e-02,6.520854681730270386e-02,0.000000000000000000e+00,0.000000000000000000e+00,0.000000000000000000e+00,0.000000000000000000e+00,1.545882523059844971e-01,-3.467862308025360107e-02,1.545882523059844971e-01,3.467862308025360107e-02,4.557007849216461182e-01,-6.266142427921295166e-02,4.565429985523223877e-01,7.712841033935546875e-02,-9.104257449507713318e-03,1.000642124563455582e-02,9.605952538549900055e-03,1.185767725110054016e-02,0.000000000000000000e+00,0.000000000000000000e+00,0.000000000000000000e+00,0.000000000000000000e+00,6.166436709463596344e-03,-6.498199654743075371e-04,6.166436709463596344e-03,8.046215516515076160e-04,7.727325707674026489e-02,-1.236309017986059189e-02,7.728310674428939819e-02,1.264002267271280289e-02,-3.793296127696521580e-05,2.125414903275668621e-04,1.756694109644740820e-04,2.329907292732968926e-04
0.000000000000000000e+00,0.000000000000000000e+00,0.000000000000000000e+00,0.000000000000000000e+00,0.000000000000000000e+00,0.000000000000000000e+00,0.000000000000000000e+00,0.000000000000000000e+00,2.173194894567131996e-03,1.199106778949499130e-02,5.087373778223991394e-03,1.199106778949499130e-02,9.747127769514918327e-04,8.677012519910931587e-04,1.419104752130806446e-03,9.577909368090331554e-04,0.000000000000000000e+00,0.000000000000000000e+00,0.000000000000000000e+00,0.000000000000000000e+00,8.726064115762710571e-02,9.910320490598678589e-02,8.726064115762710571e-02,9.910320490598678589e-02,1.892206445336341858e-02,1.543076783418655396e-01,2.005810737609863281e-01,3.609118759632110596e-01,2.497309297323226929e-01,1.411288827657699585e-01,4.006666839122772217e-01,3.937961459159851074e-01,0.000000000000000000e+00,0.000000000000000000e+00,0.000000000000000000e+00,0.000000000000000000e+00,8.726064115762710571e-02,-9.910320490598678589e-02,8.726064115762710571e-02,9.910320490598678589e-02,2.141539705917239189e-03,-1.816045790910720825e-01,2.651714682579040527e-01,3.029552698135375977e-01,2.069252878427505493e-01,-8.315883576869964600e-02,2.223075628280639648e-01,2.021873444318771362e-01,0.000000000000000000e+00,0.000000000000000000e+00,0.000000000000000000e+00,0.000000000000000000e+00,0.000000000000000000e+00,0.000000000000000000e+00,0.000000000000000000e+00,0.000000000000000000e+00,2.060486702248454094e-03,-1.807053777156397700e-04,2.060486702248454094e-03,1.807053777156397700e-04,2.466819807887077332e-02,-2.013749629259109497e-02,2.873333357274532318e-02,2.044301293790340424e-02
5.570129025727510452e-03,2.619340666569769382e-04,8.740831166505813599e-03,6.633234210312366486e-03,6.687847524881362915e-02,-5.791546311229467392e-03,6.808213889598846436e-02,1.467743702232837677e-02,6.038593128323554993e-03,-4.242626484483480453e-03,1.148804090917110443e-02,4.835684783756732941e-03,1.055774409906007349e-04,-1.489440328441560268e-04,1.055774409906007349e-04,2.518113178666681051e-04,1.108711883425712585e-01,-1.211011689156293869e-02,1.196864321827888489e-01,2.753082849085330963e-02,4.068987667560577393e-01,1.130220480263233185e-02,4.946845769882202148e-01,5.717545375227928162e-02,6.850876659154891968e-02,-2.288633398711681366e-02,7.313498109579086304e-02,5.830398574471473694e-02,1.668557408265769482e-03,7.429816178046166897e-04,1.668557408265769482e-03,9.832371724769473076e-04,1.307306587696075439e-01,-5.673926323652267456e-03,1.417334973812103271e-01,5.921890959143638611e-02,4.596427083015441895e-01,-1.478594075888395309e-02,5.049772858619689941e-01,8.495734632015228271e-02,4.406391829252243042e-02,3.451626747846603394e-02,8.577957004308700562e-02,5.237638577818870544e-02,1.480304053984582424e-03,-1.274697715416550636e-04,1.480304053984582424e-03,4.743616736959666014e-04,5.482284352183341980e-03,8.238555863499641418e-03,6.122797261923551559e-03,8.519305847585201263e-03,5.959919467568397522e-02,1.420964603312313557e-03,5.959919467568397522e-02,5.474807694554328918e-03,5.884089507162570953e-03,1.748861512169241905e-03,7.057589013129472733e-03,3.566757775843143463e-03,0.000000000000000000e+00,0.000000000000000000e+00,0.000000000000000000e+00,0.000000000000000000e+00
-7.963460870087146759e-03,4.824471834581345320e-04,7.997280918061733246e-03,5.312429275363683701e-04,4.861789196729660034e-02,-2.758963964879512787e-03,4.920011386275291443e-02,3.265391569584608078e-03,4.510095342993736267e-02,-3.842070698738098145e-03,4.553675279021263123e-02,4.234382882714271545e-03,0.000000000000000000e+00,1.243234291905537248e-04,0.000000000000000000e+00,1.763168402248993516e-04,-7.557640224695205688e-02,8.547090925276279449e-03,7.600989192724227905e-02,8.647890761494636536e-03,2.036468833684921265e-01,-1.666877069510519505e-03,2.085447460412979126e-01,2.213662117719650269e-02,4.409532248973846436e-01,-1.477669179439544678e-02,4.437919557094573975e-01,2.496583573520183563e-02,0.000000000000000000e+00,1.509221619926393032e-04,0.000000000000000000e+00,1.509221619926393032e-04,-8.972471207380294800e-02,9.437837288714945316e-04,9.038413316011428833e-02,1.014044880867004395e-02,1.974755972623825073e-01,3.453840967267751694e-03,2.056500464677810669e-01,2.314605191349983215e-02,4.403633177280426025e-01,1.527222897857427597e-02,4.469147920608520508e-01,2.319636009633541107e-02,0.000000000000000000e+00,-1.283008605241775513e-03,0.000000000000000000e+00,3.495990764349699020e-03,-5.852560047060251236e-03,-4.646296147257089615e-03,5.886933766305446625e-03,4.759856965392827988e-03,4.689710959792137146e-02,3.376187989488244057e-03,4.785211011767387390e-02,4.671077709645032883e-03,4.592130705714225769e-02,2.433516317978501320e-03,4.733983054757118225e-02,3.797619137912988663e-03,0.000000000000000000e+00,-3.975167055614292622e-05,0.000000000000000000e+00,3.535061841830611229e-04
-6.099989986978471279e-04,3.908864891855046153e-05,6.099989986978471279e-04,5.132302612764760852e-05,-2.270358987152576447e-02,-5.063670687377452850e-04,2.270358987152576447e-02,9.256480843760073185e-04,5.297051370143890381e-02,2.458969131112098694e-03,5.345030501484870911e-02,2.961574820801615715e-03,2.463945129420608282e-04,1.651651255087926984e-04,2.743522927630692720e-04,2.298260369570925832e-04,-3.966787829995155334e-03,3.951825783587992191e-04,3.966787829995155334e-03,3.951825783587992191e-04,-2.237333357334136963e-01,-4.618924576789140701e-03,2.237333357334136963e-01,2.125218883156776428e-02,4.446195363998413086e-01,2.985734958201646805e-03,4.479511082172393799e-01,2.808036655187606812e-02,-2.201641676947474480e-03,-5.441488974611274898e-05,3.065007040277123451e-03,3.660361515358090401e-03,-4.324817564338445663e-03,-1.618526002857834101e-04,4.324817564338445663e-03,6.373798241838812828e-04,-2.152231335639953613e-01,-6.003907416015863419e-03,2.164297699928283691e-01,3.262503817677497864e-02,4.388933479785919189e-01,2.866793796420097351e-02,4.446624815464019775e-01,4.556054994463920593e-02,2.061098348349332809e-03,-1.496862503699958324e-03,3.109262790530920029e-03,1.496862503699958324e-03,-8.104129228740930557e-04,1.550149318063631654e-05,8.121916907839477062e-04,8.297392196254804730e-05,-1.264700293540954590e-02,-1.804441330023109913e-03,2.729167789220809937e-02,2.974754432216286659e-03,4.914262145757675171e-02,3.572674002498388290e-03,5.063530057668685913e-02,4.409233108162879944e-03,1.091382873710244894e-04,2.204128577432129532e-05,9.428365156054496765e-04,3.658973437268286943e-04
1.176784746348857880e-03,-2.607951755635440350e-04,1.427307259291410446e-03,6.283873226493597031e-04,5.674352496862411499e-02,-1.655985601246356964e-02,5.674352496862411499e-02,1.663211733102798462e-02,3.374709188938140869e-02,-5.364364944398403168e-03,3.374709188938140869e-02,5.364364944398403168e-03,1.163704902864992619e-03,-2.341629005968570709e-04,1.211447408422827721e-03,2.542295260354876518e-04,1.496790209785103798e-03,-1.253964146599173546e-03,7.842510007321834564e-03,2.615293720737099648e-03,3.904286623001098633e-01,3.517371043562889099e-02,4.097788929939270020e-01,1.639873534440994263e-01,3.097593486309051514e-01,2.732737176120281219e-02,3.097593486309051514e-01,6.030304729938507080e-02,8.589203469455242157e-03,-5.329811829142272472e-04,8.925578556954860687e-03,1.912445644848048687e-03,3.477276302874088287e-03,4.342570900917053223e-03,1.114475913345813751e-02,7.375251967459917068e-03,3.258132338523864746e-01,-1.793773286044597626e-02,3.298052251338958740e-01,7.784894108772277832e-02,3.178864717483520508e-01,-8.302809298038482666e-02,3.178864717483520508e-01,8.302809298038482666e-02,9.966636076569557190e-03,-2.283979905769228935e-03,1.073396485298871994e-02,2.460578922182321548e-03,2.284392481669783592e-03,2.310140116605907679e-04,2.334010321646928787e-03,6.678338395431637764e-04,2.715940214693546295e-02,-2.268174896016716957e-03,2.828815765678882599e-02,4.690504167228937149e-03,5.677374824881553650e-02,2.398302749497815967e-04,5.677374824881553650e-02,3.027753671631217003e-03,1.437820610590279102e-03,-1.401243935106322169e-04,1.473627518862485886e-03,3.726124996319413185e-04
-1.906233592308126390e-05,-1.861475757323205471e-04,1.660948328208178282e-04,3.675725602079182863e-04,6.065821275115013123e-03,-8.627030183561146259e-04,1.165588293224573135e-02,3.304266370832920074e-03,6.462582200765609741e-02,-2.821387024596333504e-03,6.462582200765609741e-02,2.821387024596333504e-03,0.000000000000000000e+00,0.000000000000000000e+00,0.000000000000000000e+00,0.000000000000000000e+00,3.946312353946268559e-04,1.155124278739094734e-03,5.941661540418863297e-03,2.692316193133592606e-03,-2.320387400686740875e-02,-1.449938304722309113e-02,8.226391673088073730e-02,2.300572954118251801e-02,5.123428106307983398e-01,-8.959233760833740234e-03,5.123428106307983398e-01,2.257905900478363037e-02,0.000000000000000000e+00,0.000000000000000000e+00,0.000000000000000000e+00,0.000000000000000000e+00,4.640051920432597399e-04,7.225052686408162117e-04,1.619514776393771172e-03,9.009803179651498795e-04,1.299867033958435059e-02,2.385104447603225708e-02,8.359063416719436646e-02,3.192344307899475098e-02,4.649087190628051758e-01,3.186602378264069557e-03,4.717345237731933594e-01,2.650325559079647064e-02,1.081766095012426376e-03,-9.693414322100579739e-04,1.401474233716726303e-03,9.693414322100579739e-04,-3.156351522193290293e-05,-1.543103135190904140e-04,5.634829285554587841e-04,3.778279351536184549e-04,-6.558867753483355045e-04,-1.486968831159174442e-03,4.912564996629953384e-03,2.148367930203676224e-03,6.885132938623428345e-02,-1.175789802800863981e-04,6.972771137952804565e-02,1.636608853004872799e-03,2.557286643423140049e-04,7.536596240242943168e-05,2.777728659566491842e-04,1.940375368576496840e-04
9.524002671241760254e-04,1.035839784890413284e-03,1.689481898210942745e-03,1.171583775430917740e-03,6.558912992477416992e-02,-3.024579212069511414e-02,6.711124628782272339e-02,3.187737241387367249e-02,1.575746014714241028e-02,5.861980607733130455e-04,1.737654581665992737e-02,7.518932223320007324e-03,1.534578274004161358e-03,1.176501624286174774e-03,1.570542692206799984e-03,1.251221052370965481e-03,4.885849542915821075e-03,6.656934972852468491e-03,1.125695556402206421e-02,1.143119670450687408e-02,2.969494760036468506e-01,-2.506107464432716370e-02,3.266505002975463867e-01,1.124637275934219360e-01,3.429334163665771484e-01,-2.305563353002071381e-02,3.429334163665771484e-01,7.450684905052185059e-02,5.684532690793275833e-03,5.182639579288661480e-04,6.185139529407024384e-03,2.959911245852708817e-03,1.786576234735548496e-03,3.457553917542099953e-03,5.634569562971591949e-03,6.815174128860235214e-03,3.002879917621612549e-01,3.597948700189590454e-02,3.857920169830322266e-01,1.095817461609840393e-01,3.497785031795501709e-01,8.201801776885986328e-02,3.551016747951507568e-01,1.051454469561576843e-01,1.342621864750981331e-03,2.095748670399188995e-03,2.138052368536591530e-03,3.680400084704160690e-03,-1.129395794123411179e-03,-1.106597948819398880e-03,3.347531193867325783e-03,3.330501960590481758e-03,6.957551836967468262e-02,6.871781498193740845e-02,7.114160805940628052e-02,7.028390467166900635e-02,1.379709411412477493e-02,8.218469098210334778e-03,1.421947404742240906e-02,9.458705782890319824e-03,-4.652107963920570910e-05,-4.652107963920570910e-05,7.716603431617841125e-05,7.716603431617841125e-05
-4.561393870972096920e-04,-4.231837010593153536e-06,4.561393870972096920e-04,5.212176620261743665e-05,-5.254416028037667274e-04,-2.220153983216732740e-04,8.772541582584381104e-02,1.054396037943661213e-03,3.217577934265136719e-02,-2.577568811830133200e-04,3.217577934265136719e-02,3.001875593326985836e-04,1.041105788317508996e-04,-1.231305986948427744e-06,1.041105788317508996e-04,1.231305986948427744e-06,-1.712183584459125996e-03,-3.459278377704322338e-04,2.452565822750329971e-03,7.140779634937644005e-04,-2.578858844935894012e-02,-5.012483801692724228e-03,6.037742495536804199e-01,1.348034478724002838e-02,2.434868812561035156e-01,-7.770973723381757736e-03,2.434868812561035156e-01,1.025650184601545334e-02,5.962591385468840599e-04,2.400093508185818791e-04,6.847138283774256706e-04,3.088318044319748878e-04,-4.562120884656906128e-03,-1.500503276474773884e-03,4.831588827073574066e-03,3.477165475487709045e-03,2.119239792227745056e-02,-1.549388840794563293e-02,6.248496174812316895e-01,8.098603039979934692e-02,2.204460054636001587e-01,1.289763767272233963e-02,2.204460054636001587e-01,2.246013097465038300e-02,-3.700938832480460405e-04,-3.903741016983985901e-04,5.756150931119918823e-04,3.903741016983985901e-04,-7.595907896757125854e-03,-4.311995580792427063e-03,7.595907896757125854e-03,4.332281649112701416e-03,4.634118080139160156e-02,1.577064581215381622e-02,8.165415376424789429e-02,3.303927183151245117e-02,7.496814709156751633e-03,4.402287770062685013e-03,7.539245299994945526e-03,4.492401145398616791e-03,-4.480536881601437926e-05,7.179364183684810996e-05,7.312174420803785324e-05,7.179364183684810996e-05
1.960458757821470499e-04,-1.609173050383105874e-04,7.488452829420566559e-04,1.917106448672711849e-03,-1.792082679457962513e-03,5.868161562830209732e-03,6.537627428770065308e-03,8.576105348765850067e-03,3.305638208985328674e-02,-6.061415188014507294e-03,4.179341718554496765e-02,1.980502530932426453e-02,2.119201608002185822e-02,-1.623675413429737091e-02,3.963559120893478394e-02,2.998916432261466980e-02,1.192711410112679005e-03,-2.541543915867805481e-03,1.192711410112679005e-03,2.541543915867805481e-03,4.473415017127990723e-02,2.174874534830451012e-03,7.520553469657897949e-02,6.539455056190490723e-02,3.388508260250091553e-01,4.364898055791854858e-02,4.412010014057159424e-01,2.334935218095779419e-01,1.168262511491775513e-01,5.373226851224899292e-02,3.879302442073822021e-01,1.556153744459152222e-01,0.000000000000000000e+00,0.000000000000000000e+00,0.000000000000000000e+00,0.000000000000000000e+00,3.140728548169136047e-02,-3.911519050598144531e-02,3.140728548169136047e-02,3.911519050598144531e-02,2.880953848361968994e-01,-2.113919705152511597e-03,3.505310714244842529e-01,1.990261077880859375e-01,1.152794361114501953e-01,-1.958563551306724548e-02,2.690944075584411621e-01,2.496367245912551880e-01,0.000000000000000000e+00,0.000000000000000000e+00,0.000000000000000000e+00,0.000000000000000000e+00,0.000000000000000000e+00,0.000000000000000000e+00,0.000000000000000000e+00,0.000000000000000000e+00,1.065089628100395203e-01,-1.025885157287120819e-02,1.071777641773223877e-01,2.174296788871288300e-02,-1.517663616687059402e-02,-9.768810123205184937e-03,3.513295203447341919e-02,1.999901048839092255e-02
