6.899064173921942711e-04,-1.122473404393531382e-04,8.076949743553996086e-04,1.258953270735219121e-04,8.101462386548519135e-03,6.674345931969583035e-04,1.322113163769245148e-02,1.168558257631957531e-03,7.135398685932159424e-02,8.847946301102638245e-04,7.135398685932159424e-02,1.810334506444633007e-03,-1.461335250496631488e-05,-1.765329398040194064e-05,4.430658009368926287e-05,3.701676541822962463e-05,4.570076242089271545e-03,7.065714453347027302e-05,5.769623909145593643e-03,1.564686535857617855e-03,6.135152280330657959e-02,-1.058787852525711060e-02,6.846550852060317993e-02,2.057521790266036987e-02,5.022711753845214844e-01,1.814876124262809753e-02,5.022711753845214844e-01,2.148650586605072021e-02,0.000000000000000000e+00,0.000000000000000000e+00,0.000000000000000000e+00,0.000000000000000000e+00,8.369985967874526978e-03,-2.108972286805510521e-03,8.952752687036991119e-03,2.628127112984657288e-03,9.050746262073516846e-02,1.665818877518177032e-02,9.933682531118392944e-02,2.500931173563003540e-02,4.724858105182647705e-01,-2.985765226185321808e-03,4.724858105182647705e-01,2.112455293536186218e-02,0.000000000000000000e+00,0.000000000000000000e+00,0.000000000000000000e+00,0.000000000000000000e+00,1.928134937770664692e-03,-3.126140218228101730e-04,2.030704868957400322e-03,3.268147702328860760e-04,1.706979237496852875e-02,-6.555066211149096489e-04,1.995234005153179169e-02,2.279946347698569298e-03,6.473404169082641602e-02,3.994556609541177750e-03,6.473404169082641602e-02,4.178725648671388626e-03,0.000000000000000000e+00,0.000000000000000000e+00,0.000000000000000000e+00,0.000000000000000000e+00
9.603543730918318033e-05,-6.259400106500834227e-05,1.917375775519758463e-04,8.832444291329011321e-05,5.048568360507488251e-03,-2.926408778876066208e-04,9.080447256565093994e-03,1.631096936762332916e-03,6.258379667997360229e-02,-9.744588169269263744e-04,6.264379620552062988e-02,1.195161021314561367e-03,5.558305815611674916e-07,-4.382252882351167500e-06,6.984379433561116457e-05,4.382252882351167500e-06,-2.218360896222293377e-04,-1.922272203955799341e-04,2.877053804695606232e-03,5.245667416602373123e-04,-2.158619463443756104e-02,-7.503874599933624268e-03,4.441372305154800415e-02,1.395401451736688614e-02,4.896707832813262939e-01,-7.668533828109502792e-03,4.896707832813262939e-01,1.318172831088304520e-02,1.615952205611392856e-04,-1.063641320797614753e-04,6.037001730874180794e-04,2.840495726559311152e-04,3.553574206307530403e-04,-2.433668705634772778e-04,9.587857639417052269e-04,1.075234613381326199e-03,-3.171677142381668091e-02,1.249469723552465439e-02,3.670738264918327332e-02,1.437612250447273254e-02,4.987672865390777588e-01,1.741791702806949615e-02,4.987672865390777588e-01,2.114930935204029083e-02,-2.894873032346367836e-04,-1.466337125748395920e-04,1.755536184646189213e-03,7.276198593899607658e-04,2.506193231965880841e-05,-1.087008713511750102e-04,1.390330580761656165e-04,1.135551065090112388e-04,3.069173544645309448e-03,-6.112745904829353094e-05,6.235451903194189072e-03,1.034589833579957485e-03,6.518280506134033203e-02,1.556047936901450157e-04,6.518280506134033203e-02,1.453867997042834759e-03,-1.184844732051715255e-04,-6.140276695987267885e-07,2.497643581591546535e-04,8.301452908199280500e-05
0.000000000000000000e+00,-1.597782829776406288e-04,0.000000000000000000e+00,3.386664611753076315e-04,2.325594797730445862e-02,3.753582946956157684e-03,2.353180386126041412e-02,5.153352860361337662e-03,2.397683262825012207e-02,2.643457148224115372e-03,6.945771723985671997e-02,5.424732342362403870e-03,-2.698647585930302739e-05,1.455306191928684711e-04,1.746672933222725987e-04,1.543711696285754442e-04,-3.576491435524076223e-04,-2.844228583853691816e-04,6.406371248885989189e-04,4.161856602877378464e-03,3.928716182708740234e-01,3.479599952697753906e-02,3.984927535057067871e-01,4.091703891754150391e-02,-4.750330746173858643e-02,3.080174513161182404e-02,5.000499486923217773e-01,4.039997234940528870e-02,-1.526930951513350010e-03,-3.664335526991635561e-04,2.288465155288577080e-03,8.487470331601798534e-04,-8.912006160244345665e-05,1.283965772017836571e-03,8.410817827098071575e-04,8.119243197143077850e-03,2.311232089996337891e-01,-5.179088190197944641e-02,2.355118542909622192e-01,1.098974645137786865e-01,9.611290693283081055e-02,-8.851909637451171875e-02,4.814080297946929932e-01,2.097219079732894897e-01,-2.248646691441535950e-03,2.733021683525294065e-04,3.733459394425153732e-03,8.020845125429332256e-04,3.965072755818255246e-05,-1.735190307954326272e-04,5.229857561062090099e-05,3.712636535055935383e-04,4.069832339882850647e-02,4.116025287657976151e-03,4.147213697433471680e-02,5.756000988185405731e-03,6.846073549240827560e-03,3.520637750625610352e-03,4.919697716832160950e-02,6.114420481026172638e-03,-2.320674393558874726e-04,-3.605506208259612322e-05,3.832663933280855417e-04,6.240948277991265059e-05
1.256146206287667155e-04,-1.956239284481853247e-04,4.035888123326003551e-04,2.273924037581309676e-04,5.380254238843917847e-02,-2.865725196897983551e-03,6.795274466276168823e-02,3.232540795579552650e-03,-3.923054784536361694e-03,-1.201468840008601546e-04,7.236434612423181534e-03,1.134897232986986637e-03,1.252931688213720918e-04,-6.860207940917462111e-05,1.530536974314600229e-04,1.189984686789102852e-04,-4.201749339699745178e-03,8.906431612558662891e-04,4.780241753906011581e-03,1.845047809183597565e-03,4.204019904136657715e-01,1.867825351655483246e-02,5.904743075370788574e-01,2.835240215063095093e-02,-6.393644958734512329e-02,6.530090235173702240e-03,9.673871099948883057e-02,2.142516896128654480e-02,-7.763612302369438112e-06,2.626971574500203133e-03,3.959410823881626129e-04,2.881026361137628555e-03,-4.566795192658901215e-03,8.100400445982813835e-04,7.211630698293447495e-03,1.428962219506502151e-03,3.758016526699066162e-01,-5.003597121685743332e-03,5.409793257713317871e-01,3.362287208437919617e-02,-2.798144705593585968e-02,-9.307362139225006104e-03,9.732305258512496948e-02,3.347142040729522705e-02,-2.018523373408243060e-04,-1.253961119800806046e-03,2.018523373408243060e-04,2.536514075472950935e-03,2.144093305105343461e-04,-2.405641134828329086e-04,1.112331985495984554e-03,4.452430002856999636e-04,4.491898417472839355e-02,-2.353996038436889648e-03,5.577423423528671265e-02,3.467894159257411957e-03,3.223675535991787910e-03,-4.479894414544105530e-04,9.606624022126197815e-03,2.080667531117796898e-03,1.064113803295185789e-05,2.675500218174420297e-05,1.064113803295185789e-05,2.675500218174420297e-05
2.409372944384813309e-03,3.082412295043468475e-04,2.601998159661889076e-03,4.188111051917076111e-04,-7.899756543338298798e-03,-1.277830218896269798e-03,7.899756543338298798e-03,1.777491066604852676e-03,5.284741148352622986e-02,1.979524968191981316e-03,5.284741148352622986e-02,2.952986862510442734e-03,5.186877388041466475e-05,-1.035542572935810313e-05,9.918852447299286723e-05,4.070239447173662484e-05,1.138461939990520477e-02,1.213137875311076641e-03,1.535671111196279526e-02,2.115883631631731987e-03,-1.187584772706031799e-01,-4.898180440068244934e-02,1.187584772706031799e-01,4.898180440068244934e-02,4.513987600803375244e-01,-1.720515638589859009e-02,4.521131217479705811e-01,3.071273677051067352e-02,-7.202389533631503582e-04,-5.287635722197592258e-04,2.101514954119920731e-03,1.243996899574995041e-03,4.180989693850278854e-03,1.333126914687454700e-03,1.457515917718410492e-02,3.101919544860720634e-03,-1.291156113147735596e-01,-3.825353831052780151e-02,1.428456604480743408e-01,5.019473657011985779e-02,4.980790615081787109e-01,1.709263212978839874e-02,5.030900835990905762e-01,2.325000800192356110e-02,2.721866592764854431e-03,6.249095895327627659e-04,2.721866592764854431e-03,1.036680187098681927e-03,-7.289398345164954662e-04,2.194347871409263462e-06,1.878340961411595345e-03,2.516059321351349354e-04,-5.441961809992790222e-03,3.948554862290620804e-03,1.472030486911535263e-02,4.352891817688941956e-03,6.254784762859344482e-02,2.251926576718688011e-03,6.267777830362319946e-02,2.629282651469111443e-03,2.203854382969439030e-04,-2.719736039580311626e-05,2.203854382969439030e-04,2.719736039580311626e-05
1.657220273045822978e-04,-5.093421204946935177e-04,2.983875165227800608e-04,5.093421204946935177e-04,7.650128751993179321e-02,-8.542459458112716675e-03,7.766815274953842163e-02,8.542459458112716675e-03,4.515433683991432190e-03,1.118620042689144611e-03,6.742094643414020538e-03,2.547438256442546844e-03,1.907097175717353821e-04,9.446293006476480514e-06,1.907097175717353821e-04,1.446571968699572608e-05,7.167715812101960182e-04,1.106351730413734913e-03,1.234951778315007687e-03,1.610492239706218243e-03,4.878102540969848633e-01,-6.450673937797546387e-02,5.118076205253601074e-01,6.676559150218963623e-02,1.072816923260688782e-01,-1.791287772357463837e-02,1.154694780707359314e-01,2.537308819591999054e-02,5.764823290519416332e-04,1.464492816012352705e-04,5.764823290519416332e-04,2.713193243835121393e-04,-1.209184178151190281e-03,1.173834782093763351e-03,1.461451407521963120e-03,2.605306450277566910e-03,4.128541052341461182e-01,3.782515600323677063e-02,4.313662350177764893e-01,7.076097279787063599e-02,1.896819174289703369e-01,1.052139978855848312e-02,1.966397166252136230e-01,4.773260653018951416e-02,0.000000000000000000e+00,0.000000000000000000e+00,0.000000000000000000e+00,0.000000000000000000e+00,-3.931814571842551231e-04,1.428425457561388612e-04,5.297218449413776398e-04,1.428425457561388612e-04,7.634132355451583862e-02,2.836404740810394287e-02,7.805344462394714355e-02,2.836404740810394287e-02,2.577714389190077782e-03,1.103039365261793137e-03,2.577714389190077782e-03,1.255375915206968784e-03,0.000000000000000000e+00,0.000000000000000000e+00,0.000000000000000000e+00,0.000000000000000000e+00
0.000000000000000000e+00,0.000000000000000000e+00,0.000000000000000000e+00,0.000000000000000000e+00,0.000000000000000000e+00,0.000000000000000000e+00,0.000000000000000000e+00,0.000000000000000000e+00,1.213576833833940327e-04,-1.213576833833940327e-04,1.213576833833940327e-04,1.213576833833940327e-04,1.384826749563217163e-02,1.360055059194564819e-02,2.434141933917999268e-02,1.489140093326568604e-02,0.000000000000000000e+00,0.000000000000000000e+00,0.000000000000000000e+00,0.000000000000000000e+00,6.244455650448799133e-02,4.728928208351135254e-02,6.244455650448799133e-02,4.728928208351135254e-02,8.256538212299346924e-02,1.280422210693359375e-01,1.905302703380584717e-01,2.204597890377044678e-01,3.579221963882446289e-01,-9.193398803472518921e-02,5.381549596786499023e-01,5.837080478668212891e-01,0.000000000000000000e+00,0.000000000000000000e+00,0.000000000000000000e+00,0.000000000000000000e+00,7.264882326126098633e-02,-4.615745320916175842e-02,7.264882326126098633e-02,5.998304113745689392e-02,3.560477495193481445e-02,-9.414830058813095093e-02,2.274424582719802856e-01,1.753822267055511475e-01,-8.020647801458835602e-04,-2.336686290800571442e-02,2.987575717270374298e-02,3.128079324960708618e-02,0.000000000000000000e+00,0.000000000000000000e+00,0.000000000000000000e+00,0.000000000000000000e+00,0.000000000000000000e+00,0.000000000000000000e+00,0.000000000000000000e+00,0.000000000000000000e+00,4.760026000440120697e-03,-3.065696218982338905e-03,1.077976264059543610e-02,7.822299376130104065e-03,-3.930020611733198166e-04,-1.299082301557064056e-03,3.930020611733198166e-04,1.299082301557064056e-03
9.741443209350109100e-04,-7.750764489173889160e-04,1.458623213693499565e-03,1.304058358073234558e-03,6.470276415348052979e-02,-1.241301558911800385e-02,6.644074618816375732e-02,1.310777757316827774e-02,2.108079753816127777e-02,-3.500068327412009239e-03,2.117559686303138733e-02,4.463829565793275833e-03,0.000000000000000000e+00,0.000000000000000000e+00,0.000000000000000000e+00,0.000000000000000000e+00,1.972238766029477119e-03,1.987674273550510406e-03,8.469043299555778503e-03,4.398699849843978882e-03,1.697266399860382080e-01,-4.297585040330886841e-02,1.883640587329864502e-01,5.048898607492446899e-02,4.511720538139343262e-01,-5.406519770622253418e-02,4.511720538139343262e-01,5.541250854730606079e-02,0.000000000000000000e+00,0.000000000000000000e+00,0.000000000000000000e+00,0.000000000000000000e+00,-4.869295749813318253e-03,2.026536036282777786e-03,6.122581660747528076e-03,4.955823067575693130e-03,1.776634603738784790e-01,2.887341566383838654e-02,1.999083757400512695e-01,5.318984389305114746e-02,4.542227387428283691e-01,6.279546022415161133e-02,4.542227387428283691e-01,6.615371257066726685e-02,0.000000000000000000e+00,0.000000000000000000e+00,0.000000000000000000e+00,0.000000000000000000e+00,-1.054983469657599926e-03,4.788266232935711741e-05,1.083810697309672832e-03,2.503326686564832926e-04,6.956938654184341431e-02,1.299113035202026367e-02,7.653085142374038696e-02,1.397458091378211975e-02,2.100084722042083740e-02,4.613996483385562897e-03,2.160589955747127533e-02,4.991540685296058655e-03,0.000000000000000000e+00,0.000000000000000000e+00,0.000000000000000000e+00,0.000000000000000000e+00
-5.522964638657867908e-04,3.381643909960985184e-04,6.523817428387701511e-04,3.860658907797187567e-04,7.173667848110198975e-02,3.080455120652914047e-03,7.244972884654998779e-02,3.176772268489003181e-03,-5.503745749592781067e-03,1.005684258416295052e-03,6.117267068475484848e-03,1.301135751418769360e-03,1.161221298389136791e-04,-7.485458627343177795e-05,1.161221298389136791e-04,1.210117843584157526e-04,3.461220534518361092e-03,1.652876526350155473e-04,8.052225224673748016e-03,1.377895940095186234e-03,5.130209922790527344e-01,1.796062476933002472e-02,5.353816747665405273e-01,2.166769281029701233e-02,-8.628033846616744995e-02,1.324914861470460892e-03,1.454391926527023315e-01,8.224951103329658508e-03,-8.772261207923293114e-04,-3.182580112479627132e-04,8.772261207923293114e-04,1.309323823079466820e-03,1.265790895558893681e-03,2.493574982509016991e-03,3.571980167180299759e-03,2.915778430178761482e-03,4.339269697666168213e-01,-6.046591792255640030e-03,4.600218236446380615e-01,2.930570393800735474e-02,-1.819237507879734039e-02,-1.152876857668161392e-02,3.866881504654884338e-02,2.173402346670627594e-02,-4.797549918293952942e-04,-2.947232496808283031e-05,4.797549918293952942e-04,8.873678161762654781e-04,3.114218416158109903e-04,-1.138853913289494812e-04,3.803202125709503889e-04,1.189931572298519313e-04,5.857423692941665649e-02,-6.056182901374995708e-04,5.867020413279533386e-02,1.503849169239401817e-03,1.001211116090416908e-03,-3.555060829967260361e-04,1.355965621769428253e-03,3.555060829967260361e-04,-3.028335922863334417e-04,-1.273708912776783109e-04,3.028335922863334417e-04,1.286213664570823312e-04
1.798285229597240686e-04,-1.890337080112658441e-05,2.601090818643569946e-04,1.183459826279431581e-04,3.599273785948753357e-02,-1.024472992867231369e-02,3.845244273543357849e-02,1.185031887143850327e-02,3.618489205837249756e-02,-1.289873477071523666e-02,3.618489205837249756e-02,1.289873477071523666e-02,8.374495519092306495e-05,-8.374495519092306495e-05,8.374495519092306495e-05,8.374495519092306495e-05,6.273498875088989735e-04,-1.790491514839231968e-04,4.254169296473264694e-03,1.905557350255548954e-03,-1.889048889279365540e-02,-1.922827586531639099e-02,7.544664293527603149e-02,3.502203896641731262e-02,4.987453818321228027e-01,-4.683647677302360535e-02,4.987453818321228027e-01,5.866057425737380981e-02,4.552004393190145493e-04,-1.029774721246212721e-04,4.552004393190145493e-04,1.029774721246212721e-04,-4.168186336755752563e-03,1.806858112104237080e-03,7.327463943511247635e-03,2.863614354282617569e-03,6.591443438082933426e-03,1.609203638508915901e-03,8.393122255802154541e-02,3.925674408674240112e-02,4.801571071147918701e-01,3.117080032825469971e-02,4.801571071147918701e-01,5.302601307630538940e-02,8.400370134040713310e-04,2.573709934949874878e-04,8.400370134040713310e-04,7.041547796688973904e-04,-9.584870422258973122e-04,3.959765017498284578e-04,1.148484647274017334e-03,4.961466765962541103e-04,9.658848284743726254e-04,1.766600296832621098e-03,4.230034071952104568e-03,2.154206624254584312e-03,6.913363188505172729e-02,1.553925219923257828e-03,6.931506097316741943e-02,3.914879634976387024e-03,1.366460346616804600e-04,-1.656813547015190125e-04,2.050704351859167218e-04,2.062124840449541807e-04
-1.266751438379287720e-03,1.546669523122545797e-06,1.297926297411322594e-03,3.077230940107256174e-04,8.141792379319667816e-03,1.214006450027227402e-03,2.213528938591480255e-02,2.030732808634638786e-03,6.228287145495414734e-02,-1.532795606181025505e-03,6.228287145495414734e-02,2.508517820388078690e-03,5.381031223805621266e-05,-1.307560596615076065e-04,1.840473851189017296e-04,1.558094663778319955e-04,-2.678699092939496040e-04,-1.076382817700505257e-03,8.230977691709995270e-03,1.644419156946241856e-03,-1.722014695405960083e-02,-6.733433809131383896e-03,7.347082346677780151e-02,1.925859227776527405e-02,4.878368377685546875e-01,-6.692937575280666351e-03,4.898037314414978027e-01,3.338440135121345520e-02,-5.176906706765294075e-04,1.188206952065229416e-03,2.778467256575822830e-03,2.130849985405802727e-03,4.968561697751283646e-04,1.465498120523989201e-03,9.240159764885902405e-03,2.490998944267630577e-03,-3.107761777937412262e-02,1.061792392283678055e-02,8.797886967658996582e-02,2.067824266850948334e-02,4.940821528434753418e-01,-7.736456580460071564e-03,4.940821528434753418e-01,2.335427887737751007e-02,6.606716196984052658e-04,-7.298837299458682537e-04,1.745605375617742538e-03,1.103420276194810867e-03,-7.783893961459398270e-04,-4.001167253591120243e-04,1.330764847807586193e-03,7.726390613242983818e-04,5.269832909107208252e-03,-2.216137712821364403e-03,1.293863449245691299e-02,4.147717729210853577e-03,6.279061734676361084e-02,-6.238659261725842953e-04,6.376300752162933350e-02,2.266643103212118149e-03,1.441302447346970439e-04,2.694340764719527215e-05,2.464175049681216478e-04,1.122033645515330136e-04
5.018290248699486256e-04,-1.359371799480868503e-05,6.562480702996253967e-04,2.245017094537615776e-04,1.996239088475704193e-02,-1.846701465547084808e-02,2.307751774787902832e-02,2.011873573064804077e-02,1.579411327838897705e-02,-6.989329587668180466e-03,1.704762689769268036e-02,8.350100368261337280e-03,0.000000000000000000e+00,0.000000000000000000e+00,0.000000000000000000e+00,0.000000000000000000e+00,1.113821053877472878e-03,-1.235351432114839554e-03,4.567346069961786270e-03,1.810585614293813705e-03,-1.325690895318984985e-01,-4.199813306331634521e-02,1.962460279464721680e-01,5.580139905214309692e-02,3.773289024829864502e-01,-9.799873828887939453e-02,3.773289024829864502e-01,1.091012358665466309e-01,6.466091144829988480e-04,-1.189339905977249146e-03,6.466091144829988480e-04,2.560327295213937759e-03,1.693043741397559643e-03,-2.732180757448077202e-03,3.950854763388633728e-03,3.564074169844388962e-03,-2.039619833230972290e-01,-1.054910793900489807e-01,2.422679662704467773e-01,1.148253455758094788e-01,4.906051754951477051e-01,6.337074935436248779e-02,4.938676357269287109e-01,7.104907929897308350e-02,-1.740651670843362808e-03,-6.111853144830092788e-05,4.614695440977811813e-03,2.611723262816667557e-03,-2.405596664175391197e-03,-4.539347253739833832e-03,2.461107447743415833e-03,4.542846698313951492e-03,2.989214658737182617e-02,-2.197689376771450043e-02,7.563805580139160156e-02,3.361245617270469666e-02,4.057618603110313416e-02,1.068907231092453003e-02,4.319253563880920410e-02,1.246503554284572601e-02,3.342300187796354294e-04,-1.221558486577123404e-04,3.660595684777945280e-04,3.406179894227534533e-04
1.584726269356906414e-04,7.278475823113694787e-05,3.653030144050717354e-04,3.154336300212889910e-04,-5.774605087935924530e-03,-4.638473037630319595e-04,1.129635050892829895e-02,2.393852919340133667e-03,7.435327768325805664e-02,-8.083688444457948208e-04,7.485546171665191650e-02,3.263358026742935181e-03,1.659180816204752773e-05,-6.537167791975662112e-05,1.659180816204752773e-05,9.954790584743022919e-05,-1.223720028065145016e-03,-1.161792082712054253e-03,6.046068854629993439e-03,3.995430190116167068e-03,-3.421417996287345886e-02,-7.579430937767028809e-03,4.891189560294151306e-02,1.409746892750263214e-02,5.023680329322814941e-01,3.258422366343438625e-04,5.030063390731811523e-01,1.649219356477260590e-02,0.000000000000000000e+00,-8.572532096877694130e-04,0.000000000000000000e+00,8.572532096877694130e-04,-1.769889378920197487e-03,7.217632373794913292e-04,1.256161835044622421e-02,2.303184475749731064e-03,7.382486946880817413e-03,-4.696208983659744263e-03,8.957973122596740723e-02,2.166783250868320465e-02,4.776014387607574463e-01,-3.558297757990658283e-04,4.807179272174835205e-01,2.672588825225830078e-02,0.000000000000000000e+00,3.259724937379360199e-03,0.000000000000000000e+00,3.259724937379360199e-03,8.373781020054593682e-05,-1.864780060714110732e-04,1.063938136212527752e-03,3.605225938372313976e-04,1.007062150165438652e-03,8.883441914804279804e-04,1.690807566046714783e-02,4.521959461271762848e-03,7.049914449453353882e-02,9.847773239016532898e-03,7.057496905326843262e-02,1.135178934782743454e-02,0.000000000000000000e+00,-5.116899264976382256e-04,0.000000000000000000e+00,6.408836925402283669e-04
-1.565881830174475908e-04,-1.044267046381719410e-04,2.585156471468508244e-04,1.089170546038076282e-04,7.393760234117507935e-02,-1.514259353280067444e-02,7.450003176927566528e-02,1.517797168344259262e-02,1.287464704364538193e-02,-3.125001909211277962e-03,1.287464704364538193e-02,3.311718348413705826e-03,0.000000000000000000e+00,0.000000000000000000e+00,0.000000000000000000e+00,0.000000000000000000e+00,-3.008084138855338097e-03,6.080946768634021282e-04,4.041885491460561752e-03,1.379252062179148197e-03,1.897847652435302734e-01,-4.940466210246086121e-02,2.304152995347976685e-01,6.337875127792358398e-02,4.265682101249694824e-01,-5.888350307941436768e-02,4.265682101249694824e-01,5.888350307941436768e-02,0.000000000000000000e+00,0.000000000000000000e+00,0.000000000000000000e+00,0.000000000000000000e+00,-1.762213301844894886e-03,-7.946150144562125206e-04,2.914430806413292885e-03,1.458180369809269905e-03,1.402217894792556763e-01,3.422632068395614624e-02,1.858828365802764893e-01,4.277863353490829468e-02,4.746557176113128662e-01,4.666958749294281006e-02,4.746557176113128662e-01,5.120904743671417236e-02,1.332226675003767014e-04,-5.585409235209226608e-05,1.332226675003767014e-04,5.585409235209226608e-05,-4.771684689330868423e-05,1.956299383891746402e-04,1.850447151809930801e-04,3.671408048830926418e-04,6.064327806234359741e-02,9.131904691457748413e-03,6.103663891553878784e-02,9.487352333962917328e-03,2.714081481099128723e-02,4.678041674196720123e-03,2.714081481099128723e-02,4.678041674196720123e-03,1.005375597742386162e-04,1.554999812469759490e-06,1.005375597742386162e-04,1.554999812469759490e-06
0.000000000000000000e+00,0.000000000000000000e+00,0.000000000000000000e+00,0.000000000000000000e+00,4.011805634945631027e-03,-3.164138761349022388e-04,4.231587983667850494e-03,6.011183140799403191e-04,6.648870557546615601e-02,1.125527429394423962e-03,6.648870557546615601e-02,1.395061262883245945e-03,8.153814269462600350e-05,2.452372609695885330e-05,8.153814269462600350e-05,2.785615470202174038e-05,0.000000000000000000e+00,0.000000000000000000e+00,0.000000000000000000e+00,0.000000000000000000e+00,2.568520605564117432e-03,-7.851535454392433167e-03,2.065620943903923035e-02,1.290080323815345764e-02,4.905137419700622559e-01,8.399990387260913849e-03,4.905137419700622559e-01,1.174648012965917587e-02,0.000000000000000000e+00,0.000000000000000000e+00,0.000000000000000000e+00,0.000000000000000000e+00,0.000000000000000000e+00,0.000000000000000000e+00,0.000000000000000000e+00,0.000000000000000000e+00,-4.180502146482467651e-03,6.974651943892240524e-03,2.104988880455493927e-02,1.260387990623712540e-02,4.995813667774200439e-01,4.096378324902616441e-05,4.995813667774200439e-01,1.335083413869142532e-02,3.721103421412408352e-04,-2.500241498637478799e-05,3.721103421412408352e-04,1.826640072977170348e-04,0.000000000000000000e+00,0.000000000000000000e+00,0.000000000000000000e+00,0.000000000000000000e+00,3.832708345726132393e-03,8.633437100797891617e-04,5.161309614777565002e-03,1.053896034136414528e-03,6.703681498765945435e-02,8.379022474400699139e-04,6.703681498765945435e-02,1.400696113705635071e-03,8.153814269462600350e-05,-2.452372609695885330e-05,8.153814269462600350e-05,2.785615470202174038e-05
0.000000000000000000e+00,0.000000000000000000e+00,0.000000000000000000e+00,0.000000000000000000e+00,0.000000000000000000e+00,0.000000000000000000e+00,0.000000000000000000e+00,0.000000000000000000e+00,6.542000919580459595e-03,3.913673572242259979e-03,6.542000919580459595e-03,3.913673572242259979e-03,2.442119829356670380e-02,1.180765777826309204e-02,2.490834705531597137e-02,1.390916481614112854e-02,0.000000000000000000e+00,0.000000000000000000e+00,0.000000000000000000e+00,0.000000000000000000e+00,1.373234540224075317e-01,1.373234540224075317e-01,1.373234540224075317e-01,1.373234540224075317e-01,4.383516684174537659e-02,2.897589504718780518e-01,3.029308617115020752e-01,4.457122981548309326e-01,9.065728634595870972e-02,1.478748302906751633e-02,1.174066513776779175e-01,9.319788217544555664e-02,0.000000000000000000e+00,0.000000000000000000e+00,0.000000000000000000e+00,0.000000000000000000e+00,1.757339090108871460e-01,-1.350274235010147095e-01,1.757339090108871460e-01,1.350274235010147095e-01,7.496562786400318146e-03,-2.871542870998382568e-01,3.958390057086944580e-01,3.696028590202331543e-01,1.080761030316352844e-01,-4.695626720786094666e-02,1.337702870368957520e-01,9.781465679407119751e-02,0.000000000000000000e+00,0.000000000000000000e+00,0.000000000000000000e+00,0.000000000000000000e+00,0.000000000000000000e+00,0.000000000000000000e+00,0.000000000000000000e+00,0.000000000000000000e+00,2.125403610989451408e-03,-2.125403610989451408e-03,2.125403610989451408e-03,2.125403610989451408e-03,1.033360790461301804e-02,-2.158256247639656067e-03,1.176498457789421082e-02,5.796017590910196304e-03
5.642986856400966644e-03,1.713125966489315033e-03,5.646014120429754257e-03,1.728761242702603340e-03,5.558464676141738892e-03,2.037912374362349510e-03,1.257943082600831985e-02,3.885185346007347107e-03,6.614319980144500732e-02,1.069087418727576733e-03,6.614319980144500732e-02,2.793277846649289131e-03,2.009868148888926953e-05,-1.324291370110586286e-04,2.009868148888926953e-05,1.438414183212444186e-04,1.438634842634201050e-02,5.061961244791746140e-03,2.055656351149082184e-02,6.308925803750753403e-03,1.824783906340599060e-02,7.615676615387201309e-03,1.192677915096282959e-01,2.977898158133029938e-02,4.625107049942016602e-01,-4.401466622948646545e-02,4.627073705196380615e-01,5.685075372457504272e-02,1.436116581317037344e-04,-6.976388976909220219e-05,1.668876968324184418e-03,1.157492049969732761e-03,1.014207489788532257e-02,6.933477707207202911e-03,1.069417130202054977e-02,6.933477707207202911e-03,-5.831709876656532288e-02,4.434242378920316696e-03,1.298203021287918091e-01,3.073462471365928650e-02,5.039307475090026855e-01,1.628021150827407837e-02,5.056959986686706543e-01,4.458656534552574158e-02,7.836901349946856499e-04,5.216303634369978681e-06,1.461060601286590099e-03,9.962279582396149635e-04,2.437832445139065385e-04,6.785622099414467812e-04,8.985465974546968937e-04,6.846369360573589802e-04,9.393521584570407867e-03,4.852192476391792297e-03,2.757969498634338379e-02,8.604461327195167542e-03,5.702669918537139893e-02,1.725062541663646698e-02,5.751328170299530029e-02,1.757631264626979828e-02,2.149706124328076839e-04,6.244277756195515394e-05,2.149706124328076839e-04,1.409401302225887775e-04
1.434698514640331268e-02,-8.505188859999179840e-03,1.455916278064250946e-02,8.505188859999179840e-03,2.063399553298950195e-02,-1.104245893657207489e-02,2.192906662821769714e-02,1.196122821420431137e-02,1.414262223988771439e-03,-7.203830755315721035e-04,1.414262223988771439e-03,7.203830755315721035e-04,0.000000000000000000e+00,0.000000000000000000e+00,0.000000000000000000e+00,0.000000000000000000e+00,1.662878692150115967e-02,-1.922083646059036255e-02,2.107215113937854767e-02,1.942906342446804047e-02,4.343482553958892822e-01,-7.638107985258102417e-02,4.664018452167510986e-01,1.022541597485542297e-01,2.621041052043437958e-02,-1.301584951579570770e-02,2.621041052043437958e-02,1.858416572213172913e-02,0.000000000000000000e+00,0.000000000000000000e+00,0.000000000000000000e+00,0.000000000000000000e+00,1.274966914206743240e-02,-1.049396675080060959e-02,2.449833229184150696e-02,1.049396675080060959e-02,5.148387551307678223e-01,2.878312580287456512e-02,5.391750931739807129e-01,5.805312469601631165e-02,1.107192877680063248e-02,1.064236368983983994e-02,2.759203501045703888e-02,2.075200341641902924e-02,5.777056212536990643e-04,-6.276513449847698212e-04,5.777056212536990643e-04,7.661522249691188335e-04,5.378989502787590027e-03,-8.003945695236325264e-04,7.480067666620016098e-03,1.000951160676777363e-03,6.886283308267593384e-02,2.190606901422142982e-03,7.207031548023223877e-02,3.360518487170338631e-03,-2.847246942110359669e-04,6.803732248954474926e-04,2.075418829917907715e-03,1.379688619635999203e-03,1.989790616789832711e-04,4.282038935343734920e-05,1.989790616789832711e-04,3.027247439604252577e-04
0.000000000000000000e+00,0.000000000000000000e+00,0.000000000000000000e+00,0.000000000000000000e+00,0.000000000000000000e+00,0.000000000000000000e+00,0.000000000000000000e+00,0.000000000000000000e+00,6.542000919580459595e-03,3.913673572242259979e-03,6.542000919580459595e-03,3.913673572242259979e-03,2.442119829356670380e-02,1.180765777826309204e-02,2.490834705531597137e-02,1.390916481614112854e-02,0.000000000000000000e+00,0.000000000000000000e+00,0.000000000000000000e+00,0.000000000000000000e+00,1.373234540224075317e-01,1.373234540224075317e-01,1.373234540224075317e-01,1.373234540224075317e-01,4.383516684174537659e-02,2.897589504718780518e-01,3.029308617115020752e-01,4.457122981548309326e-01,9.065728634595870972e-02,1.478748302906751633e-02,1.174066513776779175e-01,9.319788217544555664e-02,0.000000000000000000e+00,0.000000000000000000e+00,0.000000000000000000e+00,0.000000000000000000e+00,1.757339090108871460e-01,-1.350274235010147095e-01,1.757339090108871460e-01,1.350274235010147095e-01,7.496562786400318146e-03,-2.871542870998382568e-01,3.958390057086944580e-01,3.696028590202331543e-01,1.080761030316352844e-01,-4.695626720786094666e-02,1.337702870368957520e-01,9.781465679407119751e-02,0.000000000000000000e+00,0.000000000000000000e+00,0.000000000000000000e+00,0.000000000000000000e+00,0.000000000000000000e+00,0.000000000000000000e+00,0.000000000000000000e+00,0.000000000000000000e+00,2.125403610989451408e-03,-2.125403610989451408e-03,2.125403610989451408e-03,2.125403610989451408e-03,1.033360790461301804e-02,-2.158256247639656067e-03,1.176498457789421082e-02,5.796017590910196304e-03
5.642986856400966644e-03,1.713125966489315033e-03,5.646014120429754257e-03,1.728761242702603340e-03,5.558464676141738892e-03,2.037912374362349510e-03,1.257943082600831985e-02,3.885185346007347107e-03,6.614319980144500732e-02,1.069087418727576733e-03,6.614319980144500732e-02,2.793277846649289131e-03,2.009868148888926953e-05,-1.324291370110586286e-04,2.009868148888926953e-05,1.438414183212444186e-04,1.438634842634201050e-02,5.061961244791746140e-03,2.055656351149082184e-02,6.308925803750753403e-03,1.824783906340599060e-02,7.615676615387201309e-03,1.192677915096282959e-01,2.977898158133029938e-02,4.625107049942016602e-01,-4.401466622948646545e-02,4.627073705196380615e-01,5.685075372457504272e-02,1.436116581317037344e-04,-6.976388976909220219e-05,1.668876968324184418e-03,1.157492049969732761e-03,1.014207489788532257e-02,6.933477707207202911e-03,1.069417130202054977e-02,6.933477707207202911e-03,-5.831709876656532288e-02,4.434242378920316696e-03,1.298203021287918091e-01,3.073462471365928650e-02,5.039307475090026855e-01,1.628021150827407837e-02,5.056959986686706543e-01,4.458656534552574158e-02,7.836901349946856499e-04,5.216303634369978681e-06,1.461060601286590099e-03,9.962279582396149635e-04,2.437832445139065385e-04,6.785622099414467812e-04,8.985465974546968937e-04,6.846369360573589802e-04,9.393521584570407867e-03,4.852192476391792297e-03,2.757969498634338379e-02,8.604461327195167542e-03,5.702669918537139893e-02,1.725062541663646698e-02,5.751328170299530029e-02,1.757631264626979828e-02,2.149706124328076839e-04,6.244277756195515394e-05,2.149706124328076839e-04,1.409401302225887775e-04
3.449623545748181641e-05,-1.553662004880607128e-04,4.152444016654044390e-04,1.721130392979830503e-04,2.109388587996363640e-03,-3.204009553883224726e-04,3.447841387242078781e-03,1.670101308263838291e-03,3.917776793241500854e-02,3.758982755243778229e-03,3.944183886051177979e-02,4.270923789590597153e-03,-3.845517130685038865e-05,1.424828515155240893e-04,3.011535154655575752e-04,2.203670155722647905e-04,-5.851900205016136169e-03,-2.363553643226623535e-02,6.296304985880851746e-03,2.433944307267665863e-02,-3.969512507319450378e-02,-1.987973898649215698e-01,5.604806169867515564e-02,1.987973898649215698e-01,4.266856014728546143e-01,-1.843088865280151367e-02,4.269741475582122803e-01,3.732010722160339355e-02,2.183161632274277508e-05,2.385291445534676313e-04,2.236225700471550226e-04,2.385291445534676313e-04,-1.036446265061385930e-04,-6.025467067956924438e-03,2.906347857788205147e-03,7.727464661002159119e-03,3.042677417397499084e-02,2.082418836653232574e-02,1.346834599971771240e-01,3.294243663549423218e-02,5.046834945678710938e-01,6.269241869449615479e-02,5.046834945678710938e-01,6.269241869449615479e-02,0.000000000000000000e+00,0.000000000000000000e+00,0.000000000000000000e+00,0.000000000000000000e+00,-1.026044701575301588e-04,-1.102538590203039348e-04,1.785171916708350182e-04,1.249822671525180340e-04,2.383238077163696289e-02,2.504512667655944824e-03,3.365486115217208862e-02,3.941876813769340515e-03,5.509599298238754272e-02,3.206574823707342148e-03,5.509599298238754272e-02,3.206574823707342148e-03,0.000000000000000000e+00,0.000000000000000000e+00,0.000000000000000000e+00,0.000000000000000000e+00
2.212420622527133673e-05,1.403942405886482447e-05,2.212420622527133673e-05,1.403942405886482447e-05,9.926979430019855499e-03,-2.168914215872064233e-04,9.926979430019855499e-03,7.384116761386394501e-04,6.499196588993072510e-02,-4.385469073895365000e-04,6.499196588993072510e-02,7.163604022935032845e-04,7.317803829209879041e-05,1.816436270019039512e-05,7.317803829209879041e-05,2.472081723681185395e-05,1.259268174180760980e-04,-5.044621502747759223e-06,1.259268174180760980e-04,5.044621502747759223e-06,1.770305074751377106e-02,-4.489795537665486336e-04,4.391098022460937500e-02,7.143072783946990967e-03,4.984406530857086182e-01,-4.039801133330911398e-04,4.984406530857086182e-01,1.114895101636648178e-02,8.007931755855679512e-04,4.763833931065164506e-05,8.007931755855679512e-04,1.109466829802840948e-04,3.590328269638121128e-04,-9.113453415920957923e-05,3.590328269638121128e-04,2.183691831305623055e-04,2.612892724573612213e-02,1.880726777017116547e-03,4.345754161477088928e-02,8.849926292896270752e-03,4.883834421634674072e-01,-1.010962575674057007e-02,4.919401407241821289e-01,1.479900628328323364e-02,8.843934047035872936e-04,-2.007649018196389079e-04,1.095654210075736046e-03,3.478504077065736055e-04,5.066038647782988846e-05,1.742373024171683937e-05,5.066038647782988846e-05,2.253820639452897012e-05,9.165395982563495636e-03,5.477271042764186859e-04,9.165395982563495636e-03,6.527384975925087929e-04,6.472399830818176270e-02,5.358400521799921989e-04,6.472981721162796021e-02,6.943820626474916935e-04,1.260711287613958120e-04,1.118641193897929043e-05,1.260711287613958120e-04,2.399260483798570931e-05
1.150012016296386719e-03,-8.123692125082015991e-03,1.379162771627306938e-03,8.123692125082015991e-03,2.058896608650684357e-02,-7.627829909324645996e-02,2.148683182895183563e-02,7.627829909324645996e-02,1.976209692656993866e-02,-1.238842215389013290e-02,1.976209692656993866e-02,1.238842215389013290e-02,0.000000000000000000e+00,0.000000000000000000e+00,0.000000000000000000e+00,0.000000000000000000e+00,5.742398090660572052e-03,1.988140307366847992e-02,1.472497638314962387e-02,3.799435496330261230e-02,2.856101393699645996e-01,2.437680214643478394e-01,2.898184955120086670e-01,3.334054946899414062e-01,1.591929048299789429e-01,6.419605761766433716e-02,1.591929048299789429e-01,8.035325258970260620e-02,0.000000000000000000e+00,0.000000000000000000e+00,0.000000000000000000e+00,0.000000000000000000e+00,-8.999365381896495819e-03,-2.247446589171886444e-02,2.498571947216987610e-02,5.873946845531463623e-02,3.869261443614959717e-01,-2.569107115268707275e-01,5.020499229431152344e-01,3.102325797080993652e-01,5.264321342110633850e-02,-1.903501711785793304e-02,5.444413051009178162e-02,2.235053665935993195e-02,-6.847274489700794220e-04,-7.631101761944591999e-04,1.381719950586557388e-03,1.239440753124654293e-03,1.309385057538747787e-03,3.147456794977188110e-03,2.751380205154418945e-03,5.359125789254903793e-03,6.658919155597686768e-02,3.378602117300033569e-02,6.661555916070938110e-02,3.378602117300033569e-02,1.153792161494493484e-02,1.473369542509317398e-03,1.167725957930088043e-02,1.676669926382601261e-03,-1.322900352533906698e-04,1.177061567432247102e-04,2.870227326638996601e-04,1.177061567432247102e-04
-4.250131314620375633e-05,-3.065543933189474046e-05,1.085178155335597694e-04,8.366232941625639796e-05,-4.808900412172079086e-03,-8.692271658219397068e-04,6.409924011677503586e-03,1.353532192297279835e-03,7.168624550104141235e-02,-6.790267652831971645e-04,7.168624550104141235e-02,1.248010084964334965e-03,0.000000000000000000e+00,0.000000000000000000e+00,0.000000000000000000e+00,0.000000000000000000e+00,1.157737104222178459e-03,1.137225626735016704e-04,1.479101716540753841e-03,6.951148388907313347e-04,-3.969475254416465759e-02,-7.844959618523716927e-04,4.514635354280471802e-02,6.944276392459869385e-03,4.994771480560302734e-01,2.062984742224216461e-03,4.994771480560302734e-01,4.479731898754835129e-03,0.000000000000000000e+00,0.000000000000000000e+00,0.000000000000000000e+00,0.000000000000000000e+00,-4.093510142411105335e-06,-6.187328253872692585e-04,6.064497283659875393e-04,7.941415533423423767e-04,-2.044364251196384430e-02,2.588261850178241730e-04,3.932689130306243896e-02,1.313428860157728195e-02,4.878052771091461182e-01,-2.643668558448553085e-03,4.878052771091461182e-01,6.967416498810052872e-03,0.000000000000000000e+00,0.000000000000000000e+00,0.000000000000000000e+00,0.000000000000000000e+00,-5.866732681170105934e-05,-2.548916563682723790e-05,1.160493629868142307e-04,7.668039324926212430e-05,8.283999050036072731e-04,6.926389178261160851e-04,2.896992489695549011e-03,8.936490048654377460e-04,6.668844074010848999e-02,6.397051765816286206e-05,6.668844074010848999e-02,5.382797680795192719e-04,0.000000000000000000e+00,0.000000000000000000e+00,0.000000000000000000e+00,0.000000000000000000e+00
-2.905180444940924644e-04,1.041005671140737832e-04,8.172236266545951366e-04,1.324806653428822756e-04,7.853413932025432587e-03,-1.099133660318329930e-04,1.038864906877279282e-02,7.583792321383953094e-04,6.458786875009536743e-02,-2.335482276976108551e-04,6.458786875009536743e-02,1.107401913031935692e-03,7.634823123225942254e-05,2.246587428089696914e-05,7.634823123225942254e-05,3.010951331816613674e-05,-4.284315276890993118e-03,4.306982154957950115e-04,4.450738430023193359e-03,8.103274158202111721e-04,1.040670741349458694e-02,-5.173427052795886993e-03,5.437750741839408875e-02,1.024989411234855652e-02,4.931498467922210693e-01,-6.920015905052423477e-03,4.931498467922210693e-01,1.106424257159233093e-02,0.000000000000000000e+00,0.000000000000000000e+00,0.000000000000000000e+00,0.000000000000000000e+00,-4.477777518332004547e-03,3.745696449186652899e-05,6.764939986169338226e-03,8.644532063044607639e-04,8.631504140794277191e-03,2.419739495962858200e-03,6.431224942207336426e-02,8.014323189854621887e-03,4.943068027496337891e-01,3.446208545938134193e-03,4.943068027496337891e-01,7.374188397079706192e-03,0.000000000000000000e+00,0.000000000000000000e+00,0.000000000000000000e+00,0.000000000000000000e+00,-5.142224836163222790e-04,-1.079030262189917266e-04,6.104661733843386173e-04,1.179439859697595239e-04,7.918876595795154572e-03,-5.821681043016724288e-05,1.148493122309446335e-02,1.062417402863502502e-03,6.479179114103317261e-02,-3.040383453480899334e-04,6.479179114103317261e-02,5.390021833591163158e-04,0.000000000000000000e+00,0.000000000000000000e+00,0.000000000000000000e+00,0.000000000000000000e+00
0.000000000000000000e+00,4.705711398855783045e-05,0.000000000000000000e+00,5.228893714956939220e-04,7.350914180278778076e-02,-6.424937746487557888e-04,7.359296828508377075e-02,3.249340690672397614e-03,-1.755528501234948635e-03,-4.147949512116611004e-04,5.220818798989057541e-03,1.526993466541171074e-03,2.566920329627464525e-07,6.793586362618952990e-05,9.650560969021171331e-05,9.991147817345336080e-05,0.000000000000000000e+00,6.655308417975902557e-03,0.000000000000000000e+00,2.382475510239601135e-02,4.655832648277282715e-01,2.767227590084075928e-02,4.932466447353363037e-01,5.397113040089607239e-02,2.068648580461740494e-03,4.105024854652583599e-04,3.855733945965766907e-02,2.311640232801437378e-02,-5.941916970186866820e-05,-1.048563644872047007e-04,1.804462954169139266e-04,4.236818931531161070e-04,0.000000000000000000e+00,-7.592250127345323563e-03,0.000000000000000000e+00,1.689388230443000793e-02,5.031453371047973633e-01,-3.023223765194416046e-02,5.036498904228210449e-01,4.605286568403244019e-02,-1.992954686284065247e-02,3.819969424512237310e-04,4.286184906959533691e-02,2.233372814953327179e-02,-5.351220024749636650e-04,5.907614195166388527e-06,8.609990472905337811e-04,7.078342023305594921e-04,1.647696044528856874e-04,-2.619766746647655964e-04,1.724694011500105262e-04,6.317622610367834568e-04,6.996904313564300537e-02,1.221048412844538689e-03,6.998656690120697021e-02,5.082263145595788956e-03,-3.289718733867630363e-05,2.509415207896381617e-04,2.024865942075848579e-03,1.769694848917424679e-03,0.000000000000000000e+00,0.000000000000000000e+00,0.000000000000000000e+00,0.000000000000000000e+00
0.000000000000000000e+00,-1.474723336286842823e-03,0.000000000000000000e+00,1.474723336286842823e-03,-3.606321057304739952e-03,-1.101682242006063461e-02,3.606321057304739952e-03,1.101682242006063461e-02,5.006076302379369736e-03,-2.206565579399466515e-03,5.006076302379369736e-03,2.206565579399466515e-03,0.000000000000000000e+00,0.000000000000000000e+00,0.000000000000000000e+00,0.000000000000000000e+00,1.778393797576427460e-02,-1.942471414804458618e-02,1.859794929623603821e-02,1.106158494949340820e-01,1.570308059453964233e-01,-3.694078922271728516e-01,1.658923923969268799e-01,4.605267941951751709e-01,2.370794117450714111e-01,-6.838198006153106689e-02,2.370794117450714111e-01,7.921017706394195557e-02,0.000000000000000000e+00,0.000000000000000000e+00,0.000000000000000000e+00,0.000000000000000000e+00,-2.968273765873163939e-04,9.143155068159103394e-03,7.439973764121532440e-03,2.461164630949497223e-02,-1.218924392014741898e-02,1.299530863761901855e-01,9.208615869283676147e-02,3.493381440639495850e-01,3.826207220554351807e-01,1.101177278906106949e-02,3.826207220554351807e-01,1.274110674858093262e-01,0.000000000000000000e+00,0.000000000000000000e+00,0.000000000000000000e+00,0.000000000000000000e+00,-1.568300285725854337e-05,-2.082796767354011536e-03,1.280256896279752254e-03,2.385630505159497261e-03,3.839856386184692383e-02,1.802032627165317535e-02,4.001218080520629883e-02,2.186911925673484802e-02,1.987541280686855316e-02,9.260405786335468292e-03,1.987541280686855316e-02,9.260405786335468292e-03,0.000000000000000000e+00,0.000000000000000000e+00,0.000000000000000000e+00,0.000000000000000000e+00
-1.398781841999152675e-05,-1.681246067164465785e-05,6.131851114332675934e-05,3.495980854495428503e-05,3.118202148471027613e-04,7.450604607583954930e-05,1.796990982256829739e-03,5.915206274949014187e-04,6.746808439493179321e-02,2.470178587827831507e-04,6.780683249235153198e-02,1.185548957437276840e-03,1.084551768144592643e-04,1.991317731153685600e-05,1.150617827079258859e-04,7.024378282949328423e-05,2.316524478374049067e-05,-2.894528370234183967e-05,8.690122631378471851e-04,6.764234276488423347e-04,-3.895218484103679657e-03,-4.225293174386024475e-03,3.262676671147346497e-02,1.264454051852226257e-02,4.754841327667236328e-01,-3.735016100108623505e-03,4.802941977977752686e-01,2.080099657177925110e-02,7.849603425711393356e-04,1.974639744730666280e-04,2.789920894429087639e-03,6.669419235549867153e-04,-1.161485677585005760e-03,-3.768707392737269402e-05,1.816661213524639606e-03,5.850821034982800484e-04,-3.754085302352905273e-02,2.154925372451543808e-03,6.831645220518112183e-02,6.185305304825305939e-03,5.075889825820922852e-01,-2.014117781072854996e-03,5.086622238159179688e-01,1.844710484147071838e-02,1.196317374706268311e-03,-1.349009835394099355e-04,1.871150336228311062e-03,1.349009835394099355e-04,-5.474764111568219960e-05,-4.127889769733883440e-05,5.904711360926739872e-05,8.651104872114956379e-05,-1.597016816958785057e-03,1.699682907201349735e-04,2.344021573662757874e-03,4.048823320772498846e-04,6.879778951406478882e-02,-6.564224022440612316e-04,6.900997459888458252e-02,1.192138413898646832e-03,2.009383606491610408e-04,2.707166640902869403e-05,2.648239897098392248e-04,3.711753743118606508e-05
-2.437462680973112583e-04,-5.120304558658972383e-05,2.437462680973112583e-04,5.120304558658972383e-05,-8.624125039204955101e-04,-1.320132636465132236e-03,1.439559855498373508e-03,1.552156871184706688e-03,6.583809107542037964e-02,-1.997809857130050659e-03,6.612431257963180542e-02,4.364022519439458847e-03,5.917057278566062450e-04,2.373616734985262156e-05,6.227681878954172134e-04,1.893347362056374550e-04,-1.629426958970725536e-03,-3.661954251583665609e-04,1.629426958970725536e-03,3.661954251583665609e-04,-3.252863883972167969e-02,-7.326946593821048737e-03,5.385328829288482666e-02,1.976170763373374939e-02,4.734239280223846436e-01,-1.773892156779766083e-02,4.755482077598571777e-01,3.896679356694221497e-02,4.470278974622488022e-03,4.374837735667824745e-04,4.738183226436376572e-03,1.271359273232519627e-03,-8.774315938353538513e-04,-2.425867278361693025e-04,8.774315938353538513e-04,2.425867278361693025e-04,-5.847736075520515442e-02,-4.546081181615591049e-03,8.988446742296218872e-02,2.021805942058563232e-02,5.055383443832397461e-01,3.635102650150656700e-03,5.055383443832397461e-01,2.942812070250511169e-02,3.779892344027757645e-03,6.247295532375574112e-04,3.779892344027757645e-03,1.291337888687849045e-03,-1.026045283651910722e-04,-3.976725565735250711e-05,1.026045283651910722e-04,3.976725565735250711e-05,-6.369343958795070648e-03,1.323636621236801147e-03,1.584933511912822723e-02,3.515401855111122131e-03,7.205495238304138184e-02,3.543125931173563004e-03,7.205495238304138184e-02,4.445195663720369339e-03,4.045323876198381186e-04,-3.434926838963292539e-05,4.045323876198381186e-04,4.199436807539314032e-05
-7.094041793607175350e-04,7.996079511940479279e-04,3.126243129372596741e-03,8.172969100996851921e-04,4.931527189910411835e-03,-2.913753734901547432e-03,1.057771500200033188e-02,5.662194918841123581e-03,3.417334333062171936e-02,-2.676591509953141212e-03,5.139759182929992676e-02,4.387157037854194641e-03,3.088279918301850557e-04,0.000000000000000000e+00,3.088279918301850557e-04,0.000000000000000000e+00,-7.494959048926830292e-03,3.748646238818764687e-03,1.446493063122034073e-02,4.230618476867675781e-03,-1.144364923238754272e-01,-8.121541887521743774e-02,1.482530534267425537e-01,9.638556838035583496e-02,3.556628227233886719e-01,-1.223171427845954895e-01,4.459791779518127441e-01,1.239269375801086426e-01,1.844992628321051598e-03,1.310241175815463066e-03,1.844992628321051598e-03,1.310241175815463066e-03,-6.859512533992528915e-03,-2.474183915182948112e-03,8.321023546159267426e-03,2.474183915182948112e-03,-2.325868606567382812e-01,1.012239698320627213e-02,2.723098397254943848e-01,3.206307813525199890e-02,4.695331454277038574e-01,7.532455772161483765e-02,4.695331454277038574e-01,8.478130400180816650e-02,4.867922514677047729e-03,-2.768921200186014175e-03,4.867922514677047729e-03,2.768921200186014175e-03,-1.148442155681550503e-03,-2.678471209947019815e-04,1.427546725608408451e-03,3.829953784588724375e-04,-1.324316300451755524e-02,8.436918258666992188e-03,1.809617690742015839e-02,1.129180379211902618e-02,4.953016713261604309e-02,2.826851959980558604e-05,4.958919808268547058e-02,4.275373183190822601e-03,1.223863218910992146e-03,1.728201314108446240e-04,1.223863218910992146e-03,3.794713702518492937e-04
-1.398781841999152675e-05,-1.681246067164465785e-05,6.131851114332675934e-05,3.495980854495428503e-05,3.118202148471027613e-04,7.450604607583954930e-05,1.796990982256829739e-03,5.915206274949014187e-04,6.746808439493179321e-02,2.470178587827831507e-04,6.780683249235153198e-02,1.185548957437276840e-03,1.084551768144592643e-04,1.991317731153685600e-05,1.150617827079258859e-04,7.024378282949328423e-05,2.316524478374049067e-05,-2.894528370234183967e-05,8.690122631378471851e-04,6.764234276488423347e-04,-3.895218484103679657e-03,-4.225293174386024475e-03,3.262676671147346497e-02,1.264454051852226257e-02,4.754841327667236328e-01,-3.735016100108623505e-03,4.802941977977752686e-01,2.080099657177925110e-02,7.849603425711393356e-04,1.974639744730666280e-04,2.789920894429087639e-03,6.669419235549867153e-04,-1.161485677585005760e-03,-3.768707392737269402e-05,1.816661213524639606e-03,5.850821034982800484e-04,-3.754085302352905273e-02,2.154925372451543808e-03,6.831645220518112183e-02,6.185305304825305939e-03,5.075889825820922852e-01,-2.014117781072854996e-03,5.086622238159179688e-01,1.844710484147071838e-02,1.196317374706268311e-03,-1.349009835394099355e-04,1.871150336228311062e-03,1.349009835394099355e-04,-5.474764111568219960e-05,-4.127889769733883440e-05,5.904711360926739872e-05,8.651104872114956379e-05,-1.597016816958785057e-03,1.699682907201349735e-04,2.344021573662757874e-03,4.048823320772498846e-04,6.879778951406478882e-02,-6.564224022440612316e-04,6.900997459888458252e-02,1.192138413898646832e-03,2.009383606491610408e-04,2.707166640902869403e-05,2.648239897098392248e-04,3.711753743118606508e-05
0.000000000000000000e+00,0.000000000000000000e+00,0.000000000000000000e+00,0.000000000000000000e+00,7.399263791739940643e-03,1.221018377691507339e-03,7.529872469604015350e-03,1.655574655160307884e-03,6.642246991395950317e-02,-1.813278533518314362e-03,6.642246991395950317e-02,2.400768222287297249e-03,2.084327134070917964e-04,-4.026161695946939290e-05,2.084327134070917964e-04,4.026161695946939290e-05,0.000000000000000000e+00,0.000000000000000000e+00,0.000000000000000000e+00,0.000000000000000000e+00,4.278042912483215332e-02,-3.819384146481752396e-03,5.923430249094963074e-02,1.410283893346786499e-02,4.611675441265106201e-01,-2.735857386142015457e-03,4.731125533580780029e-01,2.278483472764492035e-02,2.328611910343170166e-03,0.000000000000000000e+00,2.328611910343170166e-03,0.000000000000000000e+00,1.228820765390992165e-04,4.594832425937056541e-04,1.228820765390992165e-04,4.594832425937056541e-04,-1.191077474504709244e-02,2.899927087128162384e-03,9.695697575807571411e-02,7.110962178558111191e-03,5.140277147293090820e-01,-5.017720628529787064e-03,5.147572755813598633e-01,1.364101935178041458e-02,1.565444981679320335e-03,2.093396178679540753e-04,1.565444981679320335e-03,2.093396178679540753e-04,2.472806954756379128e-05,1.377874723402783275e-04,3.057362846448086202e-05,1.739582512527704239e-04,3.076995490118861198e-03,4.853556747548282146e-04,4.034727811813354492e-03,8.886948344297707081e-04,6.855393946170806885e-02,-1.545463339425623417e-03,6.855393946170806885e-02,2.068130532279610634e-03,3.744712375919334590e-05,-1.549447188153862953e-05,3.744712375919334590e-05,2.061739178316202015e-05
-6.516573484987020493e-04,5.222917534410953522e-04,1.202567829750478268e-03,6.379080587066709995e-04,6.857508420944213867e-02,-8.726733503863215446e-04,6.934283673763275146e-02,2.558300038799643517e-03,-2.403685823082923889e-03,6.931861862540245056e-04,2.826588694006204605e-03,1.121969660744071007e-03,0.000000000000000000e+00,0.000000000000000000e+00,0.000000000000000000e+00,0.000000000000000000e+00,-4.898183979094028473e-03,-6.562661146745085716e-04,9.561410173773765564e-03,2.037471625953912735e-03,4.993780255317687988e-01,-3.052415093407034874e-03,5.160611867904663086e-01,1.886180602014064789e-02,-3.645593672990798950e-02,1.182702602818608284e-03,6.901938468217849731e-02,1.010254677385091782e-02,0.000000000000000000e+00,0.000000000000000000e+00,0.000000000000000000e+00,0.000000000000000000e+00,-5.683025810867547989e-03,1.225489191710948944e-03,1.014727074652910233e-02,4.497780930250883102e-03,4.702110290527343750e-01,-6.124699488282203674e-03,4.854500293731689453e-01,2.307800017297267914e-02,-3.752197837457060814e-03,-3.845131257548928261e-03,3.916617855429649353e-02,1.233990490436553955e-02,0.000000000000000000e+00,0.000000000000000000e+00,0.000000000000000000e+00,0.000000000000000000e+00,-8.921863045543432236e-04,-1.047389596351422369e-04,1.408720621839165688e-03,2.302569337189197540e-04,6.544474512338638306e-02,1.371644088067114353e-03,6.769004464149475098e-02,2.647181507200002670e-03,5.551552749238908291e-04,-4.844146315008401871e-04,1.881068572402000427e-03,1.294682733714580536e-03,0.000000000000000000e+00,0.000000000000000000e+00,0.000000000000000000e+00,0.000000000000000000e+00
-1.822727732360363007e-03,-7.904056692495942116e-04,2.262893598526716232e-03,9.736340725794434547e-04,1.668419502675533295e-02,-2.973274386022239923e-04,1.722015440464019775e-02,3.778286278247833252e-03,6.264289468526840210e-02,1.777715282514691353e-03,6.264289468526840210e-02,2.344945212826132774e-03,0.000000000000000000e+00,0.000000000000000000e+00,0.000000000000000000e+00,0.000000000000000000e+00,-7.488335948437452316e-03,1.063853735104203224e-03,8.669608272612094879e-03,2.583088818937540054e-03,5.322257429361343384e-02,1.361875608563423157e-02,1.153400167822837830e-01,2.948475256562232971e-02,4.847961068153381348e-01,-2.526294440031051636e-02,4.847961068153381348e-01,2.928165532648563385e-02,0.000000000000000000e+00,0.000000000000000000e+00,0.000000000000000000e+00,0.000000000000000000e+00,-3.088302401010878384e-05,2.637059893459081650e-03,5.035670939832925797e-03,3.670833306387066841e-03,1.090624090284109116e-02,7.206839509308338165e-03,8.672393113374710083e-02,2.326400019228458405e-02,4.924076199531555176e-01,-7.464769296348094940e-03,4.924076199531555176e-01,2.122424170374870300e-02,0.000000000000000000e+00,0.000000000000000000e+00,0.000000000000000000e+00,0.000000000000000000e+00,-1.923397758218925446e-05,2.586542395874857903e-04,4.484637465793639421e-04,3.779565158765763044e-04,3.841844387352466583e-03,-4.184426798019558191e-04,6.866735871881246567e-03,1.645338255912065506e-03,6.663899868726730347e-02,-5.799328791908919811e-04,6.663899868726730347e-02,1.064584823325276375e-03,0.000000000000000000e+00,0.000000000000000000e+00,0.000000000000000000e+00,0.000000000000000000e+00
1.142162010073661804e-01,2.901069261133670807e-02,1.162904426455497742e-01,2.952817268669605255e-02,3.679910302162170410e-02,7.199248299002647400e-03,3.712190315127372742e-02,1.410500891506671906e-02,0.000000000000000000e+00,0.000000000000000000e+00,0.000000000000000000e+00,0.000000000000000000e+00,0.000000000000000000e+00,0.000000000000000000e+00,0.000000000000000000e+00,0.000000000000000000e+00,4.922896921634674072e-01,1.585786044597625732e-01,4.985108971595764160e-01,1.598298251628875732e-01,-1.153655350208282471e-02,-9.802648425102233887e-02,2.006776481866836548e-01,2.146860659122467041e-01,1.036591753363609314e-01,-1.036591753363609314e-01,1.036591753363609314e-01,1.036591753363609314e-01,0.000000000000000000e+00,0.000000000000000000e+00,0.000000000000000000e+00,0.000000000000000000e+00,2.456008046865463257e-01,5.431462451815605164e-02,2.481377273797988892e-01,5.685154721140861511e-02,-6.472717225551605225e-02,1.007731258869171143e-01,2.278632521629333496e-01,2.001122683286666870e-01,1.273977905511856079e-01,1.020641624927520752e-01,1.273977905511856079e-01,1.020641624927520752e-01,0.000000000000000000e+00,0.000000000000000000e+00,0.000000000000000000e+00,0.000000000000000000e+00,1.319385319948196411e-02,3.907747566699981689e-03,1.319385319948196411e-02,4.393557086586952209e-03,1.141440705396234989e-03,2.505170879885554314e-03,3.678365843370556831e-03,3.274064278230071068e-03,0.000000000000000000e+00,0.000000000000000000e+00,0.000000000000000000e+00,0.000000000000000000e+00,0.000000000000000000e+00,0.000000000000000000e+00,0.000000000000000000e+00,0.000000000000000000e+00
-1.007130194921046495e-04,5.174451507627964020e-04,1.007130194921046495e-04,5.577533738687634468e-04,-5.559886246919631958e-02,-4.658212885260581970e-03,6.921578198671340942e-02,6.806156598031520844e-03,1.993322744965553284e-02,2.625060733407735825e-03,2.329391799867153168e-02,5.396656226366758347e-03,1.905695535242557526e-03,5.127480835653841496e-04,1.905695535242557526e-03,5.496796220541000366e-04,-1.772506628185510635e-03,7.361798547208309174e-03,1.772506628185510635e-03,7.361798547208309174e-03,-4.303618669509887695e-01,-2.996418252587318420e-02,4.487136602401733398e-01,5.172822251915931702e-02,2.041531503200531006e-01,-9.438837878406047821e-03,2.041531503200531006e-01,2.698207087814807892e-02,1.297685224562883377e-02,4.808627709280699492e-04,1.297685224562883377e-02,1.044651493430137634e-03,-1.479159807786345482e-03,5.357745569199323654e-03,1.479159807786345482e-03,7.461715023964643478e-03,-3.896808326244354248e-01,-1.405781134963035583e-02,5.352683067321777344e-01,8.807228505611419678e-02,1.679299324750900269e-01,1.736090704798698425e-02,1.741549372673034668e-01,6.327012926340103149e-02,1.067445147782564163e-02,-2.057042904198169708e-03,1.067445147782564163e-02,2.129803411662578583e-03,-7.207838643807917833e-05,2.487642050255089998e-04,3.111906989943236113e-04,8.180844015441834927e-04,-3.853202983736991882e-02,-2.763860626146197319e-03,6.774649769067764282e-02,9.638744406402111053e-03,7.872074842453002930e-03,-3.340679686516523361e-04,2.265273034572601318e-02,8.364081382751464844e-03,2.287795068696141243e-03,3.227734996471554041e-04,2.287795068696141243e-03,5.167433992028236389e-04
6.899064173921942711e-04,-1.122473404393531382e-04,8.076949743553996086e-04,1.258953270735219121e-04,8.101462386548519135e-03,6.674345931969583035e-04,1.322113163769245148e-02,1.168558257631957531e-03,7.135398685932159424e-02,8.847946301102638245e-04,7.135398685932159424e-02,1.810334506444633007e-03,-1.461335250496631488e-05,-1.765329398040194064e-05,4.430658009368926287e-05,3.701676541822962463e-05,4.570076242089271545e-03,7.065714453347027302e-05,5.769623909145593643e-03,1.564686535857617855e-03,6.135152280330657959e-02,-1.058787852525711060e-02,6.846550852060317993e-02,2.057521790266036987e-02,5.022711753845214844e-01,1.814876124262809753e-02,5.022711753845214844e-01,2.148650586605072021e-02,0.000000000000000000e+00,0.000000000000000000e+00,0.000000000000000000e+00,0.000000000000000000e+00,8.369985967874526978e-03,-2.108972286805510521e-03,8.952752687036991119e-03,2.628127112984657288e-03,9.050746262073516846e-02,1.665818877518177032e-02,9.933682531118392944e-02,2.500931173563003540e-02,4.724858105182647705e-01,-2.985765226185321808e-03,4.724858105182647705e-01,2.112455293536186218e-02,0.000000000000000000e+00,0.000000000000000000e+00,0.000000000000000000e+00,0.000000000000000000e+00,1.928134937770664692e-03,-3.126140218228101730e-04,2.030704868957400322e-03,3.268147702328860760e-04,1.706979237496852875e-02,-6.555066211149096489e-04,1.995234005153179169e-02,2.279946347698569298e-03,6.473404169082641602e-02,3.994556609541177750e-03,6.473404169082641602e-02,4.178725648671388626e-03,0.000000000000000000e+00,0.000000000000000000e+00,0.000000000000000000e+00,0.000000000000000000e+00
-1.337197492830455303e-03,-6.821691931691020727e-05,1.372584374621510506e-03,1.902495860122144222e-04,-2.050832379609346390e-03,-2.896757505368441343e-04,6.898812483996152878e-03,2.072142437100410461e-03,3.870854154229164124e-02,3.099950216710567474e-02,6.335745006799697876e-02,4.157989099621772766e-02,-6.396440323442220688e-03,-1.973424805328249931e-03,6.586029659956693649e-03,4.122153855860233307e-03,-1.069028582423925400e-02,7.397985318675637245e-04,1.151044946163892746e-02,2.311066491529345512e-03,9.567307680845260620e-02,9.704696014523506165e-03,1.360641568899154663e-01,3.711365163326263428e-02,7.291557639837265015e-02,-8.549815393052995205e-04,6.628705263137817383e-01,1.297021061182022095e-01,8.019364322535693645e-04,-1.203311403514817357e-04,8.494395762681961060e-03,1.068425644189119339e-02,-9.560307487845420837e-03,-4.165417340118438005e-04,9.824875742197036743e-03,2.474735956639051437e-03,1.091660857200622559e-01,-1.038234774023294449e-02,1.693911254405975342e-01,3.093162924051284790e-02,5.744126439094543457e-02,-2.379107289016246796e-03,6.550709605216979980e-01,1.287494152784347534e-01,-1.105833915062248707e-03,8.684439817443490028e-04,8.964582346379756927e-03,1.087918411940336227e-02,-1.336154993623495102e-03,-7.026920502539724112e-05,1.351809594780206680e-03,3.223142994102090597e-04,-3.786199027672410011e-03,1.149882562458515167e-03,6.563234142959117889e-03,2.897944068536162376e-03,5.018503591418266296e-02,-2.578116208314895630e-02,6.485933810472488403e-02,4.134448990225791931e-02,-7.249132264405488968e-03,8.301873691380023956e-03,8.328376337885856628e-03,9.306252002716064453e-03
2.686848456505686045e-04,-4.694750823546200991e-04,3.171441203448921442e-04,4.694750823546200991e-04,-6.133901420980691910e-03,-2.625430934131145477e-03,8.299234323203563690e-03,2.639946527779102325e-03,6.505357474088668823e-02,-8.843371761031448841e-04,6.505357474088668823e-02,1.904653618112206459e-03,0.000000000000000000e+00,0.000000000000000000e+00,0.000000000000000000e+00,0.000000000000000000e+00,5.398590583354234695e-04,-1.966357463970780373e-03,8.878819644451141357e-04,2.011133823543787003e-03,-5.324167013168334961e-02,-1.214252319186925888e-02,7.037306576967239380e-02,1.354855485260486603e-02,4.749764800071716309e-01,-4.875110462307929993e-03,4.749764800071716309e-01,1.964253559708595276e-02,0.000000000000000000e+00,0.000000000000000000e+00,0.000000000000000000e+00,0.000000000000000000e+00,-1.786610955605283380e-04,-1.515190349891781807e-03,9.307434083893895149e-04,1.524361898191273212e-03,-5.697503685951232910e-02,-2.051957324147224426e-02,7.283326983451843262e-02,2.051957324147224426e-02,5.051877498626708984e-01,1.244662888348102570e-02,5.051877498626708984e-01,1.925563812255859375e-02,0.000000000000000000e+00,0.000000000000000000e+00,0.000000000000000000e+00,0.000000000000000000e+00,-2.281064080307260156e-04,-2.444518613629043102e-04,2.281064080307260156e-04,2.444518613629043102e-04,-7.412815466523170471e-03,-7.436301093548536301e-04,8.286120370030403137e-03,1.005815225653350353e-03,7.479164749383926392e-02,2.978233387693762779e-04,7.479164749383926392e-02,1.520793186500668526e-03,6.592441422981210053e-06,-2.579002511993166991e-06,6.592441422981210053e-06,6.592441422981210053e-06
-1.007130194921046495e-04,5.174451507627964020e-04,1.007130194921046495e-04,5.577533738687634468e-04,-5.559886246919631958e-02,-4.658212885260581970e-03,6.921578198671340942e-02,6.806156598031520844e-03,1.993322744965553284e-02,2.625060733407735825e-03,2.329391799867153168e-02,5.396656226366758347e-03,1.905695535242557526e-03,5.127480835653841496e-04,1.905695535242557526e-03,5.496796220541000366e-04,-1.772506628185510635e-03,7.361798547208309174e-03,1.772506628185510635e-03,7.361798547208309174e-03,-4.303618669509887695e-01,-2.996418252587318420e-02,4.487136602401733398e-01,5.172822251915931702e-02,2.041531503200531006e-01,-9.438837878406047821e-03,2.041531503200531006e-01,2.698207087814807892e-02,1.297685224562883377e-02,4.808627709280699492e-04,1.297685224562883377e-02,1.044651493430137634e-03,-1.479159807786345482e-03,5.357745569199323654e-03,1.479159807786345482e-03,7.461715023964643478e-03,-3.896808326244354248e-01,-1.405781134963035583e-02,5.352683067321777344e-01,8.807228505611419678e-02,1.679299324750900269e-01,1.736090704798698425e-02,1.741549372673034668e-01,6.327012926340103149e-02,1.067445147782564163e-02,-2.057042904198169708e-03,1.067445147782564163e-02,2.129803411662578583e-03,-7.207838643807917833e-05,2.487642050255089998e-04,3.111906989943236113e-04,8.180844015441834927e-04,-3.853202983736991882e-02,-2.763860626146197319e-03,6.774649769067764282e-02,9.638744406402111053e-03,7.872074842453002930e-03,-3.340679686516523361e-04,2.265273034572601318e-02,8.364081382751464844e-03,2.287795068696141243e-03,3.227734996471554041e-04,2.287795068696141243e-03,5.167433992028236389e-04
9.433829836780205369e-05,-1.109541626647114754e-03,6.650081486441195011e-04,2.272702753543853760e-03,3.895225469022989273e-03,3.148163203150033951e-03,7.582736201584339142e-03,9.640420787036418915e-03,2.082588337361812592e-02,4.085859283804893494e-03,3.150822222232818604e-02,1.488271821290254593e-02,2.203321643173694611e-02,-6.985820364207029343e-04,2.312025427818298340e-02,1.253115478903055191e-02,2.388782799243927002e-03,-1.833259942941367626e-03,3.141557099297642708e-03,1.082984544336795807e-02,2.070160210132598877e-02,1.956920698285102844e-02,5.876703187823295593e-02,8.909510821104049683e-02,4.184989333152770996e-01,-5.473101977258920670e-03,4.822888076305389404e-01,3.357849717140197754e-01,7.584993541240692139e-02,-1.335974317044019699e-02,1.331057399511337280e-01,1.107403635978698730e-01,0.000000000000000000e+00,0.000000000000000000e+00,0.000000000000000000e+00,0.000000000000000000e+00,1.704642735421657562e-02,-4.342247918248176575e-02,5.105539038777351379e-02,4.342247918248176575e-02,3.570916652679443359e-01,9.621285647153854370e-02,4.238147437572479248e-01,2.112817764282226562e-01,1.054229438304901123e-01,3.178721666336059570e-02,1.313259303569793701e-01,8.759079873561859131e-02,0.000000000000000000e+00,0.000000000000000000e+00,0.000000000000000000e+00,0.000000000000000000e+00,0.000000000000000000e+00,0.000000000000000000e+00,0.000000000000000000e+00,0.000000000000000000e+00,1.004813462495803833e-01,-9.470779448747634888e-03,1.101559996604919434e-01,2.062112092971801758e-02,1.409602165222167969e-02,4.665238782763481140e-03,1.795455254614353180e-02,1.297583617269992828e-02
