5.846682470291852951e-03,-1.282008714042603970e-03,7.773187942802906036e-03,2.072236966341733932e-03,1.423117052763700485e-02,6.961014587432146072e-03,6.644752621650695801e-02,8.057197555899620056e-03,3.095357678830623627e-02,-3.112608799710869789e-03,3.738077729940414429e-02,2.986879460513591766e-02,2.895113080739974976e-03,-1.101282984018325806e-02,3.240474499762058258e-03,1.336233969777822495e-02,4.314051195979118347e-02,1.353259780444204807e-03,4.496356472373008728e-02,2.891937829554080963e-02,1.987649351358413696e-01,8.827342838048934937e-02,5.763570666313171387e-01,1.949886828660964966e-01,3.631597012281417847e-02,-8.426365256309509277e-02,1.728354096412658691e-01,3.391711711883544922e-01,7.153641432523727417e-03,-1.269928412511944771e-03,1.685190014541149139e-02,5.109817162156105042e-02,-3.578738076612353325e-03,-4.124563187360763550e-03,2.212946489453315735e-02,1.380544528365135193e-02,1.857394427061080933e-01,-1.109076365828514099e-01,3.883076012134552002e-01,1.573050469160079956e-01,-7.882855832576751709e-02,-7.360655814409255981e-02,2.563305497169494629e-01,3.071768879890441895e-01,-3.308883460704237223e-04,-1.636175252497196198e-02,1.485359109938144684e-02,8.285439759492874146e-02,-9.997176937758922577e-03,-5.458066705614328384e-03,1.094892993569374084e-02,5.662085488438606262e-03,1.860356517136096954e-02,-1.701239263638854027e-03,7.953926175832748413e-02,1.674268767237663269e-02,4.156553372740745544e-02,-7.999762892723083496e-03,4.229022935032844543e-02,1.317705400288105011e-02,-2.289420954184606671e-04,-1.278584706597030163e-03,2.289420954184606671e-04,2.976619871333241463e-03
6.681568338535726070e-04,-4.677432007156312466e-04,1.372820930555462837e-03,6.358246901072561741e-04,3.530987724661827087e-02,1.749513857066631317e-02,3.535662591457366943e-02,1.776584610342979431e-02,-2.842984348535537720e-02,6.593076512217521667e-03,3.229239583015441895e-02,7.538887672126293182e-03,4.852206984651274979e-05,9.341809200122952461e-04,4.852206984651274979e-05,1.301566022448241711e-03,1.326084602624177933e-02,7.599775679409503937e-03,1.537003926932811737e-02,8.253445848822593689e-03,3.633666634559631348e-01,-2.053388021886348724e-02,3.950647115707397461e-01,8.276065438985824585e-02,-2.858258187770843506e-01,1.050075665116310120e-01,2.942388057708740234e-01,1.303680390119552612e-01,2.112825459334999323e-04,-8.680982515215873718e-03,3.255397896282374859e-04,1.177127752453088760e-02,5.264568608254194260e-03,3.049923980142921209e-04,7.320901844650506973e-03,1.096613332629203796e-02,3.329839706420898438e-01,-6.895061582326889038e-02,3.735950291156768799e-01,1.073653846979141235e-01,-1.997991800308227539e-01,-1.856810003519058228e-01,2.901521921157836914e-01,2.724980115890502930e-01,-7.104785181581974030e-04,1.666810363531112671e-02,1.027907361276447773e-03,3.647493198513984680e-02,1.504451618529856205e-03,1.990888966247439384e-03,2.727308776229619980e-03,2.738519571721553802e-03,-9.854184463620185852e-03,-4.662617109715938568e-03,2.160620875656604767e-02,8.473736234009265900e-03,5.700608715415000916e-03,-9.585002437233924866e-03,1.034098863601684570e-02,1.326441019773483276e-02,1.370434765703976154e-04,-3.332633757963776588e-03,1.413381105521693826e-04,3.559006843715906143e-03
1.712859841063618660e-03,2.536196028813719749e-03,1.712859841063618660e-03,2.794135827571153641e-03,-2.134265610948204994e-03,-1.138918567448854446e-02,2.733499184250831604e-02,1.933642104268074036e-02,5.652438104152679443e-02,-2.145287021994590759e-02,7.746749371290206909e-02,4.390224814414978027e-02,-7.454039528965950012e-03,-1.317703165113925934e-02,1.099177449941635132e-02,1.710333675146102905e-02,2.538470923900604248e-02,-3.258021175861358643e-02,2.623603120446205139e-02,3.700083494186401367e-02,1.987832337617874146e-01,8.526358753442764282e-02,3.404609262943267822e-01,2.346867918968200684e-01,-1.012401282787322998e-01,2.043210715055465698e-02,3.700583577156066895e-01,2.867228090763092041e-01,1.574676111340522766e-02,-1.114609185606241226e-02,2.942005917429924011e-02,2.978110313415527344e-02,6.651572883129119873e-03,8.168402127921581268e-04,8.687049150466918945e-03,9.186917915940284729e-03,3.199915587902069092e-01,-1.999514698982238770e-01,3.397630453109741211e-01,2.185177952051162720e-01,-2.319243252277374268e-01,-1.793745011091232300e-01,3.026202023029327393e-01,2.119571268558502197e-01,2.974430657923221588e-02,-8.969541639089584351e-03,2.974430657923221588e-02,1.180433481931686401e-02,1.203083375003188848e-04,-1.456841942854225636e-03,2.433778019621968269e-03,2.741964533925056458e-03,3.355363849550485611e-03,-2.301018871366977692e-02,3.355363849550485611e-03,2.429935336112976074e-02,2.574686706066131592e-02,-7.464355789124965668e-03,2.574686706066131592e-02,1.543093007057905197e-02,1.691518467850983143e-03,2.834710758179426193e-04,1.751436386257410049e-03,1.744030276313424110e-03
6.293661426752805710e-03,-5.328591214492917061e-04,6.297910585999488831e-03,1.554383314214646816e-03,-8.222335600294172764e-04,1.625781320035457611e-02,1.934560760855674744e-02,2.358854189515113831e-02,2.740491926670074463e-02,1.347673218697309494e-02,3.561359271407127380e-02,2.688972093164920807e-02,0.000000000000000000e+00,7.248966954648494720e-03,0.000000000000000000e+00,7.981499657034873962e-03,4.727809131145477295e-02,7.255339733092114329e-05,5.244168266654014587e-02,1.048036199063062668e-02,1.014132946729660034e-01,-1.660024076700210571e-01,1.887714266777038574e-01,2.240488529205322266e-01,2.863334119319915771e-01,3.425455838441848755e-02,3.197543323040008545e-01,1.778669208288192749e-01,0.000000000000000000e+00,3.606497193686664104e-04,0.000000000000000000e+00,1.557700801640748978e-02,1.164047233760356903e-02,7.729567121714353561e-03,4.565508291125297546e-02,1.434796489775180817e-02,4.442130401730537415e-02,1.168353185057640076e-01,2.390648871660232544e-01,1.582177579402923584e-01,3.039631247520446777e-01,-2.470557764172554016e-02,6.424822211265563965e-01,1.614194214344024658e-01,0.000000000000000000e+00,-3.153229877352714539e-02,0.000000000000000000e+00,3.730846941471099854e-02,-3.334472188726067543e-03,3.537292359396815300e-03,3.941184375435113907e-03,4.592080600559711456e-03,5.623015016317367554e-02,4.184562712907791138e-02,5.937236919999122620e-02,4.428539425134658813e-02,-3.052802942693233490e-02,1.944580674171447754e-02,5.387807264924049377e-02,2.020719461143016815e-02,0.000000000000000000e+00,3.594024572521448135e-03,0.000000000000000000e+00,3.594024572521448135e-03
-7.197186932899057865e-04,-4.428027023095637560e-04,8.270515245385468006e-04,4.479282652027904987e-04,2.635185793042182922e-02,1.959951967000961304e-02,2.650520019233226776e-02,1.990607567131519318e-02,6.341878790408372879e-03,2.021880075335502625e-02,1.867896132171154022e-02,2.677537314593791962e-02,-2.275862498208880424e-03,1.463450840674340725e-03,2.872991142794489861e-03,2.328957431018352509e-03,-2.065622946247458458e-03,6.984537933021783829e-03,5.195923615247011185e-03,7.543216925114393234e-03,4.151063561439514160e-01,1.733483076095581055e-01,4.151063561439514160e-01,1.802215576171875000e-01,-1.803541928529739380e-01,1.051211077719926834e-02,2.458096891641616821e-01,2.676715850830078125e-01,-2.916116453707218170e-02,-2.160369604825973511e-02,2.916116453707218170e-02,2.559386007487773895e-02,4.373356932774186134e-05,-4.706024657934904099e-03,6.347839720547199249e-03,8.114085532724857330e-03,2.517367601394653320e-01,-1.305958777666091919e-01,2.517367601394653320e-01,1.484459638595581055e-01,-2.798297107219696045e-01,-2.116959989070892334e-01,2.798297107219696045e-01,2.211800515651702881e-01,-1.357136014848947525e-02,-8.834183216094970703e-03,1.377174071967601776e-02,1.061599515378475189e-02,3.706697898451238871e-04,-4.514844040386378765e-04,1.860260032117366791e-03,1.227932749316096306e-03,3.294165432453155518e-02,5.504813976585865021e-03,3.452856466174125671e-02,6.103286985307931900e-03,-3.299694135785102844e-02,-1.166023779660463333e-03,3.299694135785102844e-02,6.848954595625400543e-03,-1.928162411786615849e-03,1.470649382099509239e-03,1.928162411786615849e-03,1.739201718010008335e-03
-2.114810195052996278e-04,6.128864479251205921e-04,3.225737484171986580e-03,2.007180592045187950e-03,8.460148237645626068e-04,9.381720796227455139e-03,3.324091061949729919e-02,2.688511274755001068e-02,-1.429770700633525848e-02,-4.785928130149841309e-02,3.174534440040588379e-02,5.473680421710014343e-02,1.687728567048907280e-03,2.612638287246227264e-03,2.719952259212732315e-03,3.050213679671287537e-03,8.490481413900852203e-03,-2.338401973247528076e-02,1.917833276093006134e-02,2.523298189043998718e-02,6.987874209880828857e-02,-5.461866501718759537e-03,3.611044287681579590e-01,2.788182497024536133e-01,-5.102543160319328308e-02,2.306315302848815918e-01,2.482831180095672607e-01,3.369858860969543457e-01,7.286313455551862717e-03,1.074018655344843864e-05,9.046040475368499756e-03,1.179267559200525284e-02,1.312128826975822449e-02,-2.764542587101459503e-04,1.765768975019454956e-02,2.528108097612857819e-02,1.079762279987335205e-01,-8.363076299428939819e-02,2.354867458343505859e-01,2.602241039276123047e-01,-1.963986307382583618e-01,-2.951488196849822998e-01,2.513688206672668457e-01,4.587470889091491699e-01,1.558160409331321716e-02,-2.307633124291896820e-02,1.558160409331321716e-02,2.307633124291896820e-02,-6.874296232126653194e-04,7.412179838865995407e-04,1.278673531487584114e-03,1.293039880692958832e-03,6.174537353217601776e-03,9.222189895808696747e-03,1.468180585652589798e-02,1.634418405592441559e-02,2.510611084289848804e-04,-5.779200582765042782e-04,1.909359917044639587e-02,2.706260234117507935e-02,-3.006159793585538864e-03,3.817043965682387352e-03,4.413622431457042694e-03,5.499574355781078339e-03
1.445100177079439163e-03,-1.097951317206025124e-03,1.481577171944081783e-03,1.275175833143293858e-03,2.531339228153228760e-02,-9.324780665338039398e-03,2.847484126687049866e-02,1.031432766467332840e-02,-2.425803802907466888e-02,5.316752009093761444e-03,3.284073993563652039e-02,6.805289536714553833e-03,-1.331806997768580914e-03,3.184465094818733633e-05,1.627029152587056160e-03,6.152189453132450581e-04,7.175803184509277344e-03,8.648732677102088928e-03,7.753049489110708237e-03,1.620364747941493988e-02,3.283681273460388184e-01,4.590400680899620056e-02,3.924208581447601318e-01,9.529054909944534302e-02,-2.744755148887634277e-01,1.552463620901107788e-01,3.074277341365814209e-01,1.969694942235946655e-01,-3.890291322022676468e-03,5.969920661300420761e-03,1.652369275689125061e-02,1.119307707995176315e-02,-5.385573487728834152e-03,-9.066690690815448761e-03,6.189719308167695999e-03,1.166572142392396927e-02,2.020809203386306763e-01,-1.237862855195999146e-01,2.201809287071228027e-01,1.320714354515075684e-01,-6.144155561923980713e-02,-1.043232530355453491e-01,5.008807778358459473e-01,3.101645112037658691e-01,1.778270117938518524e-02,-5.144248250871896744e-03,3.184961155056953430e-02,1.543607562780380249e-02,-3.224037645850330591e-04,-8.125812164507806301e-04,6.691181333735585213e-04,1.213423209264874458e-03,3.249671775847673416e-03,-6.017968989908695221e-03,8.685664273798465729e-03,6.017968989908695221e-03,3.214564546942710876e-02,-1.514533627778291702e-02,4.676803573966026306e-02,2.172825857996940613e-02,-6.609037984162569046e-03,3.431288292631506920e-03,9.090144187211990356e-03,4.779477138072252274e-03
-6.925925612449645996e-03,1.850679633207619190e-03,6.925925612449645996e-03,2.065635286271572113e-03,2.070040442049503326e-02,4.784715827554464340e-03,2.391017973423004150e-02,1.008337922394275665e-02,3.631361201405525208e-02,-2.016689395532011986e-03,3.639831766486167908e-02,9.484962560236454010e-03,-1.595091423951089382e-03,6.414640229195356369e-04,2.015734324231743813e-03,1.088868710212409496e-03,-6.457810103893280029e-02,1.790434122085571289e-02,6.622342020273208618e-02,2.485869452357292175e-02,3.936277702450752258e-02,7.233577221632003784e-02,1.849538385868072510e-01,2.090269923210144043e-01,3.185463845729827881e-01,3.732001781463623047e-02,3.517795205116271973e-01,2.232620418071746826e-01,3.874251851812005043e-03,3.271761583164334297e-03,2.271361090242862701e-02,1.741998270153999329e-02,-1.475237030535936356e-02,-1.557645481079816818e-02,3.660063818097114563e-02,3.476171195507049561e-02,-1.366088539361953735e-01,1.576913744211196899e-01,2.387744188308715820e-01,2.836561501026153564e-01,4.001664519309997559e-01,1.181409060955047607e-01,4.644690155982971191e-01,1.996408402919769287e-01,1.010316237807273865e-02,1.084136683493852615e-02,1.628829538822174072e-02,1.539809256792068481e-02,2.540905494242906570e-03,1.939484383910894394e-03,4.089544992893934250e-03,3.655408509075641632e-03,-1.142365159466862679e-03,-1.872842898592352867e-03,4.662086442112922668e-02,4.087300226092338562e-02,4.641863331198692322e-02,2.811636030673980713e-02,4.842975735664367676e-02,3.063018806278705597e-02,1.008522929623723030e-03,1.129926415160298347e-03,3.190340939909219742e-03,1.770197297446429729e-03
-4.437937866896390915e-03,-4.258386790752410889e-03,6.925772875547409058e-03,4.962326958775520325e-03,8.555779349990189075e-04,-8.617474697530269623e-03,1.419016439467668533e-02,1.971996575593948364e-02,4.438950493931770325e-02,-1.510488614439964294e-02,4.438950493931770325e-02,2.204371429979801178e-02,9.228075854480266571e-03,-2.698033349588513374e-03,9.696258231997489929e-03,3.094752551987767220e-03,-1.827578991651535034e-02,-1.443644147366285324e-02,2.431652508676052094e-02,4.246414825320243835e-02,1.526267379522323608e-01,1.547355502843856812e-01,2.087146937847137451e-01,2.530148923397064209e-01,2.009530365467071533e-01,1.008512675762176514e-01,3.150880932807922363e-01,2.833954691886901855e-01,4.160068556666374207e-02,-6.010202225297689438e-03,4.726741462945938110e-02,1.697793044149875641e-02,2.367820218205451965e-02,2.514282613992691040e-02,4.616238549351692200e-02,5.870191752910614014e-02,3.152257204055786133e-02,-1.388708204030990601e-01,2.823153436183929443e-01,3.583825826644897461e-01,3.134588301181793213e-01,1.038808077573776245e-01,4.187863171100616455e-01,2.511161863803863525e-01,-4.202815238386392593e-03,2.214603358879685402e-03,1.528258621692657471e-02,1.496607903391122818e-02,-2.568680094555020332e-03,-4.035891033709049225e-03,2.595883095636963844e-03,4.402076825499534607e-03,-2.751798601821064949e-03,-9.301463142037391663e-03,6.665433757007122040e-03,9.301463142037391663e-03,7.293017208576202393e-02,-5.870492756366729736e-02,7.942371815443038940e-02,6.058479100465774536e-02,-4.731316876132041216e-04,3.934695268981158733e-04,2.517116488888859749e-03,1.466590911149978638e-03
1.326885423623025417e-03,-1.384247210808098316e-03,1.524292165413498878e-03,1.655183499678969383e-03,3.877858072519302368e-02,-3.641824424266815186e-02,3.877858072519302368e-02,3.641824424266815186e-02,3.540526330471038818e-02,1.444559916853904724e-02,3.692547231912612915e-02,1.854774542152881622e-02,4.791436076629906893e-04,7.779177394695580006e-04,1.728444942273199558e-03,1.440108870156109333e-03,6.020316854119300842e-03,-5.330530460923910141e-03,9.548406116664409637e-03,8.836189284920692444e-03,4.517425298690795898e-01,1.184169724583625793e-01,4.544377923011779785e-01,1.770842224359512329e-01,1.902481168508529663e-01,6.270150095224380493e-02,2.259515374898910522e-01,6.983955949544906616e-02,-8.678893558681011200e-03,-5.928666214458644390e-04,1.406687777489423752e-02,8.240298368036746979e-03,1.443758141249418259e-02,7.192727643996477127e-03,1.610375940799713135e-02,1.132038049399852753e-02,3.593569993972778320e-01,1.473518610000610352e-01,3.782427906990051270e-01,2.248068600893020630e-01,1.185500100255012512e-01,-1.257946491241455078e-01,1.434276103973388672e-01,1.971679031848907471e-01,-3.589413827285170555e-03,-1.112935319542884827e-02,1.181971933692693710e-02,1.344330888241529465e-02,8.377118967473506927e-03,7.134064566344022751e-03,8.714667521417140961e-03,7.134064566344022751e-03,2.167006023228168488e-02,2.526826597750186920e-02,2.841974422335624695e-02,2.706183493137359619e-02,-3.525422187522053719e-03,1.607816293835639954e-02,6.504799239337444305e-03,2.140105888247489929e-02,2.883291745092719793e-04,4.806566576007753611e-04,1.282842946238815784e-03,1.180274994112551212e-03
6.592799327336251736e-04,-1.224397128680720925e-04,1.311280182562768459e-03,6.409443449229001999e-04,8.021030575037002563e-02,-2.905434556305408478e-02,8.514337241649627686e-02,3.626617789268493652e-02,5.544919986277818680e-03,-2.636729273945093155e-03,8.585789240896701813e-03,4.058394581079483032e-03,3.483055334072560072e-04,-2.078823890769854188e-04,3.483055334072560072e-04,2.362071827519685030e-04,4.898702260106801987e-03,-1.022454816848039627e-03,5.427406169474124908e-03,4.629112314432859421e-03,3.516488373279571533e-01,-7.207943499088287354e-02,3.752177655696868896e-01,9.759956598281860352e-02,2.939316630363464355e-01,-4.093573614954948425e-02,3.016078174114227295e-01,5.211564898490905762e-02,1.107981952372938395e-04,-3.821426944341510534e-04,5.350382998585700989e-03,4.595052450895309448e-03,4.821673501282930374e-03,-1.004018727689981461e-02,7.762544322758913040e-03,1.010092068463563919e-02,3.230194151401519775e-01,6.928123533725738525e-02,3.252008855342864990e-01,1.153543144464492798e-01,3.419042229652404785e-01,2.330557629466056824e-02,3.979192674160003662e-01,6.998072564601898193e-02,-8.692029514349997044e-04,-9.010818321257829666e-04,8.005396462976932526e-03,3.015637397766113281e-03,2.636537654325366020e-03,1.059617940336465836e-02,2.651790389791131020e-03,1.059617940336465836e-02,4.781555011868476868e-02,6.574103981256484985e-02,4.790776968002319336e-02,6.574103981256484985e-02,1.046237815171480179e-02,2.615503035485744476e-03,1.182642113417387009e-02,3.925685305148363113e-03,3.146989911329001188e-04,2.368714340263977647e-04,7.962684612721204758e-04,3.073077823501080275e-04
9.488052874803543091e-02,2.734392695128917694e-02,9.530678391456604004e-02,2.834993414580821991e-02,1.137443855404853821e-01,3.465018793940544128e-02,1.160422861576080322e-01,4.153028130531311035e-02,6.010623765178024769e-04,3.655569744296371937e-04,6.597930332645773888e-04,3.655569744296371937e-04,2.280086337123066187e-04,6.102359475335106254e-05,3.499142476357519627e-04,3.225986438337713480e-04,5.170006752014160156e-01,2.450969517230987549e-01,5.170006752014160156e-01,2.456002980470657349e-01,9.900687634944915771e-02,-6.292522698640823364e-02,2.581514120101928711e-01,1.801529377698898315e-01,6.186514720320701599e-02,-5.512848496437072754e-02,6.186514720320701599e-02,7.997731864452362061e-02,3.473524702712893486e-03,4.115562420338392258e-03,3.473524702712893486e-03,4.249772988259792328e-03,1.118003875017166138e-01,8.774658292531967163e-02,1.128577440977096558e-01,9.785655885934829712e-02,-1.411497872322797775e-02,1.182958558201789856e-01,1.752488017082214355e-01,2.108063101768493652e-01,1.034809798002243042e-01,6.906314939260482788e-02,1.034809798002243042e-01,8.832690864801406860e-02,0.000000000000000000e+00,0.000000000000000000e+00,0.000000000000000000e+00,0.000000000000000000e+00,-4.491629952099174261e-04,5.817629862576723099e-04,1.591878244653344154e-03,8.438563672825694084e-04,2.285250229761004448e-03,5.003464408218860626e-03,2.285250229761004448e-03,5.003464408218860626e-03,3.332560183480381966e-03,7.492648903280496597e-03,4.558436572551727295e-03,7.492648903280496597e-03,5.595682887360453606e-05,2.153323584934696555e-04,5.595682887360453606e-05,2.153323584934696555e-04
1.574716530740261078e-02,9.992792271077632904e-03,1.747275702655315399e-02,1.358358282595872879e-02,4.169368185102939606e-03,7.615839131176471710e-03,3.903190046548843384e-02,2.322545088827610016e-02,2.838183008134365082e-02,9.793858975172042847e-03,2.895730920135974884e-02,2.533537894487380981e-02,1.329742488451302052e-03,3.083278425037860870e-03,1.408244250342249870e-03,3.213845891878008842e-03,-3.477936238050460815e-02,2.128322422504425049e-02,6.724708527326583862e-02,4.364471137523651123e-02,2.622590065002441406e-01,-4.609909281134605408e-02,4.658176898956298828e-01,3.676591217517852783e-01,2.304740548133850098e-01,8.295886218547821045e-02,2.528084814548492432e-01,1.452596485614776611e-01,2.134535927325487137e-03,7.363572251051664352e-03,7.206702604889869690e-03,1.619827188551425934e-02,1.206206995993852615e-02,-1.895247772336006165e-02,2.830981090664863586e-02,3.255509212613105774e-02,1.833690404891967773e-01,-3.009238746017217636e-03,4.632933437824249268e-01,1.716068238019943237e-01,2.254517674446105957e-01,-1.835111528635025024e-02,2.500678002834320068e-01,1.227192953228950500e-01,9.376819944009184837e-04,1.820628065615892410e-03,1.124576386064291000e-02,2.750278450548648834e-02,3.423966118134558201e-04,1.660184119828045368e-03,4.913417622447013855e-03,8.585750125348567963e-03,3.941489011049270630e-02,1.260483264923095703e-02,5.335426703095436096e-02,1.439163926988840103e-02,3.707721829414367676e-02,1.281348895281553268e-02,3.970987349748611450e-02,1.888402923941612244e-02,9.354520007036626339e-04,-5.116242682561278343e-04,1.177015132270753384e-03,1.266603590920567513e-03
-1.864711870439350605e-03,2.710000262595713139e-04,2.726995153352618217e-03,6.629226263612508774e-04,1.541091594845056534e-02,3.270870540291070938e-03,5.617503821849822998e-02,1.209071278572082520e-02,-2.314413711428642273e-02,3.456798382103443146e-03,6.983900070190429688e-02,1.196040865033864975e-02,5.829785950481891632e-04,-3.773114585783332586e-04,1.293662120588123798e-03,7.779203006066381931e-04,-5.662540439516305923e-03,-4.437346942722797394e-03,1.551969721913337708e-02,6.413133349269628525e-03,-2.511414289474487305e-01,-1.256650090217590332e-01,2.904910147190093994e-01,1.821151077747344971e-01,1.751746237277984619e-01,-2.932319231331348419e-02,3.319860398769378662e-01,2.389746159315109253e-01,3.567032283172011375e-03,-4.562183748930692673e-03,1.545003801584243774e-02,1.929616183042526245e-02,-3.585462644696235657e-02,-9.711365215480327606e-03,4.221139103174209595e-02,2.050812169909477234e-02,-2.741744518280029297e-01,1.104373335838317871e-01,4.135953187942504883e-01,2.761959135532379150e-01,2.790812551975250244e-01,-1.311625540256500244e-02,3.358994126319885254e-01,2.046276926994323730e-01,2.250035107135772705e-02,1.250619161874055862e-02,2.751130238175392151e-02,1.967803947627544403e-02,-4.604059271514415741e-03,-5.233354400843381882e-03,4.656488075852394104e-03,5.362042225897312164e-03,-4.287530481815338135e-02,-4.153100028634071350e-02,6.048297509551048279e-02,5.341328680515289307e-02,7.170657068490982056e-02,2.492620423436164856e-02,7.194426655769348145e-02,2.506908588111400604e-02,-1.020953175611793995e-03,-2.755142668320331722e-05,1.047167694196105003e-03,6.998117314651608467e-04
-2.514848485589027405e-03,1.729164214339107275e-04,2.989982953295111656e-03,4.320110601838678122e-04,4.635469056665897369e-03,2.920955594163388014e-04,3.830856084823608398e-02,8.193107205443084240e-04,3.766587469726800919e-03,-1.845912920543923974e-04,2.885832265019416809e-02,7.039532065391540527e-04,0.000000000000000000e+00,0.000000000000000000e+00,0.000000000000000000e+00,0.000000000000000000e+00,-1.067301630973815918e-02,4.500672512222081423e-04,1.301025599241256714e-02,3.700886620208621025e-03,1.100246310234069824e-01,-3.240481764078140259e-02,4.931675195693969727e-01,8.768313378095626831e-02,-7.089451700448989868e-02,8.007565047591924667e-04,2.991574406623840332e-01,1.073258072137832642e-01,0.000000000000000000e+00,8.634963072836399078e-03,0.000000000000000000e+00,1.413337141275405884e-02,-9.989351965487003326e-03,2.240866888314485550e-03,1.471742894500494003e-02,5.241480190306901932e-03,2.238933742046356201e-01,3.370307758450508118e-02,6.835935115814208984e-01,1.027306243777275085e-01,-1.321222633123397827e-01,6.418802589178085327e-02,2.284067273139953613e-01,1.205423846840858459e-01,0.000000000000000000e+00,-8.530748076736927032e-03,0.000000000000000000e+00,2.764883078634738922e-02,-4.508707206696271896e-03,-5.216913414187729359e-04,5.764754023402929306e-03,1.175987883470952511e-03,2.921429835259914398e-02,-2.452688291668891907e-03,5.581680685281753540e-02,1.252795662730932236e-02,-2.349191717803478241e-02,-3.138706088066101074e-02,4.081869870424270630e-02,3.140419721603393555e-02,0.000000000000000000e+00,-3.130740253254771233e-03,0.000000000000000000e+00,3.221179591491818428e-03
0.000000000000000000e+00,0.000000000000000000e+00,0.000000000000000000e+00,0.000000000000000000e+00,-3.091719467192888260e-03,-3.209422342479228973e-03,3.323192009702324867e-03,3.209422342479228973e-03,1.199793652631342411e-03,-3.218115307390689850e-03,8.684086613357067108e-03,3.218115307390689850e-03,5.819995421916246414e-04,-9.371028281748294830e-04,6.002530572004616261e-04,9.371028281748294830e-04,9.036339470185339451e-04,1.339526730589568615e-03,4.092393442988395691e-03,4.712477326393127441e-03,1.617469787597656250e-01,1.497856080532073975e-01,2.262331396341323853e-01,1.913685202598571777e-01,-1.172578111290931702e-01,3.182808160781860352e-01,1.693752408027648926e-01,3.297108709812164307e-01,-4.231314640492200851e-03,-4.313253331929445267e-03,7.361611351370811462e-03,1.475625392049551010e-02,6.693625357002019882e-03,-2.646420616656541824e-03,1.130285952240228653e-02,7.869596593081951141e-03,4.529060125350952148e-01,-6.621941179037094116e-02,5.223044157028198242e-01,1.035794317722320557e-01,-1.298464983701705933e-01,1.020027175545692444e-01,1.719576269388198853e-01,2.074061036109924316e-01,-4.440072551369667053e-02,4.634701088070869446e-02,4.494253173470497131e-02,4.706065356731414795e-02,-5.997273256070911884e-04,-5.855440977029502392e-04,7.075353641994297504e-04,9.190666023641824722e-04,2.306263893842697144e-02,-1.442462019622325897e-02,3.215559199452400208e-02,1.977859437465667725e-02,4.310231283307075500e-02,-2.845306694507598877e-02,5.610039085149765015e-02,3.424643725156784058e-02,-1.836138428188860416e-03,-2.477424859534949064e-04,2.597412792965769768e-03,2.656971802935004234e-03
-2.021888270974159241e-03,-1.328044920228421688e-03,2.753288950771093369e-03,1.777672208845615387e-03,-2.646803390234708786e-03,-1.102430000901222229e-02,6.368918716907501221e-02,1.710068434476852417e-02,1.105513074435293674e-03,-1.292182039469480515e-02,3.274916484951972961e-02,1.424394454807043076e-02,2.194708213210105896e-03,-3.298535302747040987e-04,3.618326969444751740e-03,1.195842400193214417e-03,4.206411540508270264e-02,1.341754291206598282e-02,5.536600947380065918e-02,2.805744856595993042e-02,1.417380273342132568e-01,7.693435996770858765e-02,4.348468482494354248e-01,2.837360203266143799e-01,-2.029312402009963989e-01,2.199241369962692261e-01,3.790954649448394775e-01,2.304518222808837891e-01,-4.168123006820678711e-03,-7.135940250009298325e-03,1.940243691205978394e-02,1.350840739905834198e-02,1.101547386497259140e-02,1.117081474512815475e-02,1.965414918959140778e-02,2.499429322779178619e-02,1.398845762014389038e-01,-1.051124110817909241e-01,3.335438668727874756e-01,2.231360524892807007e-01,-2.092140316963195801e-01,-2.055743038654327393e-01,2.695315778255462646e-01,2.276576012372970581e-01,6.750307045876979828e-03,-5.364645272493362427e-03,1.331341173499822617e-02,1.006894093006849289e-02,2.312738914042711258e-03,8.572645019739866257e-04,4.579415079206228256e-03,2.709120512008666992e-03,-2.049545943737030029e-02,3.880015341565012932e-03,2.084763906896114349e-02,1.409719698131084442e-02,3.324751975014805794e-03,6.843247916549444199e-03,2.039011754095554352e-02,1.684046722948551178e-02,-4.921580548398196697e-04,6.265614647418260574e-04,1.327513949945569038e-03,1.228928565979003906e-03
1.353117986582219601e-03,0.000000000000000000e+00,2.155619207769632339e-03,0.000000000000000000e+00,5.484399944543838501e-02,-4.487872138270176947e-05,5.484399944543838501e-02,4.487872138270176947e-05,2.358448319137096405e-02,0.000000000000000000e+00,3.300023823976516724e-02,0.000000000000000000e+00,-1.454694312997162342e-03,9.579675861459691077e-06,1.454694312997162342e-03,2.448754821671172976e-05,1.523303682915866375e-03,9.313917718827724457e-03,7.300164084881544113e-03,1.085178647190332413e-02,3.433886170387268066e-01,1.180038452148437500e-01,3.433886170387268066e-01,1.252866238355636597e-01,1.894704550504684448e-01,3.833695128560066223e-02,2.132326215505599976e-01,1.252766251564025879e-01,-1.778488047420978546e-02,7.873169146478176117e-03,1.778488047420978546e-02,1.211156975477933884e-02,-8.992998860776424408e-03,4.526458308100700378e-02,1.133312284946441650e-02,4.526458308100700378e-02,1.656396389007568359e-01,-5.276130139827728271e-02,2.620193064212799072e-01,2.683916091918945312e-01,3.281806111335754395e-01,-2.180030196905136108e-01,3.360998630523681641e-01,4.087153077125549316e-01,-1.874563656747341156e-02,1.600094325840473175e-02,2.746417932212352753e-02,2.827571891248226166e-02,-1.711936318315565586e-03,4.983975552022457123e-03,1.934629981406033039e-03,5.235423799604177475e-03,-2.642946131527423859e-02,6.292838603258132935e-02,2.683031931519508362e-02,6.720768660306930542e-02,3.379087662324309349e-03,3.630730882287025452e-02,2.532227337360382080e-02,5.041775479912757874e-02,5.292077083140611649e-03,-6.221140269190073013e-03,5.876954644918441772e-03,7.653456181287765503e-03
2.974349306896328926e-03,-3.264638362452387810e-03,2.983943559229373932e-03,3.274232614785432816e-03,1.541581656783819199e-02,-1.962093450129032135e-02,1.550273783504962921e-02,1.962093450129032135e-02,3.931133449077606201e-02,5.872249603271484375e-03,6.306613981723785400e-02,1.541266031563282013e-02,-6.550838705152273178e-03,2.322401385754346848e-03,7.377764675766229630e-03,2.407523570582270622e-03,-7.706751115620136261e-03,8.059541694819927216e-03,1.400926802307367325e-02,1.798338443040847778e-02,3.859813883900642395e-02,2.167767472565174103e-02,1.696523576974868774e-01,2.125920802354812622e-01,4.057540297508239746e-01,-1.859892457723617554e-01,5.063007473945617676e-01,1.985500454902648926e-01,1.598760485649108887e-02,2.085443586111068726e-02,3.881646320223808289e-02,2.254154533147811890e-02,2.767614647746086121e-02,2.778046578168869019e-02,3.066552989184856415e-02,2.778046578168869019e-02,-1.937025599181652069e-02,2.681280076503753662e-01,2.713949978351593018e-01,2.947271168231964111e-01,2.126581817865371704e-01,1.469081938266754150e-01,2.830561697483062744e-01,1.759397089481353760e-01,4.434710368514060974e-03,6.661396473646163940e-04,2.177906036376953125e-02,1.769228093326091766e-02,1.802035607397556305e-03,7.281692815013229847e-04,5.039432551711797714e-03,3.540724283084273338e-03,6.363304797559976578e-03,3.258437849581241608e-03,3.476595506072044373e-02,2.240729890763759613e-02,9.549107402563095093e-03,1.553965546190738678e-02,2.935810200870037079e-02,2.720818668603897095e-02,4.682410508394241333e-03,9.703327086754143238e-04,6.154507398605346680e-03,2.769744023680686951e-03
2.976604446303099394e-04,-5.457865190692245960e-04,1.539486926048994064e-03,8.970706840045750141e-04,4.178367555141448975e-02,-1.655217818915843964e-02,5.101544409990310669e-02,2.684588730335235596e-02,7.878352887928485870e-03,-3.225586609914898872e-03,2.384139411151409149e-02,1.726732403039932251e-02,-1.006736303679645061e-03,4.294316284358501434e-03,1.426847418770194054e-03,4.294316284358501434e-03,-8.161336299963295460e-04,4.511663224548101425e-03,1.220879331231117249e-02,1.246926840394735336e-02,2.669141627848148346e-02,-3.263648226857185364e-02,9.598214179277420044e-02,6.672541797161102295e-02,4.313126206398010254e-01,-4.838337376713752747e-02,4.483888447284698486e-01,7.761522382497787476e-02,4.447784449439495802e-04,1.403619535267353058e-02,4.374770447611808777e-03,1.403619535267353058e-02,-1.451592775993049145e-03,-2.846789313480257988e-03,4.779685288667678833e-03,5.681843962520360947e-03,3.711018012836575508e-03,3.180909203365445137e-03,1.065087988972663879e-01,5.479257926344871521e-02,5.139532089233398438e-01,1.142566353082656860e-01,5.165157318115234375e-01,1.177778467535972595e-01,6.495261099189519882e-03,9.685165248811244965e-03,6.495261099189519882e-03,9.685165248811244965e-03,-5.988215343677438796e-05,-1.714864338282495737e-04,1.002257558866403997e-04,2.364579704590141773e-04,3.096743114292621613e-02,1.202485244721174240e-02,3.146810084581375122e-02,1.246706116944551468e-02,5.647835135459899902e-02,1.682050339877605438e-02,5.884681642055511475e-02,1.682050339877605438e-02,9.985790820792317390e-04,1.493294839747250080e-03,1.074948231689631939e-03,1.531591638922691345e-03
1.946646079886704683e-04,-4.658417310565710068e-04,3.057907742913812399e-04,4.658417310565710068e-04,1.536262966692447662e-02,1.636147312819957733e-02,1.633220538496971130e-02,1.857702992856502533e-02,4.272632300853729248e-02,4.482237249612808228e-02,4.272632300853729248e-02,4.482237249612808228e-02,-2.149959793314337730e-03,-1.343834679573774338e-03,3.771618939936161041e-03,3.051711712032556534e-03,2.411173423752188683e-03,2.298220992088317871e-03,5.292669404298067093e-03,5.396877415478229523e-03,4.362761080265045166e-01,1.003467887639999390e-01,4.362761080265045166e-01,1.003467887639999390e-01,-8.449178934097290039e-02,-6.394242495298385620e-02,2.548689544200897217e-01,2.505077123641967773e-01,-3.654412925243377686e-02,-3.269673883914947510e-02,3.654412925243377686e-02,3.275019302964210510e-02,4.153516609221696854e-03,1.261619036085903645e-03,5.419802386313676834e-03,2.491790801286697388e-03,2.645442187786102295e-01,-1.460980176925659180e-01,2.674597799777984619e-01,1.460980176925659180e-01,-1.957937777042388916e-01,-3.037859201431274414e-01,1.969005167484283447e-01,3.037859201431274414e-01,-1.189660280942916870e-02,-1.066433917731046677e-02,1.221837289631366730e-02,1.071779616177082062e-02,-1.798390294425189495e-04,4.787632788065820932e-04,4.187101440038532019e-04,4.787632788065820932e-04,6.523562478832900524e-04,-3.350854385644197464e-03,2.927395515143871307e-03,7.869482040405273438e-03,8.362639346159994602e-04,-1.845865976065397263e-03,1.203959342092275620e-03,2.125022467225790024e-03,-3.478751459624618292e-04,1.698483974905684590e-04,3.684428520500659943e-04,1.698483974905684590e-04
4.966707434505224228e-03,6.495295383501797915e-05,4.966707434505224228e-03,1.908634323626756668e-03,9.826424531638622284e-03,-8.987965993583202362e-03,2.646019123494625092e-02,1.858072727918624878e-02,-1.370422821491956711e-02,-4.830863326787948608e-03,2.377818338572978973e-02,1.057658158242702484e-02,1.013332605361938477e-02,5.876495502889156342e-03,1.013332605361938477e-02,5.876495502889156342e-03,1.146942004561424255e-02,-1.983728073537349701e-02,1.378923747688531876e-02,2.139467559754848480e-02,3.020309209823608398e-01,-6.305565685033798218e-02,3.222916424274444580e-01,1.347220093011856079e-01,7.908430695533752441e-02,2.650505304336547852e-01,2.456089705228805542e-01,2.726152539253234863e-01,5.304660648107528687e-02,2.273458801209926605e-02,5.335985124111175537e-02,2.563501521944999695e-02,2.307569608092308044e-02,6.519368384033441544e-03,2.568435668945312500e-02,3.496937826275825500e-02,3.993370831012725830e-01,-6.408054381608963013e-03,4.024479687213897705e-01,9.865064173936843872e-02,2.699502408504486084e-01,5.153301730751991272e-02,2.774939537048339844e-01,2.333704233169555664e-01,1.130919065326452255e-02,1.340487319976091385e-02,2.389863505959510803e-02,1.933499798178672791e-02,4.361283965408802032e-03,-2.146958839148283005e-03,4.384445957839488983e-03,2.556422259658575058e-03,7.199055701494216919e-02,2.638405002653598785e-02,7.264573872089385986e-02,3.123223967850208282e-02,4.013669490814208984e-02,3.264052048325538635e-02,4.905851557850837708e-02,4.409320279955863953e-02,1.705312868580222130e-03,4.042298533022403717e-04,6.598724517971277237e-03,4.213238600641489029e-03
-1.574022171553224325e-04,1.217212411575019360e-04,9.043974569067358971e-04,5.087377503514289856e-04,2.255912171676754951e-03,-1.109901117160916328e-03,1.777353323996067047e-02,9.126689285039901733e-03,3.739099716767668724e-03,4.337042046245187521e-04,1.125970110297203064e-02,4.200095310807228088e-03,-1.004762452794238925e-04,-1.633053616387769580e-04,2.299048472195863724e-03,3.737444640137255192e-04,7.894267328083515167e-04,-2.614438999444246292e-03,1.300607807934284210e-02,6.573155988007783890e-03,2.739927768707275391e-01,2.027680575847625732e-01,2.827064096927642822e-01,2.027680575847625732e-01,-1.779300421476364136e-01,2.670706212520599365e-01,2.071023434400558472e-01,2.670706212520599365e-01,4.556581377983093262e-03,1.530292723327875137e-02,1.034094020724296570e-02,1.530292723327875137e-02,5.880722776055335999e-03,-4.235046450048685074e-03,8.914871141314506531e-03,9.401538409292697906e-03,3.536614477634429932e-01,-1.932550668716430664e-01,3.561726808547973633e-01,2.008133083581924438e-01,-2.203637510538101196e-01,-2.161228507757186890e-01,2.547760605812072754e-01,2.306991666555404663e-01,1.212914567440748215e-02,-2.063359133899211884e-03,1.527258940041065216e-02,4.310025367885828018e-03,2.620597369968891144e-03,-1.297378563322126865e-03,2.620597369968891144e-03,1.297378563322126865e-03,6.999357137829065323e-03,-7.192543707787990570e-03,8.586036972701549530e-03,9.844628162682056427e-03,9.300833567976951599e-03,-5.380954127758741379e-03,9.300833567976951599e-03,7.470872718840837479e-03,1.264135586097836494e-03,-5.326811806298792362e-04,1.308309379965066910e-03,5.768549162894487381e-04
-2.930681221187114716e-04,-1.351671293377876282e-03,3.102143818978220224e-04,1.416606013663113117e-03,-1.047857850790023804e-02,-5.433524493128061295e-03,1.810439862310886383e-02,6.147260777652263641e-03,3.354798629879951477e-02,5.647090729326009750e-03,8.156061917543411255e-02,1.563456282019615173e-02,-1.112345792353153229e-02,-3.145557362586259842e-03,1.224128995090723038e-02,3.172111231833696365e-03,5.268005188554525375e-04,3.154032165184617043e-03,1.343624433502554893e-03,5.622535943984985352e-03,-1.307481080293655396e-01,-2.341229701414704323e-03,1.452150493860244751e-01,1.939258165657520294e-02,1.867601573467254639e-01,-1.560447737574577332e-02,6.287359595298767090e-01,9.123371541500091553e-02,-1.880558207631111145e-02,-2.385248662903904915e-03,2.593144029378890991e-02,9.281195700168609619e-03,-1.074775122106075287e-03,-2.968113636597990990e-03,1.850839704275131226e-03,4.988918080925941467e-03,-9.248426556587219238e-02,-2.536164829507470131e-03,1.359088122844696045e-01,2.135371789336204529e-02,5.906928330659866333e-02,1.725869253277778625e-03,6.795282959938049316e-01,1.051668822765350342e-01,1.136608514934778214e-02,-1.055571832694113255e-03,1.256164535880088806e-02,1.229723356664180756e-02,-4.157748480793088675e-05,1.873679138952866197e-04,8.244344644481316209e-05,3.903050965163856745e-04,-7.728542666882276535e-03,6.425295141525566578e-04,9.723311290144920349e-03,1.584001118317246437e-03,3.286418039351701736e-03,-2.513405401259660721e-03,9.047982096672058105e-02,4.535984713584184647e-03,1.410842873156070709e-03,4.232984065311029553e-05,1.777431578375399113e-03,5.694574210792779922e-04
-9.229370625689625740e-04,-6.706687272526323795e-04,9.229370625689625740e-04,7.054652669467031956e-04,-8.567470358684659004e-04,6.747041828930377960e-03,1.151246577501296997e-02,2.114890888333320618e-02,9.772809222340583801e-03,-9.432767517864704132e-03,1.696680299937725067e-02,1.707820221781730652e-02,0.000000000000000000e+00,0.000000000000000000e+00,0.000000000000000000e+00,0.000000000000000000e+00,5.646995734423398972e-03,1.064400281757116318e-02,1.107581332325935364e-02,2.270395494997501373e-02,2.010639458894729614e-01,2.168619334697723389e-01,3.208057880401611328e-01,3.344940543174743652e-01,-2.597700059413909912e-01,2.770249545574188232e-01,3.232994377613067627e-01,3.099329173564910889e-01,3.144059097394347191e-03,2.879019593819975853e-04,3.144059097394347191e-03,3.144059097394347191e-03,0.000000000000000000e+00,0.000000000000000000e+00,0.000000000000000000e+00,0.000000000000000000e+00,1.172526255249977112e-01,-1.761486679315567017e-01,2.114705294370651245e-01,2.703818082809448242e-01,-1.769322454929351807e-01,-2.402308583259582520e-01,1.769322454929351807e-01,2.602137625217437744e-01,4.777357025886885822e-05,4.777357025886885822e-05,4.777357025886885822e-05,4.777357025886885822e-05,8.249873644672334194e-06,-2.654669151525013149e-05,2.654669151525013149e-05,2.654669151525013149e-05,0.000000000000000000e+00,0.000000000000000000e+00,0.000000000000000000e+00,0.000000000000000000e+00,-6.320174317806959152e-03,2.888212678954005241e-03,6.320174317806959152e-03,2.888212678954005241e-03,2.600761945359408855e-04,2.600761945359408855e-04,2.600761945359408855e-04,2.600761945359408855e-04
-1.345589989796280861e-03,-1.083404524251818657e-03,1.841760938987135887e-03,1.436081249266862869e-03,-1.875318400561809540e-02,-8.651570416986942291e-03,1.875318400561809540e-02,9.526439011096954346e-03,5.662408191710710526e-03,-6.960357073694467545e-03,8.317322470247745514e-03,7.202249951660633087e-03,-1.398762804456055164e-03,-3.546919673681259155e-03,1.447725109755992889e-03,3.951983992010354996e-03,1.145685687661170959e-01,-6.000415608286857605e-02,1.555193662643432617e-01,1.322409808635711670e-01,1.019125878810882568e-01,-1.032863408327102661e-01,3.977488875389099121e-01,2.046770751476287842e-01,-1.925989240407943726e-01,2.610166668891906738e-01,2.760986089706420898e-01,3.719625174999237061e-01,2.603965625166893005e-02,6.318233907222747803e-02,2.909392677247524261e-02,8.373536914587020874e-02,6.166721135377883911e-02,3.915347903966903687e-02,7.209144532680511475e-02,6.358042359352111816e-02,2.377705723047256470e-01,1.443178504705429077e-01,4.226313829421997070e-01,2.317498028278350830e-01,3.456946462392807007e-03,-5.857216566801071167e-02,1.476987600326538086e-01,1.854948699474334717e-01,-3.745462978258728981e-03,-2.499661222100257874e-02,1.174240652471780777e-02,2.909663133323192596e-02,3.254797309637069702e-03,-2.697660529520362616e-04,3.254797309637069702e-03,1.231486443430185318e-03,9.847098961472511292e-03,-1.212713867425918579e-02,1.725864410400390625e-02,1.363375689834356308e-02,1.124595385044813156e-02,-9.740829467773437500e-03,1.617285981774330139e-02,1.391039136797189713e-02,1.742381136864423752e-04,2.775768982246518135e-03,1.507354900240898132e-03,3.011392662301659584e-03
3.860318101942539215e-04,-5.625151679851114750e-04,7.603421108797192574e-04,1.359352725557982922e-03,5.247370153665542603e-02,7.439238019287586212e-03,5.270612239837646484e-02,1.041543483734130859e-02,-2.823236212134361267e-02,1.728344149887561798e-02,5.874335020780563354e-02,1.755184121429920197e-02,-9.698659414425492287e-04,2.967577311210334301e-04,1.012822263874113560e-03,3.565001243259757757e-04,6.015411578118801117e-03,9.632864035665988922e-03,7.115106564015150070e-03,1.345476880669593811e-02,4.061747491359710693e-01,4.419545456767082214e-02,4.071935415267944336e-01,7.554356008768081665e-02,-2.038320749998092651e-01,5.406630039215087891e-02,3.689420819282531738e-01,6.622517853975296021e-02,-7.095472887158393860e-03,-6.931325187906622887e-04,7.095472887158393860e-03,2.471681218594312668e-03,8.351189317181706429e-04,1.254790346138179302e-03,1.790347625501453876e-03,3.626990364864468575e-03,3.849817812442779541e-01,2.256942726671695709e-02,3.863426148891448975e-01,7.090999931097030640e-02,-1.158656328916549683e-01,4.729755222797393799e-02,3.671938180923461914e-01,7.719398289918899536e-02,-2.167304791510105133e-02,5.041764117777347565e-03,2.167304791510105133e-02,5.494496319442987442e-03,2.797661116346716881e-03,5.651589948683977127e-03,2.797661116346716881e-03,5.651589948683977127e-03,2.396681345999240875e-02,3.033176437020301819e-02,2.396681345999240875e-02,3.033176437020301819e-02,8.117135730572044849e-04,5.717013031244277954e-03,4.258349910378456116e-02,7.558198180049657822e-03,-7.232797332108020782e-03,1.710336655378341675e-03,7.236375007778406143e-03,1.744113164022564888e-03
7.878300675656646490e-05,-5.645941928378306329e-05,7.934965542517602444e-04,6.071361713111400604e-04,-2.709026681259274483e-03,1.159919193014502525e-03,1.935127750039100647e-02,7.102573756128549576e-03,2.290140464901924133e-02,-1.485632918775081635e-02,4.603073000907897949e-02,3.200730681419372559e-02,7.501372136175632477e-03,2.476464258506894112e-03,8.577997796237468719e-03,6.177737843245267868e-03,-9.570901165716350079e-04,3.106689837295562029e-04,7.607925683259963989e-03,6.851092446595430374e-03,1.238303333520889282e-01,1.554687917232513428e-01,1.528087854385375977e-01,1.760459244251251221e-01,2.176109254360198975e-01,3.793639242649078369e-01,3.408676385879516602e-01,4.050244390964508057e-01,1.049967482686042786e-02,1.915238052606582642e-02,2.151690050959587097e-02,2.532519213855266571e-02,4.023969173431396484e-03,-1.791158691048622131e-03,4.451422486454248428e-03,5.497338715940713882e-03,2.527869641780853271e-01,-1.080366075038909912e-01,2.772426903247833252e-01,2.186050117015838623e-01,2.622693777084350586e-01,-4.354404285550117493e-02,3.348674178123474121e-01,1.897526830434799194e-01,8.594999089837074280e-03,1.062690000981092453e-02,1.212912146002054214e-02,1.062690000981092453e-02,7.132948958314955235e-04,-4.539225483313202858e-04,7.132948958314955235e-04,5.157695850357413292e-04,5.680130049586296082e-02,7.437810301780700684e-03,5.680130049586296082e-02,1.650962792336940765e-02,2.651660144329071045e-02,1.726479828357696533e-02,2.711050398647785187e-02,1.937630027532577515e-02,7.217999664135277271e-04,-3.516020296956412494e-05,1.297447364777326584e-03,7.607622537761926651e-04
-3.150712655042298138e-05,-5.829398287460207939e-04,3.057036665268242359e-04,1.672991202212870121e-03,-3.063127514906227589e-04,2.639892278239130974e-03,3.541677491739392281e-03,5.238977260887622833e-03,7.072062790393829346e-02,-1.673999242484569550e-02,7.911476492881774902e-02,3.386491537094116211e-02,4.313202109187841415e-03,5.773896351456642151e-03,2.319938689470291138e-02,8.159751072525978088e-03,4.494551103562116623e-04,-3.384565206943079829e-05,4.494551103562116623e-04,2.150348387658596039e-03,3.546390309929847717e-02,9.513028897345066071e-03,9.434128552675247192e-02,9.386204183101654053e-02,3.808636367321014404e-01,6.158561259508132935e-02,4.789193570613861084e-01,1.488153040409088135e-01,8.580985665321350098e-02,-1.569277374073863029e-04,1.295413225889205933e-01,2.421747706830501556e-02,0.000000000000000000e+00,-1.058251364156603813e-03,0.000000000000000000e+00,1.058251364156603813e-03,2.600178122520446777e-02,-3.359558060765266418e-02,5.192474275827407837e-02,4.903526231646537781e-02,3.632724285125732422e-01,-1.041219756007194519e-01,5.099006295204162598e-01,2.709640860557556152e-01,4.069189727306365967e-02,-2.664909698069095612e-02,1.992342770099639893e-01,9.719376266002655029e-02,0.000000000000000000e+00,0.000000000000000000e+00,0.000000000000000000e+00,0.000000000000000000e+00,0.000000000000000000e+00,0.000000000000000000e+00,0.000000000000000000e+00,0.000000000000000000e+00,5.818379670381546021e-02,-5.214578006416559219e-03,5.818379670381546021e-02,1.202292181551456451e-02,-4.053705371916294098e-03,-7.587067782878875732e-03,2.639030292630195618e-02,9.774843230843544006e-03
3.237492346670478582e-04,-1.864952791947871447e-04,9.000313002616167068e-04,3.798834513872861862e-03,-4.105490073561668396e-02,-7.403305266052484512e-03,5.084387958049774170e-02,2.710706926882266998e-02,2.833884768187999725e-02,-1.473548822104930878e-02,5.552472546696662903e-02,3.619487956166267395e-02,-3.708292206283658743e-04,-2.986464241985231638e-04,5.495153018273413181e-04,4.461815697140991688e-04,-1.092927050194703043e-04,3.141721012070775032e-03,2.257934771478176117e-03,4.455613344907760620e-02,-1.384364664554595947e-01,-1.320614069700241089e-01,3.385349512100219727e-01,3.445377945899963379e-01,1.213102117180824280e-01,4.432859644293785095e-02,2.887623608112335205e-01,2.905571758747100830e-01,1.169257680885493755e-03,3.062981413677334785e-04,4.084136337041854858e-03,2.084739506244659424e-03,3.716317703947424889e-03,-3.286491334438323975e-02,5.290330387651920319e-03,4.961683228611946106e-02,-1.096015274524688721e-01,-8.102001622319221497e-03,4.227589666843414307e-01,3.920386135578155518e-01,1.281548887491226196e-01,-1.740512996912002563e-02,3.738095164299011230e-01,1.271210759878158569e-01,-7.036060560494661331e-04,-3.851313158520497382e-05,4.024309106171131134e-03,5.955453496426343918e-03,1.664855517446994781e-05,8.878267180989496410e-06,1.664855517446994781e-05,8.878267180989496410e-06,3.179751802235841751e-03,-3.758214786648750305e-02,2.443970181047916412e-02,3.838430717587471008e-02,1.715937815606594086e-02,-6.188755109906196594e-02,2.125563658773899078e-02,6.406497210264205933e-02,1.630087732337415218e-03,-8.575366809964179993e-03,1.987123861908912659e-03,8.652135729789733887e-03
-3.540729521773755550e-04,2.305130183231085539e-04,8.116326062008738518e-04,4.277339903637766838e-04,7.179962843656539917e-02,-1.156334020197391510e-02,8.174216002225875854e-02,1.473079901188611984e-02,1.690350286662578583e-02,-3.761366708204150200e-03,1.690350286662578583e-02,3.894600085914134979e-03,0.000000000000000000e+00,0.000000000000000000e+00,0.000000000000000000e+00,0.000000000000000000e+00,-2.330317161977291107e-03,3.521624719724059105e-03,1.725979521870613098e-02,1.944747939705848694e-02,3.426116406917572021e-01,-3.860259801149368286e-02,4.241331517696380615e-01,5.816019326448440552e-02,2.790139615535736084e-01,-2.605975046753883362e-02,2.796363830566406250e-01,2.752356603741645813e-02,3.289090236648917198e-04,-1.445322122890502214e-04,7.217109668999910355e-04,8.147016633301973343e-04,-6.081308051943778992e-02,6.935974955558776855e-02,6.086524203419685364e-02,6.952160596847534180e-02,1.731681376695632935e-01,1.387889534235000610e-01,4.118825197219848633e-01,1.762897223234176636e-01,3.503006696701049805e-01,9.401815012097358704e-03,3.512936234474182129e-01,4.763906076550483704e-02,-8.451323374174535275e-04,-9.939697338268160820e-04,1.172753050923347473e-03,1.244788407348096371e-03,1.069780319085111842e-05,2.536709653213620186e-04,2.239591412944719195e-04,2.998031268361955881e-04,-6.169268744997680187e-04,6.967706978321075439e-02,3.509413450956344604e-02,7.008645683526992798e-02,1.169022824615240097e-02,7.133018225431442261e-03,1.179188489913940430e-02,7.807205431163311005e-03,-2.104644081555306911e-04,8.554341911803930998e-05,2.187766513088718057e-04,1.778773148544132710e-04
1.460558967664837837e-03,-1.067070639692246914e-03,2.046663546934723854e-03,2.022518776357173920e-03,1.763584464788436890e-02,-1.591871725395321846e-03,3.875505551695823669e-02,1.195538230240345001e-02,2.123899571597576141e-02,2.282388973981142044e-03,2.349891141057014465e-02,1.123087666928768158e-02,6.765389698557555676e-04,3.101389855146408081e-03,1.869314350187778473e-03,3.101389855146408081e-03,2.046605385839939117e-02,1.927654445171356201e-02,2.172801829874515533e-02,2.095951139926910400e-02,1.932321935892105103e-01,2.247001677751541138e-01,2.660048305988311768e-01,2.247001677751541138e-01,-4.560233280062675476e-02,2.341391295194625854e-01,1.223883032798767090e-01,2.783114910125732422e-01,8.267872966825962067e-03,-5.293067079037427902e-03,1.357926521450281143e-02,1.690151914954185486e-02,-1.545841805636882782e-04,-1.153887342661619186e-02,2.234046347439289093e-02,1.701458916068077087e-02,3.875792026519775391e-01,-1.389635354280471802e-01,4.578985869884490967e-01,2.335360497236251831e-01,-1.709211915731430054e-01,-1.972779631614685059e-01,2.228157967329025269e-01,2.686271667480468750e-01,4.920723949908278883e-05,-5.116094369441270828e-03,1.966730505228042603e-02,4.180267825722694397e-02,-5.283931735903024673e-03,-2.564191119745373726e-03,5.454715341329574585e-03,3.081608098000288010e-03,3.191611031070351601e-03,-2.825478091835975647e-02,5.282519012689590454e-02,3.008040226995944977e-02,1.192488986998796463e-02,-4.316911101341247559e-02,2.390704862773418427e-02,4.739097878336906433e-02,1.497683813795447350e-03,-2.182027790695428848e-03,2.405979903414845467e-03,3.860404249280691147e-03
-1.395141147077083588e-02,9.840697050094604492e-03,1.454278640449047089e-02,9.987986646592617035e-03,2.579832635819911957e-02,-4.106517590116709471e-04,2.802271023392677307e-02,7.741428911685943604e-03,3.843105956912040710e-02,-9.746183641254901886e-03,5.059365183115005493e-02,1.104426477104425430e-02,2.777018817141652107e-04,-5.004560574889183044e-03,6.509670056402683258e-04,5.004560574889183044e-03,-1.640543043613433838e-01,9.090053290128707886e-02,1.925552487373352051e-01,9.268676489591598511e-02,1.311603188514709473e-02,1.808062046766281128e-01,3.952085971832275391e-01,1.808062046766281128e-01,1.457223892211914062e-01,9.870792739093303680e-03,2.146120071411132812e-01,7.011724263429641724e-02,-1.478249439969658852e-03,1.588672585785388947e-02,2.029858762398362160e-03,1.844388619065284729e-02,-9.238544106483459473e-02,3.474647644907236099e-03,1.314328908920288086e-01,2.447586320340633392e-02,-3.899082839488983154e-01,1.470860588597133756e-04,5.309785604476928711e-01,1.621804833412170410e-01,2.075164318084716797e-01,-1.042014211416244507e-01,2.075164318084716797e-01,1.175340265035629272e-01,2.085340209305286407e-03,-1.189045142382383347e-02,2.247356344014406204e-03,1.219426468014717102e-02,-2.677412237972021103e-03,2.933196723461151123e-03,1.070212293416261673e-02,3.907609265297651291e-03,-7.564199715852737427e-02,2.012552320957183838e-02,1.131455376744270325e-01,2.285551466047763824e-02,1.273718941956758499e-02,8.421191945672035217e-03,1.996755786240100861e-02,8.421191945672035217e-03,1.365432253805920482e-04,-7.405735959764569998e-05,1.597686496097594500e-04,2.899787505157291889e-04
2.144275413229479454e-06,3.664544550701975822e-03,2.460054929542820901e-05,4.938427358865737915e-03,-3.834465169347822666e-04,-5.533366929739713669e-03,2.429356612265110016e-02,1.699162647128105164e-02,5.297262221574783325e-02,-1.115853991359472275e-02,5.470367148518562317e-02,1.519599277526140213e-02,-2.846430987119674683e-03,-1.100943336496129632e-04,4.918801132589578629e-03,1.044899574480950832e-03,0.000000000000000000e+00,-6.541574839502573013e-03,0.000000000000000000e+00,2.173228003084659576e-02,-7.365608215332031250e-02,4.734104126691818237e-02,2.640055418014526367e-01,1.006559282541275024e-01,3.666741549968719482e-01,-6.261695921421051025e-02,3.666741549968719482e-01,6.303733587265014648e-02,-2.316863089799880981e-02,-2.592774573713541031e-03,3.023222461342811584e-02,7.375646382570266724e-03,0.000000000000000000e+00,4.798559844493865967e-02,0.000000000000000000e+00,4.798559844493865967e-02,-2.839515805244445801e-01,1.674652844667434692e-01,3.835897147655487061e-01,1.697270274162292480e-01,3.847300708293914795e-01,4.389983788132667542e-02,4.002339839935302734e-01,1.203308850526809692e-01,-1.635227911174297333e-02,1.245674677193164825e-02,2.389556542038917542e-02,1.494733057916164398e-02,0.000000000000000000e+00,0.000000000000000000e+00,0.000000000000000000e+00,0.000000000000000000e+00,-3.572183102369308472e-02,2.371958107687532902e-04,8.092716336250305176e-02,6.128659588284790516e-04,2.246781438589096069e-02,0.000000000000000000e+00,5.607801303267478943e-02,0.000000000000000000e+00,8.610447985120117664e-04,0.000000000000000000e+00,3.990709781646728516e-03,0.000000000000000000e+00
-1.729820942273363471e-04,-1.991453791561070830e-05,1.729820942273363471e-04,1.991453791561070830e-05,-4.285800969228148460e-04,-1.386307645589113235e-03,4.011517390608787537e-03,2.757035894319415092e-03,6.240936741232872009e-02,5.652375891804695129e-02,6.764156371355056763e-02,5.758134648203849792e-02,1.441454805899411440e-04,1.870226231403648853e-03,3.098122775554656982e-03,5.341072566807270050e-03,-2.787040139082819223e-04,2.419021184323355556e-04,2.787040139082819223e-04,2.899063692893832922e-04,2.327362298965454102e-01,4.968896880745887756e-02,2.391507774591445923e-01,8.148510009050369263e-02,2.772007286548614502e-01,-2.952013164758682251e-02,5.226304531097412109e-01,3.326174616813659668e-01,-7.877265103161334991e-03,-3.737267851829528809e-02,1.156322192400693893e-02,3.737267851829528809e-02,-1.681960653513669968e-03,9.665675315773114562e-05,1.707560149952769279e-03,9.494186961092054844e-04,1.934823691844940186e-01,-5.475272610783576965e-02,2.302581369876861572e-01,8.420129865407943726e-02,6.291493028402328491e-02,-2.758696675300598145e-01,3.231886327266693115e-01,3.374123275279998779e-01,3.041717223823070526e-03,-1.723041944205760956e-02,9.078873321413993835e-03,2.325806021690368652e-02,-8.839528163662180305e-05,-1.044652017299085855e-04,2.213023108197376132e-04,1.731173833832144737e-04,1.417535939253866673e-03,7.389092352241277695e-04,2.125425962731242180e-03,1.867223647423088551e-03,2.414186892565339804e-04,-6.198736838996410370e-03,5.574692972004413605e-03,8.090214803814888000e-03,-2.712453424464911222e-04,-3.152032848447561264e-03,4.740479926113039255e-04,3.335293615236878395e-03
-1.570418593473732471e-03,6.596689927391707897e-04,1.570418593473732471e-03,7.173747872002422810e-04,3.095602430403232574e-02,6.160152843222022057e-04,3.764852136373519897e-02,7.338453084230422974e-03,4.242911562323570251e-02,-9.171690791845321655e-03,4.576225578784942627e-02,1.032827142626047134e-02,5.825703556183725595e-05,1.584521523909643292e-04,2.720001793932169676e-04,4.426388186402618885e-04,-2.326497621834278107e-02,2.487216889858245850e-02,2.326497621834278107e-02,2.587348222732543945e-02,-1.372911687940359116e-02,4.989648237824440002e-03,8.801846951246261597e-02,8.697105199098587036e-02,4.199914038181304932e-01,-1.121524199843406677e-01,4.220398068428039551e-01,1.227417364716529846e-01,0.000000000000000000e+00,0.000000000000000000e+00,0.000000000000000000e+00,0.000000000000000000e+00,-1.748236268758773804e-02,3.855678066611289978e-02,1.791598275303840637e-02,3.855678066611289978e-02,-1.593594551086425781e-01,3.774842321872711182e-01,1.593594551086425781e-01,3.774842321872711182e-01,2.980559170246124268e-01,1.912034004926681519e-01,2.995198965072631836e-01,1.968948394060134888e-01,-1.468174858018755913e-03,-1.092997146770358086e-03,2.043554792180657387e-03,1.239769859239459038e-03,-9.282468236051499844e-04,-1.971116435015574098e-04,1.396179082803428173e-03,3.136585874017328024e-04,6.702695391140878201e-04,3.571286331862211227e-03,8.702434599399566650e-03,4.439671989530324936e-03,-2.027729293331503868e-03,4.094009753316640854e-03,3.836991963908076286e-03,4.205924458801746368e-03,-3.136831219308078289e-04,-1.725043875921983272e-05,4.925955436192452908e-04,5.346047692000865936e-05
2.117936685681343079e-02,6.809068378061056137e-03,2.536176517605781555e-02,7.724802941083908081e-03,1.509857829660177231e-02,4.583534609992057085e-05,5.642980337142944336e-02,8.083013817667961121e-03,-3.844996169209480286e-02,-8.541640825569629669e-03,7.156018912792205811e-02,1.423270441591739655e-02,0.000000000000000000e+00,0.000000000000000000e+00,0.000000000000000000e+00,0.000000000000000000e+00,1.069073006510734558e-01,3.525622561573982239e-02,1.241420805454254150e-01,4.532345756888389587e-02,1.757977157831192017e-01,-1.208812836557626724e-02,2.670633792877197266e-01,1.081127151846885681e-01,-1.848151832818984985e-01,4.975178092718124390e-02,2.314751148223876953e-01,1.288202553987503052e-01,-9.299434721469879150e-03,3.005821816623210907e-02,1.214085239917039871e-02,4.135841131210327148e-02,1.674555614590644836e-02,-4.471936263144016266e-03,6.793276965618133545e-02,2.858186326920986176e-02,2.694041728973388672e-01,-3.145132958889007568e-02,2.843787670135498047e-01,8.659554272890090942e-02,-4.131869673728942871e-01,-2.805538475513458252e-01,4.616543054580688477e-01,2.805538475513458252e-01,1.427529286593198776e-02,-5.215544626116752625e-02,1.427529286593198776e-02,5.215544626116752625e-02,3.065261524170637131e-03,1.619360293261706829e-03,1.044747419655323029e-02,2.399630146101117134e-03,3.302503749728202820e-02,7.920836214907467365e-04,3.754087537527084351e-02,6.761575117707252502e-03,-9.050913155078887939e-02,1.654609106481075287e-02,9.128287434577941895e-02,1.781305298209190369e-02,-6.505355122499167919e-04,9.077528957277536392e-04,1.080551417544484138e-03,4.070053808391094208e-03
0.000000000000000000e+00,-3.273067995905876160e-04,0.000000000000000000e+00,9.560973849147558212e-04,-1.157835475169122219e-03,-1.501973019912838936e-03,7.285910658538341522e-03,8.041233755648136139e-03,2.264242060482501984e-02,-7.702137343585491180e-03,4.829766601324081421e-02,3.304420784115791321e-02,1.681603491306304932e-03,-4.263152834028005600e-03,3.351775463670492172e-03,1.023666560649871826e-02,0.000000000000000000e+00,-2.042593900114297867e-03,0.000000000000000000e+00,1.999543234705924988e-02,-3.426903113722801208e-02,2.362136961892247200e-03,1.481628268957138062e-01,8.670298755168914795e-02,2.559481561183929443e-01,-4.845885187387466431e-02,5.012040138244628906e-01,2.593018710613250732e-01,2.380362711846828461e-02,2.588125411421060562e-03,5.256956815719604492e-02,8.948136866092681885e-02,0.000000000000000000e+00,4.271555226296186447e-03,0.000000000000000000e+00,4.094337671995162964e-02,-2.882031537592411041e-02,-6.518214475363492966e-03,1.069462820887565613e-01,1.351780444383621216e-01,2.965692877769470215e-01,1.164251044392585754e-01,5.022796988487243652e-01,4.075779318809509277e-01,-2.681709453463554382e-02,1.435861829668283463e-02,6.671749055385589600e-02,5.941478535532951355e-02,0.000000000000000000e+00,3.948354860767722130e-04,0.000000000000000000e+00,3.060190705582499504e-03,-2.025601919740438461e-03,2.870922675356268883e-03,1.173357293009757996e-02,7.925718091428279877e-03,3.138270229101181030e-02,-7.996118627488613129e-03,5.216210335493087769e-02,4.086804389953613281e-02,1.245815656147897243e-03,-7.110144011676311493e-03,2.865707734599709511e-03,1.502336375415325165e-02
8.389839204028248787e-04,-1.241385238245129585e-03,1.109521370381116867e-03,1.343483570963144302e-03,6.414927542209625244e-02,-3.577487170696258545e-02,6.414927542209625244e-02,3.577487170696258545e-02,1.628741994500160217e-02,-7.217030506581068039e-03,2.427573874592781067e-02,1.057445257902145386e-02,-1.820693432819098234e-05,-1.588862854987382889e-03,3.547303276718594134e-05,1.635604887269437313e-03,-1.337353046983480453e-02,4.456363618373870850e-02,1.740200817584991455e-02,4.563152417540550232e-02,1.028387546539306641e-01,3.627549484372138977e-02,1.441074013710021973e-01,1.744595617055892944e-01,4.437296688556671143e-01,-8.885035663843154907e-02,4.483453929424285889e-01,1.500806808471679688e-01,-4.997507669031620026e-03,1.527948188595473766e-03,5.756502505391836166e-03,3.942419309169054031e-03,-6.568225100636482239e-03,4.089756682515144348e-02,8.167924359440803528e-03,4.253132641315460205e-02,-6.213612481951713562e-02,4.298021793365478516e-01,1.227851361036300659e-01,4.298021793365478516e-01,1.777349114418029785e-01,1.272474676370620728e-01,1.801337152719497681e-01,1.403809338808059692e-01,-6.124860956333577633e-04,-7.858592434786260128e-04,4.076927434653043747e-03,6.921335589140653610e-03,-4.943373642163351178e-05,2.690795226953923702e-04,1.971598539967089891e-04,5.683242343366146088e-04,-2.609684132039546967e-03,3.188506467267870903e-03,3.928356338292360306e-03,3.612492932006716728e-03,4.943728446960449219e-03,4.104282706975936890e-03,6.095378194004297256e-03,4.131610039621591568e-03,1.638156209082808346e-05,-1.807006046874448657e-04,5.285641527734696865e-04,4.852939746342599392e-04
1.060845446772873402e-03,-2.840476554410997778e-05,1.123902504332363605e-03,5.373707390390336514e-04,6.444358080625534058e-02,-3.341374918818473816e-02,6.581375747919082642e-02,3.478392586112022400e-02,9.694701991975307465e-03,-2.473267260938882828e-03,9.797241538763046265e-03,3.008303698152303696e-03,1.611597981536760926e-04,3.679596702568233013e-04,1.611597981536760926e-04,3.679596702568233013e-04,1.285578822717070580e-03,-2.007884031627327204e-04,5.031117703765630722e-03,5.022088531404733658e-03,2.005670368671417236e-01,-4.391624778509140015e-02,2.471951991319656372e-01,1.044518947601318359e-01,3.805696666240692139e-01,-5.749548971652984619e-02,3.862513601779937744e-01,9.269402921199798584e-02,1.083200098946690559e-03,1.528340508230030537e-03,1.083200098946690559e-03,1.528340508230030537e-03,8.462008088827133179e-03,5.425692349672317505e-02,1.029965467751026154e-02,5.436078831553459167e-02,2.370115220546722412e-01,4.131310880184173584e-01,2.587104439735412598e-01,4.266931712627410889e-01,1.646600067615509033e-01,1.132294908165931702e-01,1.742946505546569824e-01,1.285993307828903198e-01,2.416568895569071174e-04,3.146470698993653059e-04,2.416568895569071174e-04,3.146470698993653059e-04,-2.488469472154974937e-04,1.253093127161264420e-03,4.845911462325602770e-04,1.320619718171656132e-03,2.341868821531534195e-03,1.123079098761081696e-03,3.242026548832654953e-03,5.494756624102592468e-03,4.268703050911426544e-04,4.268703050911426544e-04,4.268703050911426544e-04,4.268703050911426544e-04,2.593590761534869671e-04,-2.551034776843152940e-05,2.593590761534869671e-04,8.934125798987224698e-05
1.511311507783830166e-03,1.157808816060423851e-03,2.260727575048804283e-03,1.801998121663928032e-03,1.158044300973415375e-02,2.221152652055025101e-03,1.225302554666996002e-02,1.170738600194454193e-02,2.719407901167869568e-02,-2.665693312883377075e-02,2.719407901167869568e-02,2.665693312883377075e-02,3.975682891905307770e-03,-2.693820977583527565e-03,4.106922540813684464e-03,2.851950237527489662e-03,3.653076477348804474e-03,-2.693652873858809471e-03,3.748490940779447556e-03,8.862611837685108185e-03,1.884849071502685547e-01,8.595918118953704834e-02,2.638430893421173096e-01,1.534666270017623901e-01,-7.078965008258819580e-02,1.732243448495864868e-01,3.494634032249450684e-01,3.460763394832611084e-01,1.849129050970077515e-02,-2.729808539152145386e-02,3.176367282867431641e-02,3.341269120573997498e-02,-7.531417999416589737e-03,5.834518931806087494e-03,7.770427502691745758e-03,1.551352720707654953e-02,2.549852728843688965e-01,-1.289056092500686646e-01,2.633048295974731445e-01,2.007853835821151733e-01,-2.620143592357635498e-01,-2.820101082324981689e-01,3.368639945983886719e-01,3.507219552993774414e-01,3.055801987648010254e-02,-1.541498024016618729e-02,3.142246603965759277e-02,2.333834208548069000e-02,-6.146968225948512554e-04,2.469507162459194660e-04,1.056242501363158226e-03,5.108562181703746319e-04,2.592876786366105080e-03,-4.688742570579051971e-03,1.051332335919141769e-02,8.417457342147827148e-03,4.218398244120180607e-04,7.376613095402717590e-03,2.395845018327236176e-02,1.961695775389671326e-02,2.702165802475064993e-04,3.569361753761768341e-03,2.322759479284286499e-03,3.763264743611216545e-03
-6.582312053069472313e-04,-4.474390880204737186e-04,9.463570895604789257e-04,4.429829306900501251e-03,4.276406485587358475e-03,6.854477804154157639e-03,1.599068939685821533e-01,9.683604538440704346e-02,-1.109968032687902451e-02,-4.988532885909080505e-02,3.666472807526588440e-02,5.692109465599060059e-02,4.760737996548414230e-03,-6.762505508959293365e-04,5.216395482420921326e-03,8.840409573167562485e-04,4.668263718485832214e-03,1.112136431038379669e-02,5.169800482690334320e-03,8.624971657991409302e-02,-8.102374523878097534e-02,-2.063560038805007935e-01,3.325392603874206543e-01,4.998156428337097168e-01,2.194043844938278198e-01,9.291303902864456177e-02,3.654676377773284912e-01,2.786254286766052246e-01,1.619985513389110565e-02,-5.110258702188730240e-03,3.690604865550994873e-02,8.519616909325122833e-03,0.000000000000000000e+00,-1.281247567385435104e-02,0.000000000000000000e+00,1.089204251766204834e-01,9.798692166805267334e-02,1.915116980671882629e-02,2.382650971412658691e-01,2.537788450717926025e-01,1.496248543262481689e-01,-6.288405507802963257e-02,2.036286294460296631e-01,2.403483241796493530e-01,1.174595486372709274e-02,-1.362899318337440491e-03,2.968220040202140808e-02,1.703649200499057770e-02,0.000000000000000000e+00,-1.340525108389556408e-03,0.000000000000000000e+00,1.508943154476583004e-03,9.409984573721885681e-03,-5.505827255547046661e-03,1.092474628239870071e-02,8.474310860037803650e-03,1.535949390381574631e-02,1.977872569113969803e-03,1.557420194149017334e-02,2.812868682667613029e-03,1.592531800270080566e-03,-7.543287938460707664e-05,2.170100575312972069e-03,1.548474305309355259e-03
-7.149891927838325500e-03,5.528488662093877792e-03,1.197705790400505066e-02,6.074486766010522842e-03,-3.412294609006494284e-04,5.138833541423082352e-03,2.815875411033630371e-02,1.442653033882379532e-02,3.140740469098091125e-02,3.696352709084749222e-03,3.517308458685874939e-02,2.113011106848716736e-02,2.259212546050548553e-03,4.663542844355106354e-03,2.454818692058324814e-03,5.096886772662401199e-03,1.909228228032588959e-02,-5.501107312738895416e-03,5.375998094677925110e-02,2.321586012840270996e-02,8.394892513751983643e-02,2.173644900321960449e-01,2.933765053749084473e-01,2.953006029129028320e-01,1.784687340259552002e-01,1.213422343134880066e-01,2.998338341712951660e-01,2.147784978151321411e-01,-2.449173014611005783e-03,-1.926871389150619507e-02,1.424895692616701126e-02,4.730116948485374451e-02,1.519061625003814697e-03,-3.400660678744316101e-02,2.197805978357791901e-02,3.644534572958946228e-02,4.144286215305328369e-01,-1.590369045734405518e-01,5.204927325248718262e-01,2.182440459728240967e-01,-6.582280993461608887e-02,8.579283021390438080e-03,1.773176938295364380e-01,1.149340942502021790e-01,1.547892298549413681e-02,2.322317287325859070e-02,1.943520084023475647e-02,3.247431293129920959e-02,3.132486890535801649e-04,-8.911286713555455208e-04,1.596473040990531445e-03,1.821868121623992920e-03,5.518765002489089966e-02,1.893614232540130615e-02,5.639630556106567383e-02,2.497613802552223206e-02,1.320917904376983643e-02,1.580205373466014862e-02,1.702580600976943970e-02,3.698721900582313538e-02,-2.534817438572645187e-03,-5.955533124506473541e-04,3.009564941748976707e-03,3.844631370157003403e-03
4.808080848306417465e-03,1.339811482466757298e-03,4.825626965612173080e-03,1.852482557296752930e-03,6.878565996885299683e-02,4.495211876928806305e-03,6.878565996885299683e-02,7.391446735709905624e-03,4.211484047118574381e-04,1.484905485995113850e-03,4.436814226210117340e-03,1.762504689395427704e-03,2.270321856485679746e-04,-2.275301376357674599e-04,4.853700520470738411e-04,2.780882350634783506e-04,3.067306242883205414e-02,-5.030405707657337189e-03,3.111611865460872650e-02,9.957849979400634766e-03,4.913986921310424805e-01,-2.594792842864990234e-02,4.913986921310424805e-01,7.234387844800949097e-02,-4.169524181634187698e-03,2.378500625491142273e-02,3.227582573890686035e-02,4.388346150517463684e-02,2.346878172829747200e-03,1.285040198126807809e-04,3.499339800328016281e-03,1.564495498314499855e-03,1.548112183809280396e-02,3.472719108685851097e-03,2.250399999320507050e-02,1.377891097217798233e-02,4.827933311462402344e-01,2.602421492338180542e-02,4.827933311462402344e-01,1.089116036891937256e-01,2.667657285928726196e-02,-2.478710561990737915e-02,4.895599558949470520e-02,5.049279704689979553e-02,2.023955807089805603e-03,-3.349704784341156483e-04,2.131430665031075478e-03,6.485043559223413467e-04,3.570736851543188095e-03,-1.306423684582114220e-03,3.661347087472677231e-03,1.551249180920422077e-03,7.032096385955810547e-02,-2.054993296042084694e-03,7.032096385955810547e-02,7.108823396265506744e-03,1.043042939272709191e-04,7.681163842789828777e-04,1.407077885232865810e-03,1.743256463669240475e-03,3.762604319490492344e-04,1.421983906766399741e-04,4.116500203963369131e-04,3.245033731218427420e-04
1.010849373415112495e-03,-2.363213570788502693e-04,5.128116812556982040e-03,1.228018081746995449e-03,5.667966976761817932e-02,-8.703683502972126007e-03,6.186704337596893311e-02,1.319761853665113449e-02,7.859221659600734711e-03,-7.538529112935066223e-03,9.882173500955104828e-03,1.058338303118944168e-02,-5.398024339228868484e-03,2.503019990399479866e-03,5.407651886343955994e-03,2.619504695758223534e-03,7.531238254159688950e-03,-1.031301543116569519e-02,1.619638875126838684e-02,1.617011241614818573e-02,9.102696180343627930e-02,-7.520396262407302856e-03,3.295030593872070312e-01,1.464339345693588257e-01,3.324567973613739014e-01,-7.144488394260406494e-02,3.359653055667877197e-01,9.628158807754516602e-02,-8.532305248081684113e-03,3.383839037269353867e-03,9.456715546548366547e-03,5.203171167522668839e-03,2.468253858387470245e-02,2.618815563619136810e-02,2.661491371691226959e-02,2.922873385250568390e-02,-6.395274400711059570e-02,9.324063546955585480e-03,3.983174562454223633e-01,1.811943501234054565e-01,4.372214376926422119e-01,7.307394593954086304e-02,4.466565549373626709e-01,8.916618674993515015e-02,-6.028707139194011688e-04,6.713695474900305271e-04,3.653002902865409851e-03,3.751739626750349998e-03,1.691914745606482029e-03,-2.360390208195894957e-04,5.231325514614582062e-03,7.527519017457962036e-03,3.828404471278190613e-02,3.354994207620620728e-02,7.137796282768249512e-02,6.676125526428222656e-02,7.936638779938220978e-03,8.927778340876102448e-03,1.463112048804759979e-02,1.285813003778457642e-02,-7.823559571988880634e-04,-4.107239074073731899e-04,1.215060823597013950e-03,8.810422150418162346e-04
1.545433420687913895e-03,1.166458358056843281e-03,5.091806408017873764e-03,5.058029200881719589e-03,2.188631333410739899e-02,4.369959060568362474e-04,4.834416881203651428e-02,2.554492466151714325e-02,-5.068286322057247162e-03,4.297283012419939041e-03,2.524621598422527313e-02,3.242008015513420105e-02,1.098590902984142303e-03,6.606567185372114182e-03,2.847286174073815346e-03,6.766271777451038361e-03,-5.862090736627578735e-03,5.178059451282024384e-03,3.909167647361755371e-02,3.382858633995056152e-02,2.492397576570510864e-01,9.081220626831054688e-02,5.981473326683044434e-01,3.256595432758331299e-01,-6.340076774358749390e-02,7.682848954573273659e-04,2.908501625061035156e-01,2.174350917339324951e-01,-4.871858283877372742e-03,6.801422219723463058e-03,2.005082741379737854e-02,6.040440872311592102e-02,1.234614476561546326e-02,5.083224270492792130e-03,3.024908341467380524e-02,2.475744858384132385e-02,7.374995946884155273e-02,-1.334522478282451630e-02,3.235787451267242432e-01,2.422009408473968506e-01,-3.436399158090353012e-03,-2.024359256029129028e-02,2.539548277854919434e-01,2.704526185989379883e-01,5.298280622810125351e-03,-2.158492989838123322e-02,9.521723724901676178e-03,6.501033157110214233e-02,1.503533567301928997e-03,1.151697128079831600e-03,2.649076282978057861e-03,2.793781459331512451e-03,-1.884707249701023102e-02,-1.092694979161024094e-02,4.265126213431358337e-02,2.676604688167572021e-02,7.295112125575542450e-03,2.086326276184991002e-04,1.620655134320259094e-02,2.721334807574748993e-02,-1.439733896404504776e-03,3.810226218774914742e-03,2.781742485240101814e-03,5.370120517909526825e-03
3.037433780264109373e-04,-3.315828216727823019e-04,3.666210104711353779e-04,3.315828216727823019e-04,1.458689849823713303e-02,-4.025157075375318527e-03,1.465243473649024963e-02,9.047708474099636078e-03,8.134420961141586304e-02,-5.355292931199073792e-02,8.203595131635665894e-02,5.364927649497985840e-02,-2.789539285004138947e-04,-3.022842865902930498e-04,3.165070083923637867e-04,7.291293586604297161e-04,5.353495478630065918e-03,1.294494722969830036e-03,5.360706243664026260e-03,3.420679597184062004e-03,5.863416194915771484e-02,-7.462056353688240051e-03,7.280407100915908813e-02,5.946796387434005737e-02,4.716868400573730469e-01,5.756991356611251831e-02,5.018521547317504883e-01,1.304789483547210693e-01,-2.539513166993856430e-03,-4.276416730135679245e-03,5.831349641084671021e-03,6.441344972699880600e-03,5.610207444988191128e-04,-2.166523598134517670e-03,1.627834397368133068e-03,2.586283488199114799e-03,4.548180103302001953e-02,-1.764671318233013153e-02,4.686782509088516235e-02,4.266920685768127441e-02,4.398511946201324463e-01,-1.851524710655212402e-01,4.470537304878234863e-01,1.922911703586578369e-01,1.314034685492515564e-02,-1.044512819498777390e-02,1.674993522465229034e-02,1.303941104561090469e-02,3.617889015004038811e-04,-1.820141333155333996e-04,3.617889015004038811e-04,1.908224803628399968e-04,3.489250782877206802e-03,-1.182038336992263794e-03,3.489250782877206802e-03,1.672944752499461174e-03,1.501925662159919739e-02,-1.031935121864080429e-02,2.236019447445869446e-02,1.348213478922843933e-02,1.116675604134798050e-02,-9.381160140037536621e-03,1.117200870066881180e-02,9.381160140037536621e-03
4.949873546138405800e-04,7.592421607114374638e-04,8.787505794316530228e-04,1.227846369147300720e-03,-6.153511549200629815e-06,-3.602435754146426916e-04,1.225579623132944107e-02,7.630087900906801224e-03,8.767642080783843994e-03,-4.755069967359304428e-03,1.098566967993974686e-02,1.135630719363689423e-02,3.464165201876312494e-04,-5.755055099143646657e-06,5.259843892417848110e-04,1.738128048600628972e-04,-1.212031580507755280e-02,-2.695663599297404289e-03,1.638767682015895844e-02,1.863703131675720215e-02,3.267461359500885010e-01,1.663494408130645752e-01,3.312206268310546875e-01,2.143207788467407227e-01,-1.234120875597000122e-01,3.095865845680236816e-01,1.796640008687973022e-01,3.253813087940216064e-01,-1.733617112040519714e-02,9.178172796964645386e-03,2.868737094104290009e-02,1.840132474899291992e-02,3.422202309593558311e-03,9.833296760916709900e-03,7.990285754203796387e-03,9.833296760916709900e-03,1.723303645849227905e-01,-1.297657042741775513e-01,1.789523661136627197e-01,1.945780515670776367e-01,-1.257367879152297974e-01,-3.324696123600006104e-01,1.539942920207977295e-01,4.363143444061279297e-01,3.508570604026317596e-03,-9.258033707737922668e-03,8.076652884483337402e-03,1.977719180285930634e-02,2.253954153275117278e-04,2.113017981173470616e-04,2.253954153275117278e-04,2.113017981173470616e-04,5.992060992866754532e-03,1.284011639654636383e-03,5.992060992866754532e-03,1.284011639654636383e-03,4.370742477476596832e-03,2.906241454184055328e-03,5.527568049728870392e-03,2.906241454184055328e-03,1.107633070205338299e-04,1.262974692508578300e-03,1.107633070205338299e-04,1.262974692508578300e-03
6.823012605309486389e-03,-5.326968617737293243e-03,6.823012605309486389e-03,5.573743954300880432e-03,4.470269754528999329e-02,-3.238297766074538231e-03,4.470269754528999329e-02,2.175384201109409332e-02,1.886343210935592651e-02,1.465165428817272186e-02,1.886343210935592651e-02,1.465165428817272186e-02,2.055598888546228409e-03,1.982460496947169304e-03,2.055598888546228409e-03,1.982460496947169304e-03,2.169954217970371246e-02,7.571412250399589539e-03,2.270881086587905884e-02,1.249455474317073822e-02,4.083684682846069336e-01,-8.207964152097702026e-02,4.083684682846069336e-01,1.267086267471313477e-01,2.582209706306457520e-01,-4.712780192494392395e-02,2.582209706306457520e-01,1.021968945860862732e-01,1.994966529309749603e-02,1.758416555821895599e-02,1.994966529309749603e-02,1.758416555821895599e-02,2.876327186822891235e-02,-6.589164957404136658e-03,3.174055367708206177e-02,1.269103027880191803e-02,3.699302673339843750e-01,4.334186762571334839e-02,3.699302673339843750e-01,7.764156162738800049e-02,2.987402379512786865e-01,5.367488786578178406e-02,2.987402379512786865e-01,9.215854108333587646e-02,2.550634369254112244e-02,-9.747059084475040436e-04,2.564590238034725189e-02,8.539681322872638702e-03,-1.987603725865483284e-03,2.796310232952237129e-03,3.008236177265644073e-03,3.000437049195170403e-03,7.250825315713882446e-02,-1.275963615626096725e-02,7.259046286344528198e-02,1.320097874850034714e-02,4.009429365396499634e-02,9.673449210822582245e-03,4.009429365396499634e-02,1.199003122746944427e-02,2.236512955278158188e-03,-5.021831602789461613e-04,2.593898680061101913e-03,1.866581500507891178e-03
-1.927547855302691460e-03,-1.130871707573533058e-03,1.927547855302691460e-03,1.168978982605040073e-03,3.286882711108773947e-04,-1.609917962923645973e-03,8.971358649432659149e-03,6.936938501894474030e-03,-1.683032140135765076e-03,-3.441809909418225288e-03,3.052021842449903488e-03,4.197412170469760895e-03,1.404663344146683812e-04,-3.583257202990353107e-04,1.404663344146683812e-04,3.583257202990353107e-04,-1.817341707646846771e-02,6.018315907567739487e-03,2.044046111404895782e-02,7.377386093139648438e-03,2.274844050407409668e-01,1.937017440795898438e-01,2.544473409652709961e-01,2.145591378211975098e-01,-1.698955595493316650e-01,3.476418852806091309e-01,1.818521469831466675e-01,3.521230518817901611e-01,-6.651592906564474106e-03,1.465369667857885361e-02,1.021444145590066910e-02,1.898317039012908936e-02,-1.401510555297136307e-02,-1.048477645963430405e-02,1.825331337749958038e-02,1.429490651935338974e-02,3.959904611110687256e-01,-1.069938465952873230e-01,4.322247207164764404e-01,1.712970435619354248e-01,3.029044531285762787e-02,1.439383924007415771e-01,1.633134782314300537e-01,1.835236102342605591e-01,-3.114834055304527283e-02,4.514760896563529968e-02,3.114834055304527283e-02,4.646744579076766968e-02,-1.178337610326707363e-03,-7.436412270180881023e-04,2.368802437558770180e-03,1.815380062907934189e-03,7.506008446216583252e-02,-2.024239674210548401e-02,9.555252641439437866e-02,2.024239674210548401e-02,2.913855947554111481e-02,-7.012370042502880096e-03,3.454128280282020569e-02,1.516897231340408325e-02,-7.002896163612604141e-03,3.344324184581637383e-03,7.002896163612604141e-03,3.645707853138446808e-03
